customer_id,customer_name,region,signup_date
1,Customer_1,North,07-04-2023
2,Customer_2,South,04-10-2020
3,Customer_3,East,17-11-2019
4,Customer_4,East,17-12-2020
5,Customer_5,East,28-11-2019
6,Customer_6,North,05-04-2021
7,Customer_7,East,15-04-2022
8,Customer_8,North,20-02-2019
9,Customer_9,East,04-05-2022
10,Customer_10,South,14-03-2018
11,Customer_11,South,09-01-2020
12,Customer_12,North,29-02-2020
13,Customer_13,West,08-09-2020
14,Customer_14,West,16-03-2020
15,Customer_15,North,20-10-2019
16,Customer_16,South,20-04-2018
17,Customer_17,West,13-05-2019
18,Customer_18,East,19-10-2022
19,Customer_19,West,08-07-2022
20,Customer_20,North,11-06-2022
21,Customer_21,North,29-04-2021
22,Customer_22,North,10-02-2023
23,Customer_23,West,22-11-2022
24,Customer_24,North,14-12-2022
25,Customer_25,West,28-06-2022
26,Customer_26,West,08-06-2021
27,Customer_27,West,26-04-2019
28,Customer_28,South,12-04-2021
29,Customer_29,West,29-10-2022
30,Customer_30,South,25-02-2023
31,Customer_31,North,21-12-2022
32,Customer_32,East,25-03-2022
33,Customer_33,East,12-05-2022
34,Customer_34,South,07-02-2020
35,Customer_35,South,25-02-2020
36,Customer_36,East,07-03-2021
37,Customer_37,West,29-01-2020
38,Customer_38,West,21-06-2023
39,Customer_39,North,11-06-2023
40,Customer_40,East,05-10-2020
41,Customer_41,East,12-04-2018
42,Customer_42,East,19-08-2019
43,Customer_43,West,23-10-2020
44,Customer_44,North,14-08-2018
45,Customer_45,East,06-08-2021
46,Customer_46,South,21-01-2021
47,Customer_47,East,17-06-2023
48,Customer_48,East,28-08-2019
49,Customer_49,South,17-08-2018
50,Customer_50,North,19-02-2023
51,Customer_51,North,03-07-2020
52,Customer_52,North,10-08-2020
53,Customer_53,West,01-03-2019
54,Customer_54,South,23-01-2019
55,Customer_55,West,26-09-2020
56,Customer_56,East,21-03-2021
57,Customer_57,West,24-07-2019
58,Customer_58,North,19-04-2020
59,Customer_59,North,09-02-2020
60,Customer_60,South,02-09-2021
61,Customer_61,North,21-09-2021
62,Customer_62,West,12-06-2018
63,Customer_63,North,03-02-2023
64,Customer_64,West,23-03-2022
65,Customer_65,South,25-09-2021
66,Customer_66,North,18-09-2019
67,Customer_67,East,22-06-2023
68,Customer_68,North,19-03-2019
69,Customer_69,East,23-06-2018
70,Customer_70,South,14-10-2020
71,Customer_71,South,28-04-2021
72,Customer_72,South,17-09-2018
73,Customer_73,South,08-03-2022
74,Customer_74,North,12-12-2022
75,Customer_75,West,08-12-2021
76,Customer_76,North,08-07-2022
77,Customer_77,South,11-02-2019
78,Customer_78,East,17-09-2020
79,Customer_79,North,22-03-2018
80,Customer_80,East,06-05-2019
81,Customer_81,East,24-02-2023
82,Customer_82,West,01-07-2020
83,Customer_83,West,20-02-2023
84,Customer_84,North,06-09-2019
85,Customer_85,West,16-03-2022
86,Customer_86,East,31-05-2018
87,Customer_87,North,10-04-2022
88,Customer_88,West,23-05-2018
89,Customer_89,North,08-12-2018
90,Customer_90,North,09-10-2019
91,Customer_91,West,25-06-2019
92,Customer_92,North,19-05-2023
93,Customer_93,West,25-08-2022
94,Customer_94,South,18-07-2020
95,Customer_95,North,03-04-2020
96,Customer_96,South,16-09-2021
97,Customer_97,South,09-10-2021
98,Customer_98,West,03-03-2023
99,Customer_99,West,18-07-2020
100,Customer_100,South,13-07-2021
101,Customer_101,South,23-09-2018
102,Customer_102,West,14-04-2020
103,Customer_103,East,02-02-2020
104,Customer_104,West,12-02-2021
105,Customer_105,South,24-02-2023
106,Customer_106,South,29-07-2019
107,Customer_107,North,29-05-2018
108,Customer_108,North,16-03-2018
109,Customer_109,South,26-01-2019
110,Customer_110,West,19-03-2018
111,Customer_111,South,22-11-2022
112,Customer_112,East,11-07-2019
113,Customer_113,North,25-07-2022
114,Customer_114,East,03-08-2020
115,Customer_115,West,05-02-2021
116,Customer_116,East,10-08-2022
117,Customer_117,South,16-11-2021
118,Customer_118,East,05-06-2021
119,Customer_119,North,21-05-2022
120,Customer_120,South,23-02-2021
121,Customer_121,South,17-01-2021
122,Customer_122,East,21-05-2021
123,Customer_123,East,30-04-2020
124,Customer_124,West,01-01-2018
125,Customer_125,South,19-06-2023
126,Customer_126,West,10-06-2021
127,Customer_127,South,11-01-2021
128,Customer_128,South,10-01-2023
129,Customer_129,North,12-02-2021
130,Customer_130,South,07-01-2018
131,Customer_131,West,30-05-2020
132,Customer_132,West,08-05-2022
133,Customer_133,South,23-11-2021
134,Customer_134,East,16-02-2020
135,Customer_135,West,10-10-2022
136,Customer_136,North,28-10-2018
137,Customer_137,West,21-06-2023
138,Customer_138,West,16-03-2022
139,Customer_139,East,04-05-2021
140,Customer_140,South,12-12-2019
141,Customer_141,South,10-11-2020
142,Customer_142,North,09-02-2019
143,Customer_143,East,04-06-2023
144,Customer_144,East,20-03-2023
145,Customer_145,East,10-05-2019
146,Customer_146,North,14-10-2019
147,Customer_147,South,14-08-2019
148,Customer_148,East,13-02-2020
149,Customer_149,East,09-12-2018
150,Customer_150,West,10-01-2022
151,Customer_151,East,20-10-2019
152,Customer_152,East,21-10-2019
153,Customer_153,East,28-10-2019
154,Customer_154,North,25-06-2022
155,Customer_155,North,01-09-2020
156,Customer_156,East,04-06-2022
157,Customer_157,West,11-09-2021
158,Customer_158,North,13-06-2021
159,Customer_159,West,27-03-2022
160,Customer_160,North,05-04-2021
161,Customer_161,East,31-05-2020
162,Customer_162,South,01-07-2019
163,Customer_163,North,03-05-2018
164,Customer_164,South,14-12-2021
165,Customer_165,East,22-05-2022
166,Customer_166,West,24-02-2021
167,Customer_167,West,30-03-2019
168,Customer_168,East,01-02-2019
169,Customer_169,East,02-09-2018
170,Customer_170,North,08-02-2020
171,Customer_171,North,25-01-2019
172,Customer_172,East,08-04-2021
173,Customer_173,North,08-11-2018
174,Customer_174,West,24-08-2018
175,Customer_175,East,26-02-2020
176,Customer_176,North,23-10-2018
177,Customer_177,South,02-04-2021
178,Customer_178,East,24-06-2019
179,Customer_179,East,06-01-2021
180,Customer_180,East,26-06-2019
181,Customer_181,East,16-10-2022
182,Customer_182,North,17-06-2020
183,Customer_183,West,17-05-2023
184,Customer_184,North,07-12-2021
185,Customer_185,West,03-09-2021
186,Customer_186,South,05-09-2022
187,Customer_187,South,19-01-2018
188,Customer_188,North,21-03-2022
189,Customer_189,East,02-10-2021
190,Customer_190,South,18-01-2018
191,Customer_191,South,30-09-2020
192,Customer_192,North,16-01-2018
193,Customer_193,South,31-12-2021
194,Customer_194,East,04-11-2021
195,Customer_195,West,02-07-2022
196,Customer_196,West,29-07-2020
197,Customer_197,East,23-09-2018
198,Customer_198,North,19-02-2023
199,Customer_199,North,16-02-2021
200,Customer_200,West,11-11-2019
201,Customer_201,West,07-02-2018
202,Customer_202,North,28-01-2020
203,Customer_203,North,10-10-2018
204,Customer_204,North,14-12-2022
205,Customer_205,South,26-10-2022
206,Customer_206,East,14-06-2022
207,Customer_207,South,14-06-2019
208,Customer_208,North,05-10-2020
209,Customer_209,South,21-06-2019
210,Customer_210,East,09-02-2022
211,Customer_211,North,06-01-2020
212,Customer_212,South,11-05-2018
213,Customer_213,East,08-11-2021
214,Customer_214,East,24-07-2022
215,Customer_215,East,05-04-2018
216,Customer_216,North,22-01-2020
217,Customer_217,West,17-03-2021
218,Customer_218,East,27-07-2021
219,Customer_219,North,14-04-2019
220,Customer_220,West,12-10-2019
221,Customer_221,South,21-01-2019
222,Customer_222,West,11-06-2020
223,Customer_223,West,01-01-2023
224,Customer_224,South,22-05-2020
225,Customer_225,South,07-12-2021
226,Customer_226,North,06-03-2021
227,Customer_227,North,02-01-2023
228,Customer_228,West,16-09-2022
229,Customer_229,South,06-07-2020
230,Customer_230,West,02-04-2019
231,Customer_231,East,28-07-2021
232,Customer_232,West,21-09-2018
233,Customer_233,North,23-01-2021
234,Customer_234,South,01-04-2018
235,Customer_235,East,28-09-2018
236,Customer_236,North,07-01-2022
237,Customer_237,East,22-07-2021
238,Customer_238,South,23-04-2020
239,Customer_239,South,29-07-2018
240,Customer_240,North,22-04-2020
241,Customer_241,South,18-12-2018
242,Customer_242,West,29-06-2018
243,Customer_243,North,26-10-2020
244,Customer_244,South,22-08-2019
245,Customer_245,West,08-05-2023
246,Customer_246,East,01-12-2019
247,Customer_247,East,17-05-2019
248,Customer_248,East,25-08-2021
249,Customer_249,North,21-03-2019
250,Customer_250,West,15-03-2019
251,Customer_251,West,17-05-2022
252,Customer_252,North,11-06-2018
253,Customer_253,North,10-07-2019
254,Customer_254,South,06-02-2020
255,Customer_255,North,28-08-2019
256,Customer_256,East,29-06-2021
257,Customer_257,South,19-12-2018
258,Customer_258,North,10-01-2022
259,Customer_259,West,03-08-2019
260,Customer_260,South,03-01-2022
261,Customer_261,East,27-05-2023
262,Customer_262,North,23-06-2023
263,Customer_263,North,13-09-2020
264,Customer_264,West,25-08-2018
265,Customer_265,North,03-04-2021
266,Customer_266,East,27-12-2020
267,Customer_267,West,24-06-2022
268,Customer_268,North,17-11-2022
269,Customer_269,North,12-06-2020
270,Customer_270,West,09-09-2021
271,Customer_271,South,14-06-2019
272,Customer_272,East,21-06-2020
273,Customer_273,West,29-01-2023
274,Customer_274,West,15-07-2021
275,Customer_275,South,16-06-2019
276,Customer_276,East,28-12-2020
277,Customer_277,South,20-09-2018
278,Customer_278,East,14-02-2018
279,Customer_279,East,31-08-2021
280,Customer_280,East,19-12-2018
281,Customer_281,West,03-09-2019
282,Customer_282,South,22-01-2020
283,Customer_283,West,19-07-2020
284,Customer_284,East,02-06-2023
285,Customer_285,East,12-01-2020
286,Customer_286,West,05-11-2020
287,Customer_287,East,15-04-2019
288,Customer_288,South,10-05-2022
289,Customer_289,West,16-06-2019
290,Customer_290,South,29-07-2021
291,Customer_291,West,31-05-2021
292,Customer_292,North,16-02-2020
293,Customer_293,East,15-02-2020
294,Customer_294,East,19-04-2019
295,Customer_295,East,27-06-2020
296,Customer_296,West,31-10-2019
297,Customer_297,West,14-07-2019
298,Customer_298,East,10-11-2019
299,Customer_299,North,21-07-2018
300,Customer_300,South,07-06-2021
301,Customer_301,East,24-02-2023
302,Customer_302,East,27-10-2018
303,Customer_303,West,20-06-2023
304,Customer_304,East,22-09-2019
305,Customer_305,West,30-09-2021
306,Customer_306,East,21-04-2022
307,Customer_307,West,17-06-2022
308,Customer_308,North,07-06-2019
309,Customer_309,East,03-02-2021
310,Customer_310,North,03-02-2021
311,Customer_311,West,17-05-2020
312,Customer_312,North,10-03-2023
313,Customer_313,South,18-05-2021
314,Customer_314,North,25-12-2018
315,Customer_315,West,08-03-2020
316,Customer_316,East,31-03-2022
317,Customer_317,South,21-08-2018
318,Customer_318,East,01-10-2019
319,Customer_319,North,18-12-2019
320,Customer_320,North,05-02-2019
321,Customer_321,South,11-05-2020
322,Customer_322,North,03-04-2019
323,Customer_323,North,23-01-2022
324,Customer_324,East,13-03-2022
325,Customer_325,North,03-10-2020
326,Customer_326,East,20-06-2021
327,Customer_327,East,17-07-2022
328,Customer_328,North,14-11-2019
329,Customer_329,West,16-01-2021
330,Customer_330,West,10-04-2020
331,Customer_331,South,05-03-2020
332,Customer_332,West,06-10-2022
333,Customer_333,West,31-03-2023
334,Customer_334,North,29-03-2022
335,Customer_335,North,17-04-2023
336,Customer_336,East,26-09-2020
337,Customer_337,West,23-03-2018
338,Customer_338,West,07-12-2021
339,Customer_339,West,16-12-2018
340,Customer_340,West,20-12-2019
341,Customer_341,South,07-07-2020
342,Customer_342,East,01-02-2020
343,Customer_343,South,11-03-2023
344,Customer_344,South,15-07-2019
345,Customer_345,West,07-06-2023
346,Customer_346,North,02-08-2021
347,Customer_347,East,01-02-2023
348,Customer_348,North,31-07-2021
349,Customer_349,North,30-11-2020
350,Customer_350,East,27-10-2019
351,Customer_351,West,23-04-2019
352,Customer_352,East,29-11-2019
353,Customer_353,North,12-07-2018
354,Customer_354,South,29-01-2018
355,Customer_355,West,17-05-2023
356,Customer_356,North,14-07-2021
357,Customer_357,North,08-11-2022
358,Customer_358,East,16-01-2021
359,Customer_359,West,30-08-2019
360,Customer_360,South,25-01-2022
361,Customer_361,South,08-12-2020
362,Customer_362,North,09-04-2023
363,Customer_363,East,21-12-2022
364,Customer_364,East,21-06-2023
365,Customer_365,East,28-10-2022
366,Customer_366,South,14-06-2019
367,Customer_367,West,05-02-2020
368,Customer_368,West,26-06-2020
369,Customer_369,South,04-03-2018
370,Customer_370,East,21-01-2020
371,Customer_371,West,09-05-2021
372,Customer_372,North,03-02-2019
373,Customer_373,West,30-01-2022
374,Customer_374,East,02-03-2021
375,Customer_375,West,07-05-2018
376,Customer_376,North,15-03-2020
377,Customer_377,East,23-02-2023
378,Customer_378,South,12-06-2020
379,Customer_379,South,04-10-2018
380,Customer_380,West,12-09-2022
381,Customer_381,South,23-11-2021
382,Customer_382,South,28-04-2023
383,Customer_383,North,20-06-2019
384,Customer_384,East,09-08-2018
385,Customer_385,North,15-10-2018
386,Customer_386,South,13-09-2018
387,Customer_387,South,14-04-2019
388,Customer_388,West,04-08-2018
389,Customer_389,West,25-01-2022
390,Customer_390,North,04-04-2021
391,Customer_391,North,05-02-2022
392,Customer_392,North,28-08-2020
393,Customer_393,North,10-04-2022
394,Customer_394,West,04-06-2023
395,Customer_395,South,05-11-2019
396,Customer_396,East,12-05-2019
397,Customer_397,East,16-09-2019
398,Customer_398,South,26-12-2020
399,Customer_399,North,19-04-2019
400,Customer_400,North,07-05-2018
401,Customer_401,North,19-02-2019
402,Customer_402,West,06-08-2018
403,Customer_403,North,09-06-2022
404,Customer_404,South,11-04-2020
405,Customer_405,North,17-04-2021
406,Customer_406,South,19-10-2019
407,Customer_407,West,21-05-2021
408,Customer_408,North,12-02-2023
409,Customer_409,West,23-12-2018
410,Customer_410,South,03-12-2021
411,Customer_411,East,29-10-2021
412,Customer_412,South,19-03-2019
413,Customer_413,South,08-09-2022
414,Customer_414,West,06-10-2020
415,Customer_415,West,08-06-2019
416,Customer_416,East,26-09-2021
417,Customer_417,East,23-09-2018
418,Customer_418,West,12-05-2018
419,Customer_419,East,04-12-2022
420,Customer_420,North,11-10-2021
421,Customer_421,West,28-11-2021
422,Customer_422,East,11-03-2022
423,Customer_423,North,01-11-2020
424,Customer_424,South,28-02-2019
425,Customer_425,West,02-05-2019
426,Customer_426,West,05-04-2023
427,Customer_427,West,30-09-2021
428,Customer_428,West,12-04-2021
429,Customer_429,North,15-11-2018
430,Customer_430,South,02-10-2020
431,Customer_431,North,29-04-2021
432,Customer_432,West,09-05-2021
433,Customer_433,West,14-10-2018
434,Customer_434,North,07-03-2018
435,Customer_435,North,06-01-2020
436,Customer_436,East,30-01-2020
437,Customer_437,South,05-10-2022
438,Customer_438,West,12-05-2023
439,Customer_439,East,18-10-2019
440,Customer_440,West,12-11-2021
441,Customer_441,West,16-08-2020
442,Customer_442,East,08-06-2020
443,Customer_443,North,21-04-2022
444,Customer_444,South,04-10-2020
445,Customer_445,West,05-05-2020
446,Customer_446,West,27-01-2019
447,Customer_447,South,22-03-2023
448,Customer_448,West,29-04-2020
449,Customer_449,West,25-02-2021
450,Customer_450,South,19-08-2019
451,Customer_451,East,29-10-2020
452,Customer_452,South,21-07-2021
453,Customer_453,East,26-04-2021
454,Customer_454,West,13-06-2019
455,Customer_455,West,02-06-2019
456,Customer_456,West,10-01-2019
457,Customer_457,East,20-11-2020
458,Customer_458,North,20-11-2018
459,Customer_459,West,13-07-2018
460,Customer_460,South,19-02-2021
461,Customer_461,West,27-04-2020
462,Customer_462,West,03-07-2019
463,Customer_463,East,09-07-2020
464,Customer_464,North,27-02-2021
465,Customer_465,West,23-06-2020
466,Customer_466,West,07-12-2021
467,Customer_467,North,10-10-2022
468,Customer_468,West,03-11-2019
469,Customer_469,West,21-04-2019
470,Customer_470,South,23-06-2023
471,Customer_471,West,31-03-2021
472,Customer_472,West,10-06-2019
473,Customer_473,South,14-11-2019
474,Customer_474,West,17-10-2022
475,Customer_475,East,27-05-2018
476,Customer_476,North,23-10-2022
477,Customer_477,North,07-12-2019
478,Customer_478,North,10-04-2022
479,Customer_479,East,15-06-2022
480,Customer_480,North,08-07-2018
481,Customer_481,East,22-06-2022
482,Customer_482,North,03-11-2022
483,Customer_483,West,23-05-2023
484,Customer_484,South,21-06-2021
485,Customer_485,West,16-07-2018
486,Customer_486,North,22-02-2023
487,Customer_487,East,01-06-2023
488,Customer_488,East,06-09-2020
489,Customer_489,North,31-05-2020
490,Customer_490,West,10-05-2020
491,Customer_491,North,24-09-2022
492,Customer_492,North,21-09-2022
493,Customer_493,North,11-02-2020
494,Customer_494,South,08-06-2019
495,Customer_495,North,02-02-2019
496,Customer_496,East,06-04-2021
497,Customer_497,West,04-04-2022
498,Customer_498,East,09-09-2022
499,Customer_499,North,14-12-2022
500,Customer_500,West,29-05-2019
501,Customer_501,South,27-10-2022
502,Customer_502,South,22-02-2021
503,Customer_503,East,06-09-2021
504,Customer_504,North,03-10-2020
505,Customer_505,North,20-06-2018
506,Customer_506,East,04-07-2022
507,Customer_507,East,09-12-2021
508,Customer_508,West,26-03-2021
509,Customer_509,West,13-11-2019
510,Customer_510,West,20-06-2019
511,Customer_511,North,14-11-2021
512,Customer_512,West,14-07-2020
513,Customer_513,North,05-10-2022
514,Customer_514,East,03-02-2021
515,Customer_515,North,23-04-2021
516,Customer_516,South,30-01-2021
517,Customer_517,South,22-02-2018
518,Customer_518,East,04-06-2019
519,Customer_519,North,12-11-2019
520,Customer_520,South,25-08-2021
521,Customer_521,North,10-05-2020
522,Customer_522,South,09-05-2023
523,Customer_523,North,25-10-2022
524,Customer_524,East,01-05-2023
525,Customer_525,South,19-08-2020
526,Customer_526,North,14-04-2018
527,Customer_527,North,06-06-2022
528,Customer_528,North,31-10-2021
529,Customer_529,West,22-10-2018
530,Customer_530,North,25-01-2018
531,Customer_531,East,20-01-2021
532,Customer_532,South,03-11-2019
533,Customer_533,North,14-01-2022
534,Customer_534,East,09-12-2021
535,Customer_535,North,30-03-2023
536,Customer_536,South,14-09-2022
537,Customer_537,North,19-12-2018
538,Customer_538,South,10-07-2018
539,Customer_539,North,01-09-2019
540,Customer_540,East,19-01-2019
541,Customer_541,North,21-06-2020
542,Customer_542,North,22-05-2018
543,Customer_543,North,07-08-2022
544,Customer_544,West,02-12-2022
545,Customer_545,South,08-02-2018
546,Customer_546,West,02-05-2023
547,Customer_547,North,05-06-2019
548,Customer_548,South,23-01-2023
549,Customer_549,West,16-07-2022
550,Customer_550,South,20-12-2022
551,Customer_551,North,15-09-2022
552,Customer_552,South,20-12-2019
553,Customer_553,West,29-03-2022
554,Customer_554,North,14-03-2023
555,Customer_555,East,29-03-2023
556,Customer_556,North,20-06-2023
557,Customer_557,North,26-01-2021
558,Customer_558,South,06-01-2021
559,Customer_559,North,10-09-2021
560,Customer_560,West,03-06-2018
561,Customer_561,West,28-05-2020
562,Customer_562,North,20-01-2019
563,Customer_563,East,01-11-2021
564,Customer_564,South,23-01-2023
565,Customer_565,East,04-06-2019
566,Customer_566,West,20-10-2020
567,Customer_567,West,21-02-2019
568,Customer_568,South,05-06-2022
569,Customer_569,East,14-01-2020
570,Customer_570,North,03-07-2019
571,Customer_571,East,30-05-2019
572,Customer_572,South,02-02-2022
573,Customer_573,North,20-01-2019
574,Customer_574,West,28-02-2018
575,Customer_575,West,20-06-2021
576,Customer_576,South,02-11-2022
577,Customer_577,West,05-12-2022
578,Customer_578,East,10-09-2019
579,Customer_579,South,01-02-2021
580,Customer_580,West,08-09-2022
581,Customer_581,East,07-12-2021
582,Customer_582,West,30-12-2019
583,Customer_583,East,13-06-2022
584,Customer_584,North,18-09-2022
585,Customer_585,North,23-03-2020
586,Customer_586,South,27-10-2020
587,Customer_587,South,21-09-2021
588,Customer_588,West,11-08-2020
589,Customer_589,West,19-11-2020
590,Customer_590,South,31-01-2021
591,Customer_591,West,27-05-2019
592,Customer_592,South,30-01-2020
593,Customer_593,East,02-01-2023
594,Customer_594,East,26-01-2018
595,Customer_595,West,22-07-2022
596,Customer_596,South,12-03-2023
597,Customer_597,North,02-07-2018
598,Customer_598,South,06-01-2022
599,Customer_599,West,28-09-2019
600,Customer_600,West,04-07-2020
601,Customer_601,East,19-06-2020
602,Customer_602,East,23-05-2020
603,Customer_603,South,04-02-2019
604,Customer_604,East,07-01-2019
605,Customer_605,South,12-10-2020
606,Customer_606,East,21-09-2021
607,Customer_607,East,30-06-2022
608,Customer_608,South,12-03-2018
609,Customer_609,North,02-03-2023
610,Customer_610,West,27-06-2022
611,Customer_611,North,23-08-2018
612,Customer_612,East,13-07-2020
613,Customer_613,East,16-04-2022
614,Customer_614,East,03-10-2019
615,Customer_615,North,30-06-2020
616,Customer_616,South,17-12-2018
617,Customer_617,East,01-10-2019
618,Customer_618,South,12-09-2021
619,Customer_619,East,22-12-2018
620,Customer_620,South,10-10-2018
621,Customer_621,East,16-10-2021
622,Customer_622,South,20-09-2018
623,Customer_623,North,11-10-2022
624,Customer_624,North,26-06-2020
625,Customer_625,North,02-05-2019
626,Customer_626,South,29-07-2018
627,Customer_627,East,01-10-2019
628,Customer_628,South,17-03-2018
629,Customer_629,East,29-01-2022
630,Customer_630,West,26-12-2019
631,Customer_631,East,13-04-2018
632,Customer_632,West,21-08-2019
633,Customer_633,East,22-01-2021
634,Customer_634,East,18-03-2021
635,Customer_635,East,04-05-2018
636,Customer_636,East,30-01-2021
637,Customer_637,North,21-07-2019
638,Customer_638,North,17-10-2021
639,Customer_639,South,25-02-2022
640,Customer_640,South,26-09-2021
641,Customer_641,South,14-05-2019
642,Customer_642,West,23-12-2022
643,Customer_643,East,12-10-2019
644,Customer_644,North,24-08-2020
645,Customer_645,West,06-01-2019
646,Customer_646,South,29-12-2018
647,Customer_647,East,27-05-2023
648,Customer_648,South,01-01-2020
649,Customer_649,South,02-06-2018
650,Customer_650,East,24-01-2020
651,Customer_651,East,08-09-2018
652,Customer_652,South,11-04-2020
653,Customer_653,South,04-09-2019
654,Customer_654,West,08-07-2021
655,Customer_655,West,25-03-2022
656,Customer_656,South,06-06-2019
657,Customer_657,West,26-07-2021
658,Customer_658,East,31-01-2020
659,Customer_659,East,24-01-2019
660,Customer_660,East,20-10-2018
661,Customer_661,East,25-05-2018
662,Customer_662,West,04-10-2019
663,Customer_663,North,09-08-2020
664,Customer_664,East,17-06-2021
665,Customer_665,North,25-12-2019
666,Customer_666,West,11-09-2019
667,Customer_667,North,02-07-2022
668,Customer_668,South,03-05-2022
669,Customer_669,West,22-11-2022
670,Customer_670,South,22-07-2022
671,Customer_671,West,11-07-2019
672,Customer_672,South,14-12-2020
673,Customer_673,South,05-04-2021
674,Customer_674,North,28-09-2020
675,Customer_675,North,05-08-2018
676,Customer_676,South,02-01-2023
677,Customer_677,North,04-02-2022
678,Customer_678,West,10-04-2021
679,Customer_679,West,06-02-2018
680,Customer_680,North,22-10-2021
681,Customer_681,South,13-12-2020
682,Customer_682,North,14-04-2020
683,Customer_683,South,13-07-2022
684,Customer_684,North,06-08-2018
685,Customer_685,North,10-12-2018
686,Customer_686,East,04-03-2018
687,Customer_687,West,09-10-2022
688,Customer_688,East,11-03-2018
689,Customer_689,North,03-10-2020
690,Customer_690,East,14-05-2020
691,Customer_691,North,19-07-2021
692,Customer_692,West,06-04-2018
693,Customer_693,North,02-05-2020
694,Customer_694,South,11-07-2022
695,Customer_695,North,05-09-2022
696,Customer_696,South,01-11-2022
697,Customer_697,West,03-11-2020
698,Customer_698,North,19-02-2022
699,Customer_699,West,10-09-2022
700,Customer_700,East,21-10-2022
701,Customer_701,West,02-01-2018
702,Customer_702,North,25-03-2023
703,Customer_703,North,02-12-2018
704,Customer_704,South,29-08-2019
705,Customer_705,North,07-03-2020
706,Customer_706,South,13-06-2022
707,Customer_707,West,09-09-2021
708,Customer_708,South,16-01-2023
709,Customer_709,East,29-06-2020
710,Customer_710,West,06-02-2022
711,Customer_711,South,21-06-2022
712,Customer_712,South,07-11-2020
713,Customer_713,South,06-04-2018
714,Customer_714,North,22-01-2020
715,Customer_715,East,03-04-2022
716,Customer_716,West,23-10-2018
717,Customer_717,North,21-05-2023
718,Customer_718,South,23-05-2022
719,Customer_719,South,30-03-2021
720,Customer_720,East,05-02-2021
721,Customer_721,South,07-08-2018
722,Customer_722,North,26-11-2022
723,Customer_723,South,19-08-2021
724,Customer_724,North,04-07-2020
725,Customer_725,North,25-04-2019
726,Customer_726,North,29-10-2018
727,Customer_727,South,22-02-2020
728,Customer_728,East,25-07-2019
729,Customer_729,East,07-12-2022
730,Customer_730,South,01-01-2022
731,Customer_731,South,25-02-2023
732,Customer_732,North,15-04-2022
733,Customer_733,West,17-09-2020
734,Customer_734,West,12-03-2018
735,Customer_735,West,29-01-2022
736,Customer_736,East,28-03-2020
737,Customer_737,East,28-05-2023
738,Customer_738,North,04-08-2020
739,Customer_739,South,20-06-2022
740,Customer_740,West,17-06-2022
741,Customer_741,East,13-02-2023
742,Customer_742,East,07-03-2019
743,Customer_743,North,08-11-2021
744,Customer_744,West,15-03-2019
745,Customer_745,North,01-04-2019
746,Customer_746,North,22-12-2019
747,Customer_747,East,02-06-2020
748,Customer_748,East,21-06-2022
749,Customer_749,East,28-05-2022
750,Customer_750,West,05-03-2020
751,Customer_751,South,14-07-2018
752,Customer_752,North,12-03-2020
753,Customer_753,North,12-03-2022
754,Customer_754,East,14-11-2021
755,Customer_755,West,01-10-2020
756,Customer_756,West,22-11-2020
757,Customer_757,West,16-03-2021
758,Customer_758,North,05-12-2019
759,Customer_759,East,07-02-2020
760,Customer_760,West,17-07-2019
761,Customer_761,East,12-04-2021
762,Customer_762,East,07-08-2021
763,Customer_763,East,23-07-2021
764,Customer_764,East,21-01-2019
765,Customer_765,South,03-04-2018
766,Customer_766,East,19-12-2022
767,Customer_767,North,15-04-2018
768,Customer_768,West,27-06-2018
769,Customer_769,West,20-05-2022
770,Customer_770,North,07-01-2018
771,Customer_771,North,12-07-2019
772,Customer_772,North,12-10-2019
773,Customer_773,South,12-10-2018
774,Customer_774,South,19-08-2020
775,Customer_775,South,29-06-2020
776,Customer_776,East,16-10-2020
777,Customer_777,West,16-02-2019
778,Customer_778,South,28-04-2021
779,Customer_779,West,19-11-2018
780,Customer_780,North,21-05-2022
781,Customer_781,South,28-05-2018
782,Customer_782,West,28-12-2020
783,Customer_783,East,09-10-2020
784,Customer_784,East,22-04-2021
785,Customer_785,West,28-10-2021
786,Customer_786,East,31-01-2021
787,Customer_787,West,04-09-2021
788,Customer_788,South,08-02-2018
789,Customer_789,West,09-05-2019
790,Customer_790,South,19-03-2018
791,Customer_791,South,01-06-2018
792,Customer_792,North,13-10-2018
793,Customer_793,West,10-03-2022
794,Customer_794,North,22-03-2021
795,Customer_795,East,17-10-2018
796,Customer_796,East,29-06-2022
797,Customer_797,North,13-06-2023
798,Customer_798,East,03-02-2022
799,Customer_799,West,06-05-2021
800,Customer_800,North,02-03-2022
801,Customer_801,West,04-05-2022
802,Customer_802,West,18-06-2019
803,Customer_803,East,12-12-2021
804,Customer_804,West,27-07-2021
805,Customer_805,East,19-01-2022
806,Customer_806,North,08-05-2020
807,Customer_807,North,10-11-2022
808,Customer_808,North,04-03-2020
809,Customer_809,East,07-04-2023
810,Customer_810,North,20-08-2022
811,Customer_811,South,21-05-2020
812,Customer_812,West,20-02-2020
813,Customer_813,East,25-08-2020
814,Customer_814,East,06-10-2020
815,Customer_815,North,13-11-2019
816,Customer_816,South,30-10-2018
817,Customer_817,North,15-06-2020
818,Customer_818,North,31-10-2019
819,Customer_819,East,23-08-2021
820,Customer_820,South,17-05-2022
821,Customer_821,East,24-03-2023
822,Customer_822,North,29-08-2021
823,Customer_823,West,18-07-2019
824,Customer_824,South,06-03-2020
825,Customer_825,East,05-05-2020
826,Customer_826,South,30-07-2021
827,Customer_827,North,22-03-2020
828,Customer_828,North,19-06-2023
829,Customer_829,South,06-06-2021
830,Customer_830,West,14-03-2019
831,Customer_831,East,22-08-2021
832,Customer_832,North,02-04-2019
833,Customer_833,West,03-12-2019
834,Customer_834,North,30-08-2021
835,Customer_835,West,18-07-2020
836,Customer_836,South,25-04-2018
837,Customer_837,South,12-01-2019
838,Customer_838,South,06-07-2018
839,Customer_839,South,11-05-2022
840,Customer_840,South,06-10-2018
841,Customer_841,North,18-08-2021
842,Customer_842,South,01-06-2023
843,Customer_843,South,04-03-2020
844,Customer_844,West,19-07-2021
845,Customer_845,North,10-05-2021
846,Customer_846,South,30-09-2018
847,Customer_847,West,07-01-2022
848,Customer_848,South,01-01-2021
849,Customer_849,South,09-09-2020
850,Customer_850,North,29-04-2018
851,Customer_851,East,02-01-2020
852,Customer_852,East,05-01-2019
853,Customer_853,East,24-07-2021
854,Customer_854,South,21-06-2023
855,Customer_855,West,03-10-2022
856,Customer_856,West,28-07-2021
857,Customer_857,West,05-01-2022
858,Customer_858,West,30-12-2018
859,Customer_859,South,22-05-2019
860,Customer_860,North,24-06-2022
861,Customer_861,East,10-12-2020
862,Customer_862,West,14-01-2021
863,Customer_863,South,19-11-2019
864,Customer_864,East,02-07-2019
865,Customer_865,East,29-10-2022
866,Customer_866,North,28-11-2019
867,Customer_867,East,14-06-2023
868,Customer_868,West,26-11-2021
869,Customer_869,South,27-07-2018
870,Customer_870,East,15-07-2018
871,Customer_871,West,26-11-2022
872,Customer_872,East,06-04-2021
873,Customer_873,West,10-12-2021
874,Customer_874,South,30-10-2021
875,Customer_875,North,05-08-2021
876,Customer_876,East,22-05-2022
877,Customer_877,North,02-03-2018
878,Customer_878,West,26-04-2021
879,Customer_879,West,01-01-2018
880,Customer_880,South,16-08-2022
881,Customer_881,West,20-10-2018
882,Customer_882,East,22-03-2019
883,Customer_883,North,10-02-2023
884,Customer_884,South,15-01-2023
885,Customer_885,East,07-02-2023
886,Customer_886,North,22-12-2022
887,Customer_887,West,15-07-2021
888,Customer_888,East,04-11-2020
889,Customer_889,North,18-07-2020
890,Customer_890,South,02-10-2018
891,Customer_891,North,16-09-2022
892,Customer_892,South,09-07-2018
893,Customer_893,South,13-01-2019
894,Customer_894,East,26-06-2020
895,Customer_895,North,09-11-2018
896,Customer_896,West,12-11-2021
897,Customer_897,South,21-02-2020
898,Customer_898,North,24-06-2020
899,Customer_899,West,27-02-2022
900,Customer_900,West,08-09-2019
901,Customer_901,East,13-06-2018
902,Customer_902,South,15-01-2018
903,Customer_903,North,22-01-2021
904,Customer_904,South,26-02-2023
905,Customer_905,East,02-01-2019
906,Customer_906,South,31-03-2022
907,Customer_907,West,30-07-2020
908,Customer_908,North,20-11-2020
909,Customer_909,North,07-06-2018
910,Customer_910,West,21-03-2023
911,Customer_911,East,27-01-2021
912,Customer_912,West,09-09-2020
913,Customer_913,East,02-04-2021
914,Customer_914,East,07-07-2021
915,Customer_915,South,11-03-2018
916,Customer_916,East,24-11-2020
917,Customer_917,West,30-10-2021
918,Customer_918,West,30-06-2019
919,Customer_919,East,16-01-2019
920,Customer_920,East,12-05-2019
921,Customer_921,East,18-04-2022
922,Customer_922,South,17-02-2019
923,Customer_923,West,15-05-2020
924,Customer_924,North,01-09-2019
925,Customer_925,West,06-01-2022
926,Customer_926,West,22-03-2019
927,Customer_927,West,01-06-2023
928,Customer_928,South,06-09-2020
929,Customer_929,South,18-02-2019
930,Customer_930,North,17-02-2019
931,Customer_931,South,20-11-2022
932,Customer_932,North,04-09-2021
933,Customer_933,West,28-04-2018
934,Customer_934,East,06-08-2022
935,Customer_935,South,18-08-2020
936,Customer_936,East,09-04-2018
937,Customer_937,East,20-06-2019
938,Customer_938,North,27-12-2018
939,Customer_939,North,09-03-2022
940,Customer_940,East,28-11-2021
941,Customer_941,North,05-08-2022
942,Customer_942,West,27-12-2021
943,Customer_943,West,17-08-2021
944,Customer_944,North,23-04-2021
945,Customer_945,South,24-07-2020
946,Customer_946,North,06-03-2021
947,Customer_947,East,09-08-2019
948,Customer_948,South,24-02-2023
949,Customer_949,South,22-06-2023
950,Customer_950,North,21-03-2020
951,Customer_951,North,23-10-2019
952,Customer_952,South,05-09-2021
953,Customer_953,East,02-04-2022
954,Customer_954,East,10-12-2018
955,Customer_955,West,07-02-2021
956,Customer_956,North,16-02-2022
957,Customer_957,North,27-09-2018
958,Customer_958,West,10-07-2020
959,Customer_959,North,22-09-2020
960,Customer_960,South,22-04-2018
961,Customer_961,West,07-06-2023
962,Customer_962,North,08-10-2018
963,Customer_963,West,29-07-2022
964,Customer_964,East,20-12-2022
965,Customer_965,West,10-06-2022
966,Customer_966,West,02-01-2023
967,Customer_967,West,27-06-2019
968,Customer_968,South,06-09-2018
969,Customer_969,East,16-07-2020
970,Customer_970,East,17-02-2022
971,Customer_971,South,16-05-2021
972,Customer_972,North,13-02-2022
973,Customer_973,East,07-07-2018
974,Customer_974,South,01-04-2022
975,Customer_975,South,20-11-2019
976,Customer_976,North,30-11-2022
977,Customer_977,North,01-08-2018
978,Customer_978,West,01-10-2020
979,Customer_979,East,30-10-2022
980,Customer_980,East,18-03-2020
981,Customer_981,West,22-01-2022
982,Customer_982,North,14-01-2023
983,Customer_983,West,27-03-2019
984,Customer_984,North,06-10-2022
985,Customer_985,West,11-01-2022
986,Customer_986,West,02-04-2023
987,Customer_987,East,31-10-2021
988,Customer_988,South,15-07-2018
989,Customer_989,South,18-10-2020
990,Customer_990,South,13-06-2023
991,Customer_991,South,08-02-2021
992,Customer_992,East,27-03-2018
993,Customer_993,East,12-05-2018
994,Customer_994,West,02-04-2022
995,Customer_995,South,08-01-2018
996,Customer_996,North,18-10-2021
997,Customer_997,South,07-08-2019
998,Customer_998,North,13-10-2019
999,Customer_999,West,13-05-2021
1000,Customer_1000,North,14-08-2021
1001,Customer_1001,West,19-11-2022
1002,Customer_1002,South,14-12-2019
1003,Customer_1003,South,01-05-2022
1004,Customer_1004,North,24-08-2020
1005,Customer_1005,South,01-03-2023
1006,Customer_1006,South,07-02-2023
1007,Customer_1007,South,03-05-2018
1008,Customer_1008,North,04-01-2018
1009,Customer_1009,South,19-03-2020
1010,Customer_1010,West,27-06-2018
1011,Customer_1011,North,21-03-2019
1012,Customer_1012,North,09-09-2018
1013,Customer_1013,North,05-07-2019
1014,Customer_1014,North,23-04-2020
1015,Customer_1015,East,17-08-2022
1016,Customer_1016,East,17-04-2021
1017,Customer_1017,North,16-09-2021
1018,Customer_1018,South,22-09-2020
1019,Customer_1019,South,16-02-2019
1020,Customer_1020,West,21-05-2022
1021,Customer_1021,North,28-04-2019
1022,Customer_1022,South,26-06-2021
1023,Customer_1023,West,05-08-2018
1024,Customer_1024,South,24-04-2023
1025,Customer_1025,North,12-05-2019
1026,Customer_1026,East,09-09-2022
1027,Customer_1027,West,12-10-2021
1028,Customer_1028,South,03-10-2020
1029,Customer_1029,West,10-11-2019
1030,Customer_1030,West,06-03-2020
1031,Customer_1031,East,24-11-2019
1032,Customer_1032,East,30-06-2020
1033,Customer_1033,North,11-05-2021
1034,Customer_1034,South,16-06-2023
1035,Customer_1035,North,14-01-2019
1036,Customer_1036,North,17-09-2018
1037,Customer_1037,East,09-11-2019
1038,Customer_1038,West,30-10-2019
1039,Customer_1039,North,16-03-2022
1040,Customer_1040,West,29-03-2023
1041,Customer_1041,North,30-12-2020
1042,Customer_1042,North,28-11-2019
1043,Customer_1043,East,01-03-2019
1044,Customer_1044,North,02-06-2021
1045,Customer_1045,North,06-03-2021
1046,Customer_1046,West,21-05-2020
1047,Customer_1047,West,28-08-2021
1048,Customer_1048,East,26-03-2018
1049,Customer_1049,North,30-04-2022
1050,Customer_1050,North,14-07-2020
1051,Customer_1051,North,30-08-2019
1052,Customer_1052,North,05-11-2018
1053,Customer_1053,North,07-01-2019
1054,Customer_1054,South,09-10-2020
1055,Customer_1055,South,14-10-2022
1056,Customer_1056,South,29-10-2020
1057,Customer_1057,West,11-06-2020
1058,Customer_1058,North,01-11-2018
1059,Customer_1059,South,03-05-2021
1060,Customer_1060,West,12-05-2023
1061,Customer_1061,East,26-10-2021
1062,Customer_1062,North,30-01-2018
1063,Customer_1063,North,02-06-2021
1064,Customer_1064,South,31-05-2022
1065,Customer_1065,South,05-11-2021
1066,Customer_1066,East,26-10-2020
1067,Customer_1067,North,05-05-2021
1068,Customer_1068,North,02-06-2023
1069,Customer_1069,West,22-09-2020
1070,Customer_1070,South,11-09-2019
1071,Customer_1071,South,03-01-2022
1072,Customer_1072,North,29-07-2019
1073,Customer_1073,East,11-08-2018
1074,Customer_1074,North,20-07-2019
1075,Customer_1075,East,12-05-2019
1076,Customer_1076,South,02-03-2022
1077,Customer_1077,East,03-03-2019
1078,Customer_1078,West,05-08-2018
1079,Customer_1079,West,17-04-2021
1080,Customer_1080,South,27-01-2019
1081,Customer_1081,East,17-05-2023
1082,Customer_1082,West,11-05-2022
1083,Customer_1083,South,30-09-2019
1084,Customer_1084,North,24-02-2022
1085,Customer_1085,East,28-04-2019
1086,Customer_1086,East,17-09-2020
1087,Customer_1087,North,05-12-2021
1088,Customer_1088,West,12-05-2020
1089,Customer_1089,North,08-09-2019
1090,Customer_1090,South,06-11-2021
1091,Customer_1091,North,07-01-2022
1092,Customer_1092,South,31-08-2022
1093,Customer_1093,East,28-05-2020
1094,Customer_1094,East,08-12-2021
1095,Customer_1095,North,17-12-2018
1096,Customer_1096,East,27-07-2019
1097,Customer_1097,West,11-07-2022
1098,Customer_1098,West,16-07-2018
1099,Customer_1099,West,19-06-2022
1100,Customer_1100,East,14-09-2020
1101,Customer_1101,East,22-02-2021
1102,Customer_1102,South,05-09-2020
1103,Customer_1103,North,19-09-2021
1104,Customer_1104,East,17-11-2020
1105,Customer_1105,South,23-12-2022
1106,Customer_1106,North,06-01-2021
1107,Customer_1107,East,03-02-2019
1108,Customer_1108,West,28-04-2022
1109,Customer_1109,North,22-09-2022
1110,Customer_1110,East,24-09-2021
1111,Customer_1111,West,17-05-2019
1112,Customer_1112,West,27-12-2020
1113,Customer_1113,North,30-06-2021
1114,Customer_1114,North,26-07-2019
1115,Customer_1115,East,16-11-2021
1116,Customer_1116,North,14-09-2021
1117,Customer_1117,East,12-09-2020
1118,Customer_1118,East,15-03-2021
1119,Customer_1119,East,11-01-2022
1120,Customer_1120,South,14-10-2018
1121,Customer_1121,South,13-01-2018
1122,Customer_1122,North,27-02-2019
1123,Customer_1123,North,20-06-2021
1124,Customer_1124,North,31-12-2022
1125,Customer_1125,North,27-09-2019
1126,Customer_1126,North,20-01-2021
1127,Customer_1127,East,01-02-2022
1128,Customer_1128,North,05-07-2021
1129,Customer_1129,East,31-03-2018
1130,Customer_1130,East,01-10-2019
1131,Customer_1131,South,31-07-2020
1132,Customer_1132,West,04-03-2019
1133,Customer_1133,North,03-04-2023
1134,Customer_1134,East,25-09-2020
1135,Customer_1135,West,24-04-2021
1136,Customer_1136,West,05-06-2022
1137,Customer_1137,West,30-04-2018
1138,Customer_1138,East,07-07-2022
1139,Customer_1139,North,29-10-2018
1140,Customer_1140,East,12-08-2022
1141,Customer_1141,North,06-01-2019
1142,Customer_1142,North,03-12-2021
1143,Customer_1143,East,29-11-2018
1144,Customer_1144,East,31-03-2018
1145,Customer_1145,East,21-12-2020
1146,Customer_1146,West,10-12-2022
1147,Customer_1147,North,21-09-2021
1148,Customer_1148,East,14-02-2022
1149,Customer_1149,West,03-02-2019
1150,Customer_1150,East,25-11-2018
1151,Customer_1151,South,11-02-2018
1152,Customer_1152,North,21-03-2021
1153,Customer_1153,East,09-10-2018
1154,Customer_1154,East,22-12-2018
1155,Customer_1155,South,01-06-2018
1156,Customer_1156,South,28-01-2022
1157,Customer_1157,East,18-12-2020
1158,Customer_1158,South,27-11-2021
1159,Customer_1159,West,07-04-2021
1160,Customer_1160,West,21-10-2021
1161,Customer_1161,West,05-08-2021
1162,Customer_1162,South,08-04-2023
1163,Customer_1163,South,16-06-2019
1164,Customer_1164,West,30-03-2019
1165,Customer_1165,South,03-02-2020
1166,Customer_1166,West,21-03-2020
1167,Customer_1167,West,03-03-2022
1168,Customer_1168,West,19-08-2022
1169,Customer_1169,South,13-03-2022
1170,Customer_1170,South,12-04-2020
1171,Customer_1171,South,07-09-2019
1172,Customer_1172,South,09-12-2018
1173,Customer_1173,East,01-02-2020
1174,Customer_1174,West,26-12-2020
1175,Customer_1175,South,15-05-2021
1176,Customer_1176,West,11-05-2023
1177,Customer_1177,East,21-06-2023
1178,Customer_1178,East,18-10-2020
1179,Customer_1179,South,02-06-2022
1180,Customer_1180,West,02-01-2023
1181,Customer_1181,North,01-08-2019
1182,Customer_1182,North,01-01-2022
1183,Customer_1183,East,27-11-2022
1184,Customer_1184,West,30-07-2022
1185,Customer_1185,South,24-02-2023
1186,Customer_1186,North,24-05-2019
1187,Customer_1187,South,29-05-2021
1188,Customer_1188,East,12-04-2023
1189,Customer_1189,West,31-03-2018
1190,Customer_1190,South,09-09-2019
1191,Customer_1191,West,14-09-2020
1192,Customer_1192,East,12-05-2023
1193,Customer_1193,East,28-04-2023
1194,Customer_1194,West,27-10-2019
1195,Customer_1195,West,04-09-2019
1196,Customer_1196,South,27-07-2022
1197,Customer_1197,East,01-10-2018
1198,Customer_1198,East,04-11-2019
1199,Customer_1199,West,30-11-2019
1200,Customer_1200,West,20-01-2023
1201,Customer_1201,West,17-11-2021
1202,Customer_1202,East,07-08-2019
1203,Customer_1203,South,30-10-2018
1204,Customer_1204,North,29-02-2020
1205,Customer_1205,North,09-06-2022
1206,Customer_1206,West,13-10-2020
1207,Customer_1207,South,09-12-2019
1208,Customer_1208,West,10-12-2021
1209,Customer_1209,East,15-03-2021
1210,Customer_1210,East,18-08-2018
1211,Customer_1211,South,21-03-2019
1212,Customer_1212,North,18-05-2022
1213,Customer_1213,West,05-04-2020
1214,Customer_1214,East,26-02-2023
1215,Customer_1215,South,13-04-2019
1216,Customer_1216,West,10-01-2023
1217,Customer_1217,North,02-11-2018
1218,Customer_1218,North,06-07-2021
1219,Customer_1219,South,17-07-2020
1220,Customer_1220,South,01-12-2019
1221,Customer_1221,South,05-05-2022
1222,Customer_1222,South,12-11-2022
1223,Customer_1223,North,23-05-2023
1224,Customer_1224,North,19-05-2019
1225,Customer_1225,South,14-07-2018
1226,Customer_1226,West,06-01-2023
1227,Customer_1227,North,29-03-2023
1228,Customer_1228,West,05-07-2018
1229,Customer_1229,South,30-07-2022
1230,Customer_1230,North,08-02-2023
1231,Customer_1231,West,11-09-2019
1232,Customer_1232,South,02-05-2022
1233,Customer_1233,West,27-03-2021
1234,Customer_1234,West,20-06-2021
1235,Customer_1235,East,12-02-2020
1236,Customer_1236,South,31-12-2021
1237,Customer_1237,East,15-09-2019
1238,Customer_1238,East,01-07-2018
1239,Customer_1239,West,15-11-2019
1240,Customer_1240,East,13-03-2022
1241,Customer_1241,East,13-09-2021
1242,Customer_1242,West,19-10-2019
1243,Customer_1243,East,15-06-2018
1244,Customer_1244,South,02-01-2018
1245,Customer_1245,West,10-06-2018
1246,Customer_1246,East,15-01-2018
1247,Customer_1247,North,06-06-2020
1248,Customer_1248,East,06-03-2023
1249,Customer_1249,South,24-06-2020
1250,Customer_1250,West,17-08-2020
1251,Customer_1251,South,23-04-2019
1252,Customer_1252,West,28-12-2019
1253,Customer_1253,East,11-09-2019
1254,Customer_1254,East,25-09-2019
1255,Customer_1255,North,07-08-2021
1256,Customer_1256,West,17-11-2021
1257,Customer_1257,East,07-10-2020
1258,Customer_1258,East,15-04-2019
1259,Customer_1259,North,16-04-2020
1260,Customer_1260,South,26-11-2020
1261,Customer_1261,North,16-12-2022
1262,Customer_1262,West,23-11-2020
1263,Customer_1263,North,23-05-2022
1264,Customer_1264,West,12-03-2023
1265,Customer_1265,East,13-07-2020
1266,Customer_1266,South,21-03-2019
1267,Customer_1267,North,29-10-2020
1268,Customer_1268,East,20-01-2018
1269,Customer_1269,South,24-09-2021
1270,Customer_1270,North,03-11-2018
1271,Customer_1271,West,22-01-2018
1272,Customer_1272,East,29-06-2021
1273,Customer_1273,East,11-04-2020
1274,Customer_1274,South,13-10-2020
1275,Customer_1275,North,27-11-2021
1276,Customer_1276,West,03-07-2022
1277,Customer_1277,East,29-05-2021
1278,Customer_1278,South,13-11-2021
1279,Customer_1279,North,09-07-2022
1280,Customer_1280,South,29-11-2022
1281,Customer_1281,East,07-04-2020
1282,Customer_1282,North,24-01-2021
1283,Customer_1283,South,20-07-2018
1284,Customer_1284,East,27-01-2019
1285,Customer_1285,South,15-03-2022
1286,Customer_1286,West,28-05-2021
1287,Customer_1287,South,21-12-2018
1288,Customer_1288,North,07-11-2022
1289,Customer_1289,South,24-12-2021
1290,Customer_1290,West,10-05-2018
1291,Customer_1291,South,01-08-2022
1292,Customer_1292,North,01-08-2021
1293,Customer_1293,North,20-09-2021
1294,Customer_1294,East,28-11-2022
1295,Customer_1295,West,08-12-2019
1296,Customer_1296,North,07-05-2022
1297,Customer_1297,West,03-05-2018
1298,Customer_1298,West,08-10-2018
1299,Customer_1299,North,14-03-2019
1300,Customer_1300,West,26-05-2020
1301,Customer_1301,West,21-04-2021
1302,Customer_1302,East,04-05-2021
1303,Customer_1303,South,02-03-2021
1304,Customer_1304,North,23-02-2023
1305,Customer_1305,East,08-04-2019
1306,Customer_1306,South,06-07-2020
1307,Customer_1307,North,22-01-2018
1308,Customer_1308,North,06-02-2018
1309,Customer_1309,West,01-04-2020
1310,Customer_1310,West,07-05-2020
1311,Customer_1311,West,21-08-2021
1312,Customer_1312,West,02-03-2019
1313,Customer_1313,South,18-08-2018
1314,Customer_1314,West,25-08-2019
1315,Customer_1315,North,22-07-2022
1316,Customer_1316,North,14-03-2021
1317,Customer_1317,West,24-04-2021
1318,Customer_1318,South,20-01-2018
1319,Customer_1319,North,08-09-2018
1320,Customer_1320,North,20-01-2018
1321,Customer_1321,North,29-09-2022
1322,Customer_1322,East,15-01-2022
1323,Customer_1323,North,24-04-2023
1324,Customer_1324,North,29-05-2020
1325,Customer_1325,North,13-06-2020
1326,Customer_1326,West,03-04-2021
1327,Customer_1327,South,09-11-2021
1328,Customer_1328,East,11-10-2021
1329,Customer_1329,West,13-06-2023
1330,Customer_1330,West,24-01-2023
1331,Customer_1331,West,05-06-2019
1332,Customer_1332,East,23-03-2019
1333,Customer_1333,North,16-12-2021
1334,Customer_1334,West,25-10-2022
1335,Customer_1335,North,13-12-2019
1336,Customer_1336,East,17-04-2022
1337,Customer_1337,West,22-08-2021
1338,Customer_1338,East,18-06-2020
1339,Customer_1339,East,09-11-2022
1340,Customer_1340,East,20-03-2022
1341,Customer_1341,East,19-09-2018
1342,Customer_1342,South,29-07-2019
1343,Customer_1343,West,14-02-2023
1344,Customer_1344,West,19-10-2019
1345,Customer_1345,South,13-04-2019
1346,Customer_1346,West,20-10-2021
1347,Customer_1347,North,19-01-2023
1348,Customer_1348,North,29-12-2019
1349,Customer_1349,North,04-02-2020
1350,Customer_1350,West,06-01-2022
1351,Customer_1351,West,02-01-2021
1352,Customer_1352,West,02-08-2022
1353,Customer_1353,East,09-05-2021
1354,Customer_1354,North,09-02-2020
1355,Customer_1355,South,22-01-2021
1356,Customer_1356,West,24-12-2018
1357,Customer_1357,South,13-05-2022
1358,Customer_1358,East,12-04-2022
1359,Customer_1359,South,12-08-2019
1360,Customer_1360,South,26-03-2021
1361,Customer_1361,South,10-08-2018
1362,Customer_1362,North,09-07-2018
1363,Customer_1363,South,13-05-2022
1364,Customer_1364,South,26-11-2019
1365,Customer_1365,North,28-04-2023
1366,Customer_1366,South,30-07-2019
1367,Customer_1367,West,10-01-2018
1368,Customer_1368,South,24-12-2021
1369,Customer_1369,East,24-11-2020
1370,Customer_1370,South,25-07-2019
1371,Customer_1371,East,24-10-2021
1372,Customer_1372,East,06-02-2022
1373,Customer_1373,West,20-03-2021
1374,Customer_1374,North,06-02-2021
1375,Customer_1375,East,19-05-2022
1376,Customer_1376,North,20-01-2018
1377,Customer_1377,North,26-03-2023
1378,Customer_1378,West,03-09-2021
1379,Customer_1379,West,23-02-2021
1380,Customer_1380,East,01-01-2021
1381,Customer_1381,South,23-09-2020
1382,Customer_1382,East,22-09-2019
1383,Customer_1383,West,03-11-2018
1384,Customer_1384,North,20-08-2019
1385,Customer_1385,East,19-09-2020
1386,Customer_1386,East,09-01-2018
1387,Customer_1387,West,29-12-2020
1388,Customer_1388,South,25-09-2019
1389,Customer_1389,South,11-07-2019
1390,Customer_1390,North,28-08-2019
1391,Customer_1391,South,24-05-2021
1392,Customer_1392,East,02-08-2022
1393,Customer_1393,East,05-01-2021
1394,Customer_1394,North,02-07-2022
1395,Customer_1395,South,27-11-2022
1396,Customer_1396,North,14-06-2022
1397,Customer_1397,East,20-11-2020
1398,Customer_1398,North,10-07-2020
1399,Customer_1399,West,27-10-2020
1400,Customer_1400,South,19-10-2020
1401,Customer_1401,North,25-11-2021
1402,Customer_1402,South,01-09-2018
1403,Customer_1403,South,09-07-2022
1404,Customer_1404,East,12-12-2018
1405,Customer_1405,East,21-06-2021
1406,Customer_1406,North,05-10-2020
1407,Customer_1407,East,06-09-2019
1408,Customer_1408,North,20-01-2020
1409,Customer_1409,South,24-12-2018
1410,Customer_1410,North,05-09-2020
1411,Customer_1411,North,15-08-2020
1412,Customer_1412,South,04-02-2020
1413,Customer_1413,South,06-03-2020
1414,Customer_1414,South,18-11-2022
1415,Customer_1415,West,12-10-2020
1416,Customer_1416,South,16-04-2018
1417,Customer_1417,South,15-01-2018
1418,Customer_1418,South,16-12-2019
1419,Customer_1419,North,27-03-2022
1420,Customer_1420,North,09-10-2020
1421,Customer_1421,North,16-05-2019
1422,Customer_1422,North,27-03-2021
1423,Customer_1423,South,20-04-2020
1424,Customer_1424,South,09-09-2020
1425,Customer_1425,West,13-01-2023
1426,Customer_1426,East,24-11-2019
1427,Customer_1427,East,31-03-2019
1428,Customer_1428,South,01-05-2019
1429,Customer_1429,East,11-05-2019
1430,Customer_1430,East,13-08-2020
1431,Customer_1431,North,21-12-2020
1432,Customer_1432,North,31-07-2018
1433,Customer_1433,East,04-06-2019
1434,Customer_1434,East,16-06-2021
1435,Customer_1435,West,17-05-2021
1436,Customer_1436,West,20-07-2020
1437,Customer_1437,South,07-05-2020
1438,Customer_1438,West,16-01-2023
1439,Customer_1439,North,09-01-2020
1440,Customer_1440,East,13-03-2020
1441,Customer_1441,North,19-09-2018
1442,Customer_1442,East,15-10-2021
1443,Customer_1443,South,19-05-2022
1444,Customer_1444,South,06-07-2020
1445,Customer_1445,East,19-03-2022
1446,Customer_1446,West,21-08-2019
1447,Customer_1447,West,01-08-2020
1448,Customer_1448,South,22-10-2022
1449,Customer_1449,West,17-01-2021
1450,Customer_1450,North,12-09-2019
1451,Customer_1451,North,03-11-2022
1452,Customer_1452,South,05-10-2019
1453,Customer_1453,South,22-12-2020
1454,Customer_1454,North,26-06-2022
1455,Customer_1455,North,01-06-2018
1456,Customer_1456,West,09-03-2022
1457,Customer_1457,North,17-05-2018
1458,Customer_1458,North,21-06-2022
1459,Customer_1459,North,25-12-2021
1460,Customer_1460,East,08-03-2022
1461,Customer_1461,West,21-05-2018
1462,Customer_1462,South,03-03-2019
1463,Customer_1463,North,24-04-2020
1464,Customer_1464,West,28-09-2020
1465,Customer_1465,East,12-12-2020
1466,Customer_1466,West,19-11-2018
1467,Customer_1467,East,23-08-2021
1468,Customer_1468,North,07-02-2021
1469,Customer_1469,South,18-06-2022
1470,Customer_1470,West,14-06-2023
1471,Customer_1471,East,03-11-2019
1472,Customer_1472,West,12-03-2018
1473,Customer_1473,South,31-01-2023
1474,Customer_1474,East,14-05-2021
1475,Customer_1475,North,24-07-2018
1476,Customer_1476,West,15-06-2020
1477,Customer_1477,South,05-04-2019
1478,Customer_1478,North,07-06-2021
1479,Customer_1479,West,12-11-2019
1480,Customer_1480,North,15-06-2018
1481,Customer_1481,West,28-03-2023
1482,Customer_1482,East,07-03-2020
1483,Customer_1483,North,30-04-2018
1484,Customer_1484,West,01-11-2019
1485,Customer_1485,North,02-06-2020
1486,Customer_1486,North,08-09-2020
1487,Customer_1487,South,04-05-2020
1488,Customer_1488,North,04-09-2020
1489,Customer_1489,South,31-03-2020
1490,Customer_1490,East,13-04-2023
1491,Customer_1491,South,08-01-2020
1492,Customer_1492,North,27-06-2022
1493,Customer_1493,North,02-08-2022
1494,Customer_1494,West,23-04-2023
1495,Customer_1495,South,24-10-2021
1496,Customer_1496,West,23-12-2021
1497,Customer_1497,North,08-11-2022
1498,Customer_1498,East,28-03-2022
1499,Customer_1499,East,13-04-2023
1500,Customer_1500,West,22-07-2020
1501,Customer_1501,East,16-01-2021
1502,Customer_1502,South,19-04-2020
1503,Customer_1503,East,13-06-2019
1504,Customer_1504,West,20-10-2022
1505,Customer_1505,North,08-12-2021
1506,Customer_1506,West,06-12-2020
1507,Customer_1507,North,28-05-2021
1508,Customer_1508,North,17-04-2019
1509,Customer_1509,East,14-06-2023
1510,Customer_1510,West,22-02-2021
1511,Customer_1511,West,16-03-2019
1512,Customer_1512,South,17-02-2023
1513,Customer_1513,West,26-11-2020
1514,Customer_1514,West,15-03-2022
1515,Customer_1515,South,24-10-2018
1516,Customer_1516,East,13-06-2020
1517,Customer_1517,North,31-07-2019
1518,Customer_1518,East,27-01-2018
1519,Customer_1519,North,01-07-2021
1520,Customer_1520,East,06-03-2021
1521,Customer_1521,East,09-07-2022
1522,Customer_1522,East,28-03-2019
1523,Customer_1523,South,29-07-2018
1524,Customer_1524,East,02-10-2020
1525,Customer_1525,North,27-03-2018
1526,Customer_1526,East,12-10-2020
1527,Customer_1527,South,09-01-2018
1528,Customer_1528,East,17-09-2022
1529,Customer_1529,North,18-01-2019
1530,Customer_1530,East,12-06-2021
1531,Customer_1531,East,30-08-2019
1532,Customer_1532,West,10-05-2022
1533,Customer_1533,North,04-11-2019
1534,Customer_1534,South,08-06-2019
1535,Customer_1535,South,21-04-2021
1536,Customer_1536,North,07-03-2022
1537,Customer_1537,West,25-12-2018
1538,Customer_1538,West,08-01-2023
1539,Customer_1539,East,11-01-2019
1540,Customer_1540,South,08-02-2023
1541,Customer_1541,East,06-04-2020
1542,Customer_1542,West,13-01-2019
1543,Customer_1543,North,20-08-2019
1544,Customer_1544,North,14-08-2018
1545,Customer_1545,West,02-12-2019
1546,Customer_1546,North,10-09-2018
1547,Customer_1547,East,04-05-2019
1548,Customer_1548,North,27-12-2018
1549,Customer_1549,South,08-09-2018
1550,Customer_1550,West,25-05-2022
1551,Customer_1551,North,27-05-2021
1552,Customer_1552,North,09-10-2019
1553,Customer_1553,North,28-09-2022
1554,Customer_1554,South,28-02-2021
1555,Customer_1555,North,18-07-2018
1556,Customer_1556,East,12-08-2018
1557,Customer_1557,North,08-03-2018
1558,Customer_1558,East,06-01-2019
1559,Customer_1559,North,16-11-2022
1560,Customer_1560,North,18-11-2021
1561,Customer_1561,South,24-09-2018
1562,Customer_1562,North,05-10-2019
1563,Customer_1563,South,29-10-2022
1564,Customer_1564,North,26-04-2019
1565,Customer_1565,West,08-08-2021
1566,Customer_1566,West,26-12-2018
1567,Customer_1567,East,23-03-2019
1568,Customer_1568,North,30-07-2018
1569,Customer_1569,South,25-04-2019
1570,Customer_1570,West,20-09-2018
1571,Customer_1571,West,21-06-2022
1572,Customer_1572,North,29-03-2021
1573,Customer_1573,East,24-10-2022
1574,Customer_1574,North,12-06-2018
1575,Customer_1575,North,03-08-2021
1576,Customer_1576,East,02-03-2018
1577,Customer_1577,South,10-12-2018
1578,Customer_1578,South,21-11-2020
1579,Customer_1579,East,12-03-2019
1580,Customer_1580,North,29-11-2019
1581,Customer_1581,West,08-05-2019
1582,Customer_1582,South,11-05-2018
1583,Customer_1583,West,04-02-2018
1584,Customer_1584,East,18-02-2022
1585,Customer_1585,North,11-06-2023
1586,Customer_1586,North,19-08-2021
1587,Customer_1587,South,12-06-2020
1588,Customer_1588,North,04-10-2022
1589,Customer_1589,East,01-01-2022
1590,Customer_1590,North,04-04-2023
1591,Customer_1591,South,16-10-2020
1592,Customer_1592,North,09-07-2018
1593,Customer_1593,South,30-12-2019
1594,Customer_1594,West,26-09-2018
1595,Customer_1595,North,27-03-2020
1596,Customer_1596,West,18-06-2020
1597,Customer_1597,West,01-04-2023
1598,Customer_1598,West,26-03-2019
1599,Customer_1599,East,04-02-2023
1600,Customer_1600,South,01-07-2022
1601,Customer_1601,South,12-03-2022
1602,Customer_1602,East,30-09-2022
1603,Customer_1603,East,10-10-2021
1604,Customer_1604,East,05-04-2022
1605,Customer_1605,East,24-03-2022
1606,Customer_1606,East,01-06-2020
1607,Customer_1607,North,31-12-2019
1608,Customer_1608,West,26-04-2023
1609,Customer_1609,North,15-02-2023
1610,Customer_1610,North,26-04-2018
1611,Customer_1611,North,14-04-2021
1612,Customer_1612,West,01-09-2018
1613,Customer_1613,South,09-09-2021
1614,Customer_1614,East,12-05-2019
1615,Customer_1615,North,01-02-2023
1616,Customer_1616,East,16-05-2018
1617,Customer_1617,East,22-03-2022
1618,Customer_1618,West,11-05-2022
1619,Customer_1619,West,23-05-2020
1620,Customer_1620,West,29-03-2020
1621,Customer_1621,East,12-12-2022
1622,Customer_1622,South,24-06-2022
1623,Customer_1623,West,21-12-2022
1624,Customer_1624,South,28-02-2021
1625,Customer_1625,North,05-11-2022
1626,Customer_1626,West,02-06-2022
1627,Customer_1627,East,08-04-2023
1628,Customer_1628,East,08-02-2022
1629,Customer_1629,North,13-04-2019
1630,Customer_1630,West,19-02-2019
1631,Customer_1631,East,21-11-2021
1632,Customer_1632,North,04-04-2021
1633,Customer_1633,North,10-06-2023
1634,Customer_1634,North,08-05-2019
1635,Customer_1635,West,13-10-2019
1636,Customer_1636,North,29-06-2019
1637,Customer_1637,East,17-02-2018
1638,Customer_1638,North,18-11-2021
1639,Customer_1639,West,25-02-2018
1640,Customer_1640,North,18-02-2022
1641,Customer_1641,East,09-01-2023
1642,Customer_1642,South,27-07-2019
1643,Customer_1643,South,11-10-2020
1644,Customer_1644,North,14-04-2022
1645,Customer_1645,West,13-03-2020
1646,Customer_1646,East,28-08-2021
1647,Customer_1647,East,03-11-2019
1648,Customer_1648,West,17-01-2018
1649,Customer_1649,East,28-01-2021
1650,Customer_1650,North,15-10-2020
1651,Customer_1651,South,05-02-2019
1652,Customer_1652,North,03-01-2018
1653,Customer_1653,West,25-08-2021
1654,Customer_1654,South,22-09-2020
1655,Customer_1655,East,11-06-2019
1656,Customer_1656,South,28-10-2020
1657,Customer_1657,West,28-06-2019
1658,Customer_1658,East,15-09-2019
1659,Customer_1659,West,28-01-2023
1660,Customer_1660,West,05-07-2022
1661,Customer_1661,West,16-12-2022
1662,Customer_1662,South,28-12-2022
1663,Customer_1663,East,28-03-2018
1664,Customer_1664,West,13-02-2022
1665,Customer_1665,South,18-10-2020
1666,Customer_1666,South,27-11-2021
1667,Customer_1667,North,14-12-2021
1668,Customer_1668,West,12-06-2020
1669,Customer_1669,East,07-05-2018
1670,Customer_1670,North,15-02-2020
1671,Customer_1671,West,23-05-2023
1672,Customer_1672,North,09-06-2018
1673,Customer_1673,North,26-03-2019
1674,Customer_1674,East,21-11-2021
1675,Customer_1675,East,03-03-2023
1676,Customer_1676,North,18-02-2018
1677,Customer_1677,North,06-04-2020
1678,Customer_1678,South,21-10-2022
1679,Customer_1679,West,31-01-2022
1680,Customer_1680,South,22-09-2018
1681,Customer_1681,South,09-07-2018
1682,Customer_1682,West,23-01-2021
1683,Customer_1683,East,14-08-2019
1684,Customer_1684,East,20-01-2023
1685,Customer_1685,East,04-03-2019
1686,Customer_1686,East,01-05-2019
1687,Customer_1687,East,04-09-2019
1688,Customer_1688,South,13-01-2021
1689,Customer_1689,East,05-05-2021
1690,Customer_1690,West,21-09-2018
1691,Customer_1691,East,29-10-2021
1692,Customer_1692,East,27-07-2018
1693,Customer_1693,North,26-06-2019
1694,Customer_1694,South,15-06-2023
1695,Customer_1695,North,16-01-2018
1696,Customer_1696,North,06-02-2019
1697,Customer_1697,South,19-11-2018
1698,Customer_1698,North,24-10-2021
1699,Customer_1699,West,19-11-2020
1700,Customer_1700,North,21-04-2018
1701,Customer_1701,West,21-04-2020
1702,Customer_1702,South,22-09-2021
1703,Customer_1703,South,28-01-2020
1704,Customer_1704,East,11-01-2020
1705,Customer_1705,West,17-03-2019
1706,Customer_1706,East,09-12-2019
1707,Customer_1707,North,30-01-2022
1708,Customer_1708,South,17-11-2020
1709,Customer_1709,East,29-07-2022
1710,Customer_1710,North,18-03-2020
1711,Customer_1711,North,02-05-2019
1712,Customer_1712,East,22-07-2021
1713,Customer_1713,East,25-06-2022
1714,Customer_1714,West,28-07-2019
1715,Customer_1715,West,12-07-2020
1716,Customer_1716,East,01-10-2020
1717,Customer_1717,East,02-05-2020
1718,Customer_1718,North,12-01-2023
1719,Customer_1719,South,21-07-2022
1720,Customer_1720,West,27-01-2018
1721,Customer_1721,East,23-06-2020
1722,Customer_1722,North,06-02-2020
1723,Customer_1723,West,09-10-2020
1724,Customer_1724,North,26-08-2021
1725,Customer_1725,West,06-06-2018
1726,Customer_1726,West,04-08-2018
1727,Customer_1727,North,30-03-2021
1728,Customer_1728,West,18-04-2019
1729,Customer_1729,North,01-06-2022
1730,Customer_1730,West,31-08-2022
1731,Customer_1731,West,11-10-2018
1732,Customer_1732,East,20-09-2020
1733,Customer_1733,North,16-09-2021
1734,Customer_1734,South,15-06-2023
1735,Customer_1735,East,15-03-2022
1736,Customer_1736,East,10-02-2023
1737,Customer_1737,East,28-04-2021
1738,Customer_1738,East,18-09-2021
1739,Customer_1739,North,11-02-2023
1740,Customer_1740,North,17-06-2020
1741,Customer_1741,West,10-12-2019
1742,Customer_1742,West,04-08-2021
1743,Customer_1743,East,20-06-2018
1744,Customer_1744,East,09-11-2021
1745,Customer_1745,South,29-09-2019
1746,Customer_1746,North,21-02-2020
1747,Customer_1747,South,24-05-2021
1748,Customer_1748,North,10-10-2018
1749,Customer_1749,South,27-10-2021
1750,Customer_1750,North,01-01-2021
1751,Customer_1751,West,21-08-2019
1752,Customer_1752,East,02-07-2019
1753,Customer_1753,East,20-12-2019
1754,Customer_1754,South,16-06-2020
1755,Customer_1755,East,17-07-2018
1756,Customer_1756,West,16-02-2023
1757,Customer_1757,North,13-07-2020
1758,Customer_1758,East,08-10-2022
1759,Customer_1759,East,20-07-2020
1760,Customer_1760,South,20-06-2018
1761,Customer_1761,South,15-07-2021
1762,Customer_1762,South,03-04-2018
1763,Customer_1763,East,16-02-2021
1764,Customer_1764,East,05-04-2018
1765,Customer_1765,South,11-03-2019
1766,Customer_1766,East,31-03-2019
1767,Customer_1767,South,01-05-2020
1768,Customer_1768,East,23-08-2021
1769,Customer_1769,North,30-05-2021
1770,Customer_1770,East,18-01-2020
1771,Customer_1771,North,04-03-2020
1772,Customer_1772,North,28-03-2019
1773,Customer_1773,North,09-05-2021
1774,Customer_1774,South,22-09-2021
1775,Customer_1775,South,20-09-2020
1776,Customer_1776,North,10-04-2022
1777,Customer_1777,South,28-09-2019
1778,Customer_1778,West,31-05-2018
1779,Customer_1779,West,07-05-2023
1780,Customer_1780,North,27-11-2020
1781,Customer_1781,North,18-01-2023
1782,Customer_1782,East,28-11-2022
1783,Customer_1783,South,17-10-2022
1784,Customer_1784,North,04-02-2019
1785,Customer_1785,North,26-03-2022
1786,Customer_1786,West,19-01-2020
1787,Customer_1787,East,29-11-2021
1788,Customer_1788,West,03-05-2021
1789,Customer_1789,East,17-01-2022
1790,Customer_1790,West,26-09-2022
1791,Customer_1791,West,31-07-2021
1792,Customer_1792,East,03-05-2020
1793,Customer_1793,West,31-03-2020
1794,Customer_1794,West,17-04-2020
1795,Customer_1795,East,03-06-2020
1796,Customer_1796,East,06-03-2022
1797,Customer_1797,West,13-11-2020
1798,Customer_1798,West,10-04-2022
1799,Customer_1799,East,30-12-2018
1800,Customer_1800,West,13-05-2021
1801,Customer_1801,East,28-09-2021
1802,Customer_1802,West,08-05-2022
1803,Customer_1803,North,15-06-2019
1804,Customer_1804,South,12-02-2023
1805,Customer_1805,East,10-02-2021
1806,Customer_1806,South,03-09-2018
1807,Customer_1807,South,11-11-2020
1808,Customer_1808,South,29-11-2022
1809,Customer_1809,West,16-08-2021
1810,Customer_1810,East,24-09-2021
1811,Customer_1811,South,13-04-2022
1812,Customer_1812,East,25-03-2023
1813,Customer_1813,South,12-11-2022
1814,Customer_1814,West,01-01-2023
1815,Customer_1815,West,19-12-2019
1816,Customer_1816,East,29-12-2021
1817,Customer_1817,West,01-02-2023
1818,Customer_1818,West,03-12-2021
1819,Customer_1819,East,01-06-2018
1820,Customer_1820,South,13-10-2020
1821,Customer_1821,East,13-03-2021
1822,Customer_1822,West,07-03-2021
1823,Customer_1823,West,22-03-2019
1824,Customer_1824,West,31-07-2020
1825,Customer_1825,South,27-06-2018
1826,Customer_1826,East,29-07-2018
1827,Customer_1827,West,04-05-2020
1828,Customer_1828,West,07-11-2020
1829,Customer_1829,North,08-07-2020
1830,Customer_1830,East,26-02-2018
1831,Customer_1831,South,13-02-2019
1832,Customer_1832,West,23-06-2020
1833,Customer_1833,East,25-07-2020
1834,Customer_1834,North,29-03-2022
1835,Customer_1835,East,26-08-2020
1836,Customer_1836,North,19-05-2022
1837,Customer_1837,East,08-04-2018
1838,Customer_1838,North,06-11-2018
1839,Customer_1839,South,06-01-2018
1840,Customer_1840,South,30-11-2021
1841,Customer_1841,West,01-03-2019
1842,Customer_1842,East,05-12-2022
1843,Customer_1843,South,21-07-2021
1844,Customer_1844,South,22-08-2018
1845,Customer_1845,East,30-03-2019
1846,Customer_1846,East,10-05-2018
1847,Customer_1847,South,23-08-2022
1848,Customer_1848,West,11-06-2022
1849,Customer_1849,North,16-09-2020
1850,Customer_1850,North,13-05-2023
1851,Customer_1851,West,22-11-2021
1852,Customer_1852,North,02-03-2020
1853,Customer_1853,North,05-05-2019
1854,Customer_1854,North,30-09-2020
1855,Customer_1855,East,09-12-2021
1856,Customer_1856,West,08-01-2023
1857,Customer_1857,South,14-10-2022
1858,Customer_1858,West,10-03-2023
1859,Customer_1859,East,13-10-2020
1860,Customer_1860,East,14-11-2018
1861,Customer_1861,South,04-02-2020
1862,Customer_1862,North,18-06-2021
1863,Customer_1863,East,19-08-2022
1864,Customer_1864,West,08-08-2022
1865,Customer_1865,South,16-11-2020
1866,Customer_1866,South,25-02-2020
1867,Customer_1867,South,24-04-2018
1868,Customer_1868,South,19-05-2023
1869,Customer_1869,East,10-01-2021
1870,Customer_1870,East,04-05-2023
1871,Customer_1871,West,18-02-2023
1872,Customer_1872,South,12-01-2019
1873,Customer_1873,East,02-09-2021
1874,Customer_1874,East,26-02-2021
1875,Customer_1875,East,23-04-2018
1876,Customer_1876,East,26-09-2020
1877,Customer_1877,East,25-01-2023
1878,Customer_1878,West,15-08-2018
1879,Customer_1879,South,11-04-2020
1880,Customer_1880,South,04-10-2020
1881,Customer_1881,East,30-05-2018
1882,Customer_1882,South,22-04-2022
1883,Customer_1883,East,03-11-2021
1884,Customer_1884,West,21-11-2019
1885,Customer_1885,South,03-01-2020
1886,Customer_1886,North,05-06-2022
1887,Customer_1887,South,29-12-2020
1888,Customer_1888,South,25-11-2020
1889,Customer_1889,East,04-08-2021
1890,Customer_1890,West,28-02-2020
1891,Customer_1891,North,05-06-2021
1892,Customer_1892,North,08-11-2022
1893,Customer_1893,West,14-04-2018
1894,Customer_1894,North,24-09-2021
1895,Customer_1895,South,07-09-2022
1896,Customer_1896,East,10-07-2020
1897,Customer_1897,North,19-10-2020
1898,Customer_1898,West,13-09-2021
1899,Customer_1899,North,06-04-2023
1900,Customer_1900,North,26-06-2021
1901,Customer_1901,East,09-02-2021
1902,Customer_1902,West,03-01-2021
1903,Customer_1903,East,22-06-2022
1904,Customer_1904,South,26-07-2021
1905,Customer_1905,East,15-08-2018
1906,Customer_1906,East,24-07-2019
1907,Customer_1907,West,20-04-2019
1908,Customer_1908,West,29-06-2019
1909,Customer_1909,East,08-04-2020
1910,Customer_1910,East,11-06-2023
1911,Customer_1911,North,29-06-2018
1912,Customer_1912,East,07-07-2021
1913,Customer_1913,East,06-04-2023
1914,Customer_1914,East,11-11-2022
1915,Customer_1915,South,12-10-2018
1916,Customer_1916,South,03-02-2020
1917,Customer_1917,West,14-02-2023
1918,Customer_1918,South,07-04-2021
1919,Customer_1919,East,20-06-2019
1920,Customer_1920,West,16-02-2019
1921,Customer_1921,South,01-07-2018
1922,Customer_1922,West,04-06-2019
1923,Customer_1923,South,01-05-2020
1924,Customer_1924,South,02-02-2023
1925,Customer_1925,East,05-01-2021
1926,Customer_1926,North,22-08-2022
1927,Customer_1927,West,22-07-2018
1928,Customer_1928,West,24-04-2022
1929,Customer_1929,North,03-04-2022
1930,Customer_1930,West,16-08-2022
1931,Customer_1931,North,07-05-2018
1932,Customer_1932,South,11-10-2021
1933,Customer_1933,West,25-11-2020
1934,Customer_1934,South,16-03-2020
1935,Customer_1935,West,31-12-2019
1936,Customer_1936,East,26-07-2021
1937,Customer_1937,South,01-04-2018
1938,Customer_1938,East,23-12-2019
1939,Customer_1939,West,12-12-2020
1940,Customer_1940,East,22-05-2018
1941,Customer_1941,West,29-06-2021
1942,Customer_1942,North,24-04-2023
1943,Customer_1943,East,06-07-2020
1944,Customer_1944,East,24-05-2021
1945,Customer_1945,North,20-01-2019
1946,Customer_1946,East,28-09-2019
1947,Customer_1947,North,16-02-2022
1948,Customer_1948,East,15-02-2019
1949,Customer_1949,East,02-01-2018
1950,Customer_1950,East,30-03-2018
1951,Customer_1951,East,24-04-2022
1952,Customer_1952,East,20-06-2018
1953,Customer_1953,West,06-07-2021
1954,Customer_1954,East,08-10-2021
1955,Customer_1955,South,13-11-2020
1956,Customer_1956,West,24-05-2020
1957,Customer_1957,East,30-06-2020
1958,Customer_1958,South,08-08-2020
1959,Customer_1959,North,22-07-2019
1960,Customer_1960,West,24-01-2022
1961,Customer_1961,North,07-02-2018
1962,Customer_1962,North,08-03-2021
1963,Customer_1963,South,30-01-2018
1964,Customer_1964,West,13-10-2021
1965,Customer_1965,South,26-03-2019
1966,Customer_1966,East,19-08-2021
1967,Customer_1967,West,19-06-2022
1968,Customer_1968,South,14-02-2021
1969,Customer_1969,South,04-04-2022
1970,Customer_1970,North,15-11-2021
1971,Customer_1971,East,02-03-2022
1972,Customer_1972,West,04-10-2018
1973,Customer_1973,West,08-09-2022
1974,Customer_1974,South,19-10-2022
1975,Customer_1975,South,22-02-2022
1976,Customer_1976,East,12-04-2022
1977,Customer_1977,South,15-03-2023
1978,Customer_1978,West,06-03-2021
1979,Customer_1979,North,24-12-2019
1980,Customer_1980,West,07-01-2018
1981,Customer_1981,South,24-06-2020
1982,Customer_1982,West,02-05-2021
1983,Customer_1983,East,29-06-2019
1984,Customer_1984,West,27-07-2019
1985,Customer_1985,East,11-04-2022
1986,Customer_1986,North,07-01-2023
1987,Customer_1987,South,25-07-2021
1988,Customer_1988,West,07-09-2020
1989,Customer_1989,West,27-03-2023
1990,Customer_1990,North,04-04-2023
1991,Customer_1991,East,03-03-2023
1992,Customer_1992,North,15-08-2021
1993,Customer_1993,North,28-09-2022
1994,Customer_1994,North,08-06-2018
1995,Customer_1995,West,07-05-2020
1996,Customer_1996,North,13-07-2019
1997,Customer_1997,North,16-01-2020
1998,Customer_1998,East,06-08-2022
1999,Customer_1999,West,23-02-2018
2000,Customer_2000,West,24-12-2021
2001,Customer_2001,East,14-07-2018
2002,Customer_2002,West,04-07-2020
2003,Customer_2003,North,04-11-2021
2004,Customer_2004,West,11-12-2022
2005,Customer_2005,South,23-07-2021
2006,Customer_2006,North,07-07-2022
2007,Customer_2007,West,10-06-2018
2008,Customer_2008,East,24-08-2019
2009,Customer_2009,North,02-10-2018
2010,Customer_2010,East,01-04-2021
2011,Customer_2011,West,10-01-2023
2012,Customer_2012,West,30-06-2019
2013,Customer_2013,West,26-08-2019
2014,Customer_2014,East,18-07-2020
2015,Customer_2015,South,15-12-2020
2016,Customer_2016,East,02-05-2019
2017,Customer_2017,North,11-08-2021
2018,Customer_2018,South,07-12-2020
2019,Customer_2019,North,16-05-2023
2020,Customer_2020,West,24-01-2021
2021,Customer_2021,North,01-10-2018
2022,Customer_2022,East,29-07-2020
2023,Customer_2023,South,01-04-2023
2024,Customer_2024,North,30-03-2019
2025,Customer_2025,North,25-10-2020
2026,Customer_2026,North,24-08-2021
2027,Customer_2027,South,24-02-2018
2028,Customer_2028,North,28-05-2019
2029,Customer_2029,East,12-10-2020
2030,Customer_2030,West,02-05-2023
2031,Customer_2031,North,23-08-2022
2032,Customer_2032,East,03-09-2022
2033,Customer_2033,South,30-12-2019
2034,Customer_2034,East,25-09-2018
2035,Customer_2035,North,29-11-2019
2036,Customer_2036,North,01-01-2023
2037,Customer_2037,East,14-05-2021
2038,Customer_2038,West,08-04-2021
2039,Customer_2039,East,28-06-2020
2040,Customer_2040,West,18-06-2020
2041,Customer_2041,North,21-05-2023
2042,Customer_2042,West,18-02-2022
2043,Customer_2043,South,05-07-2021
2044,Customer_2044,West,07-03-2021
2045,Customer_2045,South,12-01-2021
2046,Customer_2046,North,16-12-2020
2047,Customer_2047,West,21-12-2018
2048,Customer_2048,North,19-11-2020
2049,Customer_2049,North,03-06-2020
2050,Customer_2050,East,12-10-2020
2051,Customer_2051,South,27-09-2019
2052,Customer_2052,West,18-06-2018
2053,Customer_2053,West,21-07-2021
2054,Customer_2054,North,04-02-2021
2055,Customer_2055,South,15-12-2022
2056,Customer_2056,North,29-05-2021
2057,Customer_2057,South,05-06-2023
2058,Customer_2058,South,19-11-2020
2059,Customer_2059,North,11-09-2018
2060,Customer_2060,East,14-05-2019
2061,Customer_2061,East,21-02-2018
2062,Customer_2062,West,06-05-2023
2063,Customer_2063,West,26-01-2019
2064,Customer_2064,North,14-10-2019
2065,Customer_2065,South,18-05-2023
2066,Customer_2066,North,16-12-2020
2067,Customer_2067,South,24-02-2018
2068,Customer_2068,West,04-12-2021
2069,Customer_2069,South,08-01-2020
2070,Customer_2070,West,03-03-2020
2071,Customer_2071,South,21-02-2018
2072,Customer_2072,West,02-04-2020
2073,Customer_2073,West,24-01-2023
2074,Customer_2074,North,21-09-2019
2075,Customer_2075,North,30-06-2022
2076,Customer_2076,East,20-02-2018
2077,Customer_2077,East,01-07-2022
2078,Customer_2078,South,02-04-2023
2079,Customer_2079,North,17-10-2019
2080,Customer_2080,West,21-10-2019
2081,Customer_2081,East,18-09-2018
2082,Customer_2082,South,13-04-2021
2083,Customer_2083,North,07-04-2018
2084,Customer_2084,East,03-02-2019
2085,Customer_2085,West,10-03-2021
2086,Customer_2086,North,27-04-2021
2087,Customer_2087,East,16-04-2023
2088,Customer_2088,East,27-05-2020
2089,Customer_2089,East,03-05-2019
2090,Customer_2090,East,20-01-2022
2091,Customer_2091,West,26-03-2022
2092,Customer_2092,West,06-07-2022
2093,Customer_2093,West,18-07-2019
2094,Customer_2094,East,08-10-2022
2095,Customer_2095,East,14-03-2019
2096,Customer_2096,South,10-01-2018
2097,Customer_2097,South,15-03-2022
2098,Customer_2098,East,29-01-2022
2099,Customer_2099,South,21-08-2021
2100,Customer_2100,West,11-06-2020
2101,Customer_2101,West,14-09-2022
2102,Customer_2102,East,13-06-2019
2103,Customer_2103,North,22-02-2022
2104,Customer_2104,West,13-04-2021
2105,Customer_2105,West,12-02-2019
2106,Customer_2106,West,08-08-2021
2107,Customer_2107,West,23-07-2022
2108,Customer_2108,East,24-05-2021
2109,Customer_2109,East,07-09-2022
2110,Customer_2110,North,08-01-2020
2111,Customer_2111,North,09-03-2021
2112,Customer_2112,East,14-03-2022
2113,Customer_2113,East,15-01-2019
2114,Customer_2114,East,12-08-2022
2115,Customer_2115,East,10-03-2023
2116,Customer_2116,West,24-01-2019
2117,Customer_2117,East,27-01-2019
2118,Customer_2118,West,09-03-2022
2119,Customer_2119,West,21-02-2018
2120,Customer_2120,North,09-10-2019
2121,Customer_2121,South,22-02-2018
2122,Customer_2122,South,13-01-2019
2123,Customer_2123,West,19-08-2021
2124,Customer_2124,North,15-03-2018
2125,Customer_2125,West,21-02-2021
2126,Customer_2126,West,17-02-2023
2127,Customer_2127,East,16-02-2018
2128,Customer_2128,East,25-02-2019
2129,Customer_2129,West,31-07-2018
2130,Customer_2130,East,30-01-2020
2131,Customer_2131,East,09-10-2022
2132,Customer_2132,North,03-01-2018
2133,Customer_2133,South,23-05-2018
2134,Customer_2134,North,02-04-2021
2135,Customer_2135,West,20-05-2022
2136,Customer_2136,East,06-09-2020
2137,Customer_2137,East,02-08-2019
2138,Customer_2138,West,09-06-2018
2139,Customer_2139,East,29-01-2018
2140,Customer_2140,South,09-02-2021
2141,Customer_2141,East,02-06-2019
2142,Customer_2142,South,22-09-2020
2143,Customer_2143,North,04-05-2020
2144,Customer_2144,North,22-05-2019
2145,Customer_2145,North,25-06-2018
2146,Customer_2146,West,10-11-2020
2147,Customer_2147,North,26-02-2021
2148,Customer_2148,East,28-01-2023
2149,Customer_2149,West,19-09-2022
2150,Customer_2150,West,25-04-2021
2151,Customer_2151,West,06-07-2019
2152,Customer_2152,South,07-01-2021
2153,Customer_2153,East,26-09-2020
2154,Customer_2154,North,07-07-2021
2155,Customer_2155,East,21-03-2021
2156,Customer_2156,East,22-08-2022
2157,Customer_2157,East,16-05-2020
2158,Customer_2158,North,03-03-2023
2159,Customer_2159,East,03-02-2018
2160,Customer_2160,South,02-09-2021
2161,Customer_2161,West,22-03-2021
2162,Customer_2162,West,30-08-2018
2163,Customer_2163,East,15-03-2019
2164,Customer_2164,East,04-06-2020
2165,Customer_2165,South,27-01-2018
2166,Customer_2166,South,12-02-2022
2167,Customer_2167,West,26-12-2021
2168,Customer_2168,West,16-04-2019
2169,Customer_2169,South,09-02-2019
2170,Customer_2170,South,01-04-2019
2171,Customer_2171,East,20-06-2020
2172,Customer_2172,West,05-05-2020
2173,Customer_2173,South,19-02-2023
2174,Customer_2174,West,31-10-2020
2175,Customer_2175,North,03-11-2022
2176,Customer_2176,North,18-05-2021
2177,Customer_2177,South,17-04-2023
2178,Customer_2178,North,21-01-2019
2179,Customer_2179,North,02-07-2019
2180,Customer_2180,North,26-07-2021
2181,Customer_2181,East,04-05-2023
2182,Customer_2182,West,09-03-2021
2183,Customer_2183,South,02-03-2021
2184,Customer_2184,South,26-02-2020
2185,Customer_2185,South,24-03-2023
2186,Customer_2186,East,28-11-2018
2187,Customer_2187,North,15-07-2021
2188,Customer_2188,West,20-12-2018
2189,Customer_2189,West,23-01-2018
2190,Customer_2190,East,03-03-2021
2191,Customer_2191,West,03-08-2019
2192,Customer_2192,East,15-04-2021
2193,Customer_2193,North,27-05-2022
2194,Customer_2194,West,28-07-2018
2195,Customer_2195,South,18-05-2018
2196,Customer_2196,West,12-02-2022
2197,Customer_2197,West,19-06-2023
2198,Customer_2198,West,05-06-2021
2199,Customer_2199,North,01-09-2020
2200,Customer_2200,North,03-04-2019
2201,Customer_2201,East,01-10-2021
2202,Customer_2202,East,23-05-2023
2203,Customer_2203,West,28-05-2023
2204,Customer_2204,East,11-03-2023
2205,Customer_2205,North,26-02-2023
2206,Customer_2206,West,17-07-2021
2207,Customer_2207,East,15-01-2020
2208,Customer_2208,South,19-06-2021
2209,Customer_2209,North,23-08-2018
2210,Customer_2210,West,08-12-2019
2211,Customer_2211,East,02-06-2019
2212,Customer_2212,West,17-10-2020
2213,Customer_2213,North,21-05-2018
2214,Customer_2214,South,13-02-2018
2215,Customer_2215,West,21-05-2022
2216,Customer_2216,North,14-01-2018
2217,Customer_2217,West,29-05-2023
2218,Customer_2218,West,18-08-2019
2219,Customer_2219,North,11-05-2021
2220,Customer_2220,West,25-06-2022
2221,Customer_2221,East,24-05-2023
2222,Customer_2222,East,08-07-2018
2223,Customer_2223,South,28-02-2021
2224,Customer_2224,East,05-02-2019
2225,Customer_2225,East,30-07-2021
2226,Customer_2226,South,11-08-2019
2227,Customer_2227,East,16-09-2021
2228,Customer_2228,West,25-09-2020
2229,Customer_2229,North,09-03-2023
2230,Customer_2230,East,29-01-2021
2231,Customer_2231,North,02-05-2019
2232,Customer_2232,East,02-05-2019
2233,Customer_2233,West,03-12-2018
2234,Customer_2234,South,29-01-2022
2235,Customer_2235,West,24-02-2020
2236,Customer_2236,West,30-10-2018
2237,Customer_2237,North,05-05-2020
2238,Customer_2238,South,24-02-2018
2239,Customer_2239,West,26-01-2019
2240,Customer_2240,South,13-05-2020
2241,Customer_2241,North,18-10-2018
2242,Customer_2242,North,11-07-2020
2243,Customer_2243,North,08-10-2018
2244,Customer_2244,West,11-01-2020
2245,Customer_2245,North,03-11-2018
2246,Customer_2246,North,13-06-2020
2247,Customer_2247,South,09-03-2019
2248,Customer_2248,North,02-11-2018
2249,Customer_2249,North,18-03-2022
2250,Customer_2250,North,10-01-2022
2251,Customer_2251,North,23-10-2018
2252,Customer_2252,South,18-12-2022
2253,Customer_2253,East,25-08-2021
2254,Customer_2254,East,25-01-2018
2255,Customer_2255,North,12-02-2021
2256,Customer_2256,North,24-04-2020
2257,Customer_2257,North,30-08-2019
2258,Customer_2258,East,27-04-2019
2259,Customer_2259,South,16-02-2020
2260,Customer_2260,West,24-03-2023
2261,Customer_2261,East,08-05-2019
2262,Customer_2262,West,17-11-2022
2263,Customer_2263,North,28-06-2022
2264,Customer_2264,North,10-11-2020
2265,Customer_2265,North,07-02-2022
2266,Customer_2266,West,22-04-2018
2267,Customer_2267,West,03-03-2018
2268,Customer_2268,South,24-10-2022
2269,Customer_2269,South,07-11-2021
2270,Customer_2270,North,18-04-2020
2271,Customer_2271,North,16-08-2018
2272,Customer_2272,West,28-04-2018
2273,Customer_2273,East,07-08-2019
2274,Customer_2274,West,11-04-2021
2275,Customer_2275,East,18-02-2021
2276,Customer_2276,North,10-07-2018
2277,Customer_2277,South,18-08-2022
2278,Customer_2278,South,24-10-2020
2279,Customer_2279,North,19-09-2019
2280,Customer_2280,East,06-11-2022
2281,Customer_2281,South,04-09-2021
2282,Customer_2282,West,03-12-2021
2283,Customer_2283,North,21-05-2021
2284,Customer_2284,East,22-12-2018
2285,Customer_2285,West,07-03-2021
2286,Customer_2286,North,26-10-2021
2287,Customer_2287,North,29-01-2019
2288,Customer_2288,East,07-10-2022
2289,Customer_2289,West,19-08-2021
2290,Customer_2290,South,23-05-2021
2291,Customer_2291,West,12-02-2023
2292,Customer_2292,South,20-03-2018
2293,Customer_2293,East,06-10-2019
2294,Customer_2294,East,27-10-2019
2295,Customer_2295,West,28-10-2020
2296,Customer_2296,East,02-03-2020
2297,Customer_2297,West,16-06-2021
2298,Customer_2298,West,22-07-2021
2299,Customer_2299,North,16-02-2020
2300,Customer_2300,North,10-03-2023
2301,Customer_2301,North,25-06-2020
2302,Customer_2302,South,18-12-2022
2303,Customer_2303,East,07-03-2022
2304,Customer_2304,East,13-01-2020
2305,Customer_2305,South,08-07-2020
2306,Customer_2306,West,29-11-2021
2307,Customer_2307,North,23-05-2023
2308,Customer_2308,North,24-06-2019
2309,Customer_2309,East,29-07-2021
2310,Customer_2310,East,10-02-2019
2311,Customer_2311,South,28-12-2018
2312,Customer_2312,West,01-11-2021
2313,Customer_2313,West,15-04-2018
2314,Customer_2314,West,07-12-2021
2315,Customer_2315,South,29-06-2019
2316,Customer_2316,South,23-07-2022
2317,Customer_2317,South,22-04-2019
2318,Customer_2318,North,31-10-2019
2319,Customer_2319,East,24-03-2021
2320,Customer_2320,West,11-07-2020
2321,Customer_2321,East,07-07-2019
2322,Customer_2322,West,21-10-2021
2323,Customer_2323,South,25-06-2019
2324,Customer_2324,South,27-03-2022
2325,Customer_2325,South,09-04-2019
2326,Customer_2326,South,26-05-2022
2327,Customer_2327,West,16-04-2020
2328,Customer_2328,East,02-11-2019
2329,Customer_2329,East,30-07-2021
2330,Customer_2330,North,19-09-2022
2331,Customer_2331,West,08-05-2023
2332,Customer_2332,North,30-12-2021
2333,Customer_2333,West,16-02-2023
2334,Customer_2334,East,21-01-2023
2335,Customer_2335,South,08-10-2022
2336,Customer_2336,West,26-01-2022
2337,Customer_2337,South,04-10-2020
2338,Customer_2338,South,02-06-2021
2339,Customer_2339,North,09-05-2019
2340,Customer_2340,South,25-04-2023
2341,Customer_2341,West,26-02-2020
2342,Customer_2342,West,29-08-2022
2343,Customer_2343,North,13-05-2019
2344,Customer_2344,North,07-11-2018
2345,Customer_2345,North,09-01-2019
2346,Customer_2346,South,21-07-2020
2347,Customer_2347,West,19-03-2018
2348,Customer_2348,East,29-06-2019
2349,Customer_2349,East,24-08-2020
2350,Customer_2350,West,28-06-2018
2351,Customer_2351,West,22-05-2019
2352,Customer_2352,North,10-11-2020
2353,Customer_2353,West,24-05-2019
2354,Customer_2354,West,18-02-2019
2355,Customer_2355,North,03-02-2019
2356,Customer_2356,South,15-11-2020
2357,Customer_2357,North,07-03-2018
2358,Customer_2358,East,20-03-2023
2359,Customer_2359,North,21-08-2020
2360,Customer_2360,North,09-05-2022
2361,Customer_2361,South,08-05-2020
2362,Customer_2362,East,18-07-2020
2363,Customer_2363,South,08-01-2022
2364,Customer_2364,East,06-05-2021
2365,Customer_2365,East,03-07-2020
2366,Customer_2366,North,20-12-2019
2367,Customer_2367,South,22-02-2023
2368,Customer_2368,North,20-08-2018
2369,Customer_2369,East,02-02-2020
2370,Customer_2370,West,07-12-2018
2371,Customer_2371,East,09-11-2019
2372,Customer_2372,East,20-09-2020
2373,Customer_2373,North,14-04-2019
2374,Customer_2374,North,16-04-2018
2375,Customer_2375,West,14-07-2021
2376,Customer_2376,East,09-11-2018
2377,Customer_2377,North,22-09-2018
2378,Customer_2378,South,25-10-2019
2379,Customer_2379,North,28-09-2020
2380,Customer_2380,East,05-09-2021
2381,Customer_2381,East,14-09-2021
2382,Customer_2382,South,22-06-2023
2383,Customer_2383,West,02-09-2018
2384,Customer_2384,East,27-05-2023
2385,Customer_2385,West,10-04-2020
2386,Customer_2386,East,29-07-2019
2387,Customer_2387,West,20-03-2023
2388,Customer_2388,North,02-01-2018
2389,Customer_2389,West,22-04-2023
2390,Customer_2390,North,24-10-2022
2391,Customer_2391,North,21-01-2022
2392,Customer_2392,West,10-07-2019
2393,Customer_2393,West,23-10-2020
2394,Customer_2394,West,27-12-2020
2395,Customer_2395,East,27-05-2022
2396,Customer_2396,South,16-03-2020
2397,Customer_2397,East,13-11-2020
2398,Customer_2398,South,27-10-2018
2399,Customer_2399,East,06-06-2023
2400,Customer_2400,South,19-08-2020
2401,Customer_2401,South,06-11-2022
2402,Customer_2402,North,26-11-2020
2403,Customer_2403,West,25-11-2020
2404,Customer_2404,North,29-05-2018
2405,Customer_2405,West,15-02-2018
2406,Customer_2406,North,08-03-2020
2407,Customer_2407,East,02-12-2021
2408,Customer_2408,North,21-06-2021
2409,Customer_2409,East,07-05-2018
2410,Customer_2410,West,04-11-2020
2411,Customer_2411,West,15-09-2020
2412,Customer_2412,North,17-06-2023
2413,Customer_2413,East,04-06-2023
2414,Customer_2414,South,03-08-2018
2415,Customer_2415,North,04-07-2021
2416,Customer_2416,East,08-12-2020
2417,Customer_2417,North,17-10-2020
2418,Customer_2418,North,25-11-2018
2419,Customer_2419,South,24-05-2022
2420,Customer_2420,North,22-09-2022
2421,Customer_2421,South,15-03-2018
2422,Customer_2422,West,17-02-2023
2423,Customer_2423,West,21-07-2021
2424,Customer_2424,South,21-02-2021
2425,Customer_2425,South,26-10-2018
2426,Customer_2426,South,04-12-2019
2427,Customer_2427,East,03-11-2022
2428,Customer_2428,South,21-10-2021
2429,Customer_2429,South,31-10-2019
2430,Customer_2430,West,23-09-2021
2431,Customer_2431,South,06-05-2023
2432,Customer_2432,West,08-06-2019
2433,Customer_2433,East,09-03-2019
2434,Customer_2434,East,18-06-2018
2435,Customer_2435,South,11-01-2022
2436,Customer_2436,South,20-07-2019
2437,Customer_2437,East,17-01-2018
2438,Customer_2438,West,22-06-2022
2439,Customer_2439,West,28-11-2021
2440,Customer_2440,West,01-10-2018
2441,Customer_2441,North,28-08-2019
2442,Customer_2442,East,17-05-2023
2443,Customer_2443,East,23-07-2019
2444,Customer_2444,North,17-03-2019
2445,Customer_2445,East,22-05-2023
2446,Customer_2446,North,17-02-2020
2447,Customer_2447,South,13-11-2019
2448,Customer_2448,East,26-02-2020
2449,Customer_2449,East,18-01-2021
2450,Customer_2450,East,03-04-2018
2451,Customer_2451,North,11-02-2018
2452,Customer_2452,West,21-12-2020
2453,Customer_2453,South,18-06-2020
2454,Customer_2454,East,14-10-2018
2455,Customer_2455,North,25-04-2022
2456,Customer_2456,South,08-05-2021
2457,Customer_2457,West,12-08-2020
2458,Customer_2458,West,15-08-2018
2459,Customer_2459,West,30-01-2021
2460,Customer_2460,East,02-07-2019
2461,Customer_2461,South,09-12-2021
2462,Customer_2462,West,10-01-2021
2463,Customer_2463,South,16-04-2019
2464,Customer_2464,West,22-10-2018
2465,Customer_2465,North,02-11-2019
2466,Customer_2466,South,18-01-2019
2467,Customer_2467,East,14-02-2020
2468,Customer_2468,West,28-10-2019
2469,Customer_2469,South,16-06-2019
2470,Customer_2470,North,04-03-2020
2471,Customer_2471,North,15-10-2018
2472,Customer_2472,North,08-12-2018
2473,Customer_2473,North,01-04-2018
2474,Customer_2474,East,12-09-2022
2475,Customer_2475,West,11-10-2021
2476,Customer_2476,North,16-12-2020
2477,Customer_2477,East,21-07-2022
2478,Customer_2478,South,27-11-2022
2479,Customer_2479,West,13-05-2021
2480,Customer_2480,East,08-07-2020
2481,Customer_2481,East,13-02-2021
2482,Customer_2482,East,05-01-2018
2483,Customer_2483,North,15-11-2019
2484,Customer_2484,North,07-12-2018
2485,Customer_2485,West,02-10-2018
2486,Customer_2486,West,05-06-2019
2487,Customer_2487,West,06-10-2020
2488,Customer_2488,West,20-12-2022
2489,Customer_2489,South,07-03-2020
2490,Customer_2490,North,10-10-2018
2491,Customer_2491,East,01-03-2021
2492,Customer_2492,South,24-09-2022
2493,Customer_2493,North,01-03-2019
2494,Customer_2494,East,03-04-2019
2495,Customer_2495,South,14-06-2022
2496,Customer_2496,East,04-10-2020
2497,Customer_2497,North,02-06-2019
2498,Customer_2498,South,17-08-2019
2499,Customer_2499,West,04-01-2018
2500,Customer_2500,East,01-02-2022
2501,Customer_2501,East,16-06-2021
2502,Customer_2502,East,17-02-2020
2503,Customer_2503,East,15-02-2019
2504,Customer_2504,South,08-04-2021
2505,Customer_2505,East,13-12-2021
2506,Customer_2506,North,23-04-2021
2507,Customer_2507,North,13-02-2019
2508,Customer_2508,West,14-12-2020
2509,Customer_2509,West,23-08-2018
2510,Customer_2510,East,27-12-2021
2511,Customer_2511,South,08-04-2019
2512,Customer_2512,West,17-01-2021
2513,Customer_2513,East,28-08-2019
2514,Customer_2514,South,31-10-2022
2515,Customer_2515,East,16-12-2018
2516,Customer_2516,North,18-05-2019
2517,Customer_2517,North,19-03-2022
2518,Customer_2518,North,02-08-2018
2519,Customer_2519,West,15-10-2019
2520,Customer_2520,West,01-11-2022
2521,Customer_2521,East,08-06-2019
2522,Customer_2522,East,08-04-2021
2523,Customer_2523,South,06-05-2021
2524,Customer_2524,East,12-12-2020
2525,Customer_2525,West,25-04-2020
2526,Customer_2526,East,17-06-2022
2527,Customer_2527,East,07-10-2021
2528,Customer_2528,West,29-01-2022
2529,Customer_2529,North,29-09-2022
2530,Customer_2530,South,25-07-2021
2531,Customer_2531,North,28-04-2022
2532,Customer_2532,East,29-01-2020
2533,Customer_2533,East,02-04-2023
2534,Customer_2534,North,06-01-2020
2535,Customer_2535,South,19-02-2020
2536,Customer_2536,East,17-07-2019
2537,Customer_2537,East,17-01-2023
2538,Customer_2538,South,25-12-2018
2539,Customer_2539,East,11-03-2018
2540,Customer_2540,West,02-06-2022
2541,Customer_2541,South,26-11-2019
2542,Customer_2542,West,23-12-2020
2543,Customer_2543,East,25-11-2022
2544,Customer_2544,West,13-06-2019
2545,Customer_2545,North,22-07-2021
2546,Customer_2546,North,22-11-2020
2547,Customer_2547,South,05-09-2020
2548,Customer_2548,East,29-08-2022
2549,Customer_2549,East,24-02-2019
2550,Customer_2550,South,22-03-2022
2551,Customer_2551,West,02-06-2022
2552,Customer_2552,East,14-05-2022
2553,Customer_2553,South,23-04-2021
2554,Customer_2554,North,15-02-2023
2555,Customer_2555,North,10-03-2023
2556,Customer_2556,East,24-06-2022
2557,Customer_2557,North,21-05-2021
2558,Customer_2558,South,18-12-2019
2559,Customer_2559,South,06-08-2018
2560,Customer_2560,South,04-10-2022
2561,Customer_2561,West,14-02-2021
2562,Customer_2562,West,04-11-2019
2563,Customer_2563,East,28-02-2020
2564,Customer_2564,North,27-09-2021
2565,Customer_2565,North,05-04-2018
2566,Customer_2566,East,18-09-2020
2567,Customer_2567,South,20-05-2019
2568,Customer_2568,West,03-02-2020
2569,Customer_2569,South,24-09-2018
2570,Customer_2570,East,22-10-2019
2571,Customer_2571,North,24-03-2019
2572,Customer_2572,West,10-02-2022
2573,Customer_2573,South,28-08-2018
2574,Customer_2574,West,19-05-2018
2575,Customer_2575,West,05-11-2021
2576,Customer_2576,North,18-02-2018
2577,Customer_2577,North,19-01-2021
2578,Customer_2578,East,02-09-2021
2579,Customer_2579,West,01-03-2018
2580,Customer_2580,West,10-06-2023
2581,Customer_2581,South,22-07-2020
2582,Customer_2582,South,18-04-2019
2583,Customer_2583,West,25-08-2019
2584,Customer_2584,North,12-09-2019
2585,Customer_2585,East,20-03-2018
2586,Customer_2586,North,02-10-2021
2587,Customer_2587,West,23-01-2019
2588,Customer_2588,South,15-11-2022
2589,Customer_2589,West,28-04-2019
2590,Customer_2590,West,14-11-2022
2591,Customer_2591,East,11-04-2018
2592,Customer_2592,South,11-09-2019
2593,Customer_2593,East,09-10-2022
2594,Customer_2594,East,29-12-2020
2595,Customer_2595,East,07-03-2018
2596,Customer_2596,East,05-05-2018
2597,Customer_2597,North,23-10-2020
2598,Customer_2598,South,24-05-2018
2599,Customer_2599,South,29-12-2018
2600,Customer_2600,South,05-09-2022
2601,Customer_2601,West,27-08-2022
2602,Customer_2602,West,16-08-2018
2603,Customer_2603,West,25-09-2018
2604,Customer_2604,North,19-12-2021
2605,Customer_2605,West,22-01-2023
2606,Customer_2606,West,20-12-2020
2607,Customer_2607,West,07-04-2020
2608,Customer_2608,South,24-07-2018
2609,Customer_2609,West,24-03-2018
2610,Customer_2610,East,30-10-2020
2611,Customer_2611,South,05-08-2020
2612,Customer_2612,West,10-03-2020
2613,Customer_2613,East,12-01-2018
2614,Customer_2614,North,06-02-2023
2615,Customer_2615,West,06-11-2020
2616,Customer_2616,East,19-08-2020
2617,Customer_2617,West,06-12-2019
2618,Customer_2618,South,12-04-2021
2619,Customer_2619,South,08-06-2020
2620,Customer_2620,North,18-05-2020
2621,Customer_2621,North,11-01-2019
2622,Customer_2622,West,11-03-2019
2623,Customer_2623,West,06-10-2018
2624,Customer_2624,West,13-11-2018
2625,Customer_2625,South,13-09-2019
2626,Customer_2626,West,25-08-2018
2627,Customer_2627,East,29-11-2020
2628,Customer_2628,North,14-08-2018
2629,Customer_2629,North,09-06-2023
2630,Customer_2630,East,09-12-2019
2631,Customer_2631,West,26-07-2018
2632,Customer_2632,West,29-01-2023
2633,Customer_2633,North,14-03-2018
2634,Customer_2634,North,10-10-2020
2635,Customer_2635,West,06-07-2021
2636,Customer_2636,East,31-05-2019
2637,Customer_2637,West,05-11-2019
2638,Customer_2638,North,04-04-2019
2639,Customer_2639,North,26-10-2019
2640,Customer_2640,West,26-10-2021
2641,Customer_2641,North,01-06-2023
2642,Customer_2642,North,17-01-2022
2643,Customer_2643,East,06-02-2023
2644,Customer_2644,North,16-05-2019
2645,Customer_2645,West,06-08-2019
2646,Customer_2646,North,23-06-2023
2647,Customer_2647,West,16-05-2019
2648,Customer_2648,West,10-10-2021
2649,Customer_2649,South,17-02-2019
2650,Customer_2650,West,11-01-2020
2651,Customer_2651,East,10-10-2018
2652,Customer_2652,North,23-02-2023
2653,Customer_2653,East,27-10-2018
2654,Customer_2654,West,28-07-2022
2655,Customer_2655,East,07-03-2022
2656,Customer_2656,North,09-06-2018
2657,Customer_2657,West,05-04-2019
2658,Customer_2658,South,26-02-2018
2659,Customer_2659,South,30-07-2022
2660,Customer_2660,West,27-12-2020
2661,Customer_2661,North,27-10-2020
2662,Customer_2662,South,09-12-2018
2663,Customer_2663,West,13-06-2019
2664,Customer_2664,West,29-10-2020
2665,Customer_2665,West,30-11-2022
2666,Customer_2666,West,11-10-2019
2667,Customer_2667,South,09-03-2022
2668,Customer_2668,West,04-04-2020
2669,Customer_2669,West,09-02-2018
2670,Customer_2670,East,04-02-2018
2671,Customer_2671,North,13-04-2023
2672,Customer_2672,North,05-11-2019
2673,Customer_2673,East,13-11-2021
2674,Customer_2674,North,29-11-2018
2675,Customer_2675,East,11-04-2019
2676,Customer_2676,West,26-02-2023
2677,Customer_2677,West,23-08-2022
2678,Customer_2678,North,06-07-2020
2679,Customer_2679,East,06-04-2022
2680,Customer_2680,North,24-07-2019
2681,Customer_2681,South,18-02-2019
2682,Customer_2682,West,15-12-2022
2683,Customer_2683,North,03-01-2021
2684,Customer_2684,East,25-10-2022
2685,Customer_2685,West,03-06-2018
2686,Customer_2686,East,19-05-2021
2687,Customer_2687,East,19-11-2020
2688,Customer_2688,North,03-06-2022
2689,Customer_2689,South,22-12-2020
2690,Customer_2690,West,23-10-2022
2691,Customer_2691,East,08-01-2023
2692,Customer_2692,East,20-09-2020
2693,Customer_2693,East,23-01-2023
2694,Customer_2694,East,06-04-2021
2695,Customer_2695,East,13-11-2019
2696,Customer_2696,West,08-04-2020
2697,Customer_2697,West,07-04-2019
2698,Customer_2698,North,21-06-2019
2699,Customer_2699,West,27-08-2019
2700,Customer_2700,West,04-05-2021
2701,Customer_2701,South,09-12-2021
2702,Customer_2702,East,28-11-2020
2703,Customer_2703,South,16-07-2020
2704,Customer_2704,North,31-07-2019
2705,Customer_2705,South,30-03-2023
2706,Customer_2706,South,03-02-2020
2707,Customer_2707,North,23-04-2020
2708,Customer_2708,South,01-09-2018
2709,Customer_2709,South,13-12-2019
2710,Customer_2710,West,21-03-2022
2711,Customer_2711,South,29-10-2019
2712,Customer_2712,North,10-03-2022
2713,Customer_2713,West,08-01-2022
2714,Customer_2714,West,28-02-2018
2715,Customer_2715,South,01-09-2019
2716,Customer_2716,East,14-04-2020
2717,Customer_2717,East,04-12-2022
2718,Customer_2718,South,19-11-2019
2719,Customer_2719,South,07-05-2022
2720,Customer_2720,North,23-06-2019
2721,Customer_2721,South,19-10-2022
2722,Customer_2722,East,14-11-2022
2723,Customer_2723,West,16-05-2019
2724,Customer_2724,South,04-02-2020
2725,Customer_2725,West,29-06-2021
2726,Customer_2726,East,23-05-2023
2727,Customer_2727,North,18-10-2021
2728,Customer_2728,East,31-01-2018
2729,Customer_2729,North,31-10-2019
2730,Customer_2730,West,09-05-2023
2731,Customer_2731,South,16-01-2023
2732,Customer_2732,North,03-01-2019
2733,Customer_2733,North,21-04-2018
2734,Customer_2734,North,25-07-2020
2735,Customer_2735,North,14-11-2022
2736,Customer_2736,North,20-01-2023
2737,Customer_2737,West,19-04-2019
2738,Customer_2738,North,03-02-2018
2739,Customer_2739,North,14-07-2018
2740,Customer_2740,West,24-10-2018
2741,Customer_2741,East,22-02-2022
2742,Customer_2742,South,14-05-2021
2743,Customer_2743,North,09-11-2021
2744,Customer_2744,West,24-07-2022
2745,Customer_2745,North,29-08-2021
2746,Customer_2746,East,07-01-2023
2747,Customer_2747,South,14-09-2021
2748,Customer_2748,East,20-02-2020
2749,Customer_2749,South,02-06-2022
2750,Customer_2750,West,07-03-2023
2751,Customer_2751,North,04-01-2020
2752,Customer_2752,North,04-10-2021
2753,Customer_2753,West,14-07-2018
2754,Customer_2754,North,09-03-2018
2755,Customer_2755,South,13-01-2023
2756,Customer_2756,South,01-02-2022
2757,Customer_2757,West,03-11-2022
2758,Customer_2758,West,26-10-2020
2759,Customer_2759,North,30-05-2021
2760,Customer_2760,West,19-01-2022
2761,Customer_2761,East,13-02-2020
2762,Customer_2762,South,27-07-2021
2763,Customer_2763,West,19-08-2019
2764,Customer_2764,North,14-09-2020
2765,Customer_2765,North,18-05-2018
2766,Customer_2766,East,15-12-2020
2767,Customer_2767,East,27-04-2022
2768,Customer_2768,East,14-02-2023
2769,Customer_2769,West,03-02-2022
2770,Customer_2770,North,21-12-2022
2771,Customer_2771,West,25-06-2020
2772,Customer_2772,West,27-09-2022
2773,Customer_2773,West,20-05-2020
2774,Customer_2774,West,24-04-2019
2775,Customer_2775,West,04-06-2023
2776,Customer_2776,West,13-05-2022
2777,Customer_2777,North,12-04-2023
2778,Customer_2778,West,24-10-2022
2779,Customer_2779,West,15-10-2021
2780,Customer_2780,East,26-04-2022
2781,Customer_2781,South,27-05-2021
2782,Customer_2782,North,31-08-2020
2783,Customer_2783,West,31-08-2020
2784,Customer_2784,South,17-07-2019
2785,Customer_2785,East,19-11-2020
2786,Customer_2786,South,06-06-2020
2787,Customer_2787,South,17-09-2022
2788,Customer_2788,North,18-04-2020
2789,Customer_2789,North,28-11-2020
2790,Customer_2790,South,19-01-2018
2791,Customer_2791,North,11-06-2018
2792,Customer_2792,West,09-11-2020
2793,Customer_2793,East,14-09-2018
2794,Customer_2794,West,09-05-2020
2795,Customer_2795,South,17-01-2021
2796,Customer_2796,West,22-03-2023
2797,Customer_2797,South,21-03-2022
2798,Customer_2798,South,28-01-2021
2799,Customer_2799,North,19-06-2018
2800,Customer_2800,South,09-07-2019
2801,Customer_2801,East,30-09-2018
2802,Customer_2802,South,25-03-2023
2803,Customer_2803,East,11-02-2020
2804,Customer_2804,South,07-04-2023
2805,Customer_2805,East,22-08-2018
2806,Customer_2806,North,04-12-2020
2807,Customer_2807,North,28-02-2020
2808,Customer_2808,West,12-02-2023
2809,Customer_2809,West,09-11-2019
2810,Customer_2810,West,18-05-2020
2811,Customer_2811,East,22-02-2023
2812,Customer_2812,West,13-01-2023
2813,Customer_2813,South,05-02-2023
2814,Customer_2814,North,27-07-2020
2815,Customer_2815,North,30-07-2019
2816,Customer_2816,West,22-12-2021
2817,Customer_2817,South,25-10-2022
2818,Customer_2818,North,01-08-2021
2819,Customer_2819,South,28-11-2021
2820,Customer_2820,East,28-06-2021
2821,Customer_2821,South,10-05-2023
2822,Customer_2822,South,05-08-2022
2823,Customer_2823,West,26-09-2019
2824,Customer_2824,North,25-07-2021
2825,Customer_2825,South,22-08-2018
2826,Customer_2826,East,21-05-2018
2827,Customer_2827,North,03-04-2019
2828,Customer_2828,West,16-10-2022
2829,Customer_2829,West,01-10-2018
2830,Customer_2830,West,09-04-2019
2831,Customer_2831,South,10-09-2022
2832,Customer_2832,East,26-05-2022
2833,Customer_2833,West,12-06-2019
2834,Customer_2834,East,17-04-2020
2835,Customer_2835,South,04-12-2018
2836,Customer_2836,West,18-02-2020
2837,Customer_2837,South,18-07-2019
2838,Customer_2838,North,27-09-2020
2839,Customer_2839,West,03-09-2019
2840,Customer_2840,North,29-12-2019
2841,Customer_2841,West,08-02-2022
2842,Customer_2842,West,07-08-2019
2843,Customer_2843,West,26-11-2019
2844,Customer_2844,North,15-05-2018
2845,Customer_2845,West,28-12-2018
2846,Customer_2846,West,11-07-2020
2847,Customer_2847,North,21-03-2023
2848,Customer_2848,West,26-03-2018
2849,Customer_2849,West,13-03-2022
2850,Customer_2850,West,22-05-2020
2851,Customer_2851,East,28-10-2022
2852,Customer_2852,West,02-04-2018
2853,Customer_2853,North,01-01-2023
2854,Customer_2854,South,28-08-2021
2855,Customer_2855,North,17-01-2019
2856,Customer_2856,East,14-09-2021
2857,Customer_2857,West,17-01-2020
2858,Customer_2858,South,22-12-2019
2859,Customer_2859,West,08-04-2023
2860,Customer_2860,West,17-04-2019
2861,Customer_2861,South,08-01-2019
2862,Customer_2862,East,23-12-2022
2863,Customer_2863,East,01-11-2021
2864,Customer_2864,North,13-07-2019
2865,Customer_2865,East,28-03-2019
2866,Customer_2866,South,11-11-2021
2867,Customer_2867,East,02-10-2020
2868,Customer_2868,East,04-11-2021
2869,Customer_2869,South,15-07-2021
2870,Customer_2870,East,12-01-2019
2871,Customer_2871,East,17-08-2018
2872,Customer_2872,East,28-05-2022
2873,Customer_2873,West,14-03-2021
2874,Customer_2874,East,02-05-2020
2875,Customer_2875,South,20-04-2018
2876,Customer_2876,South,23-02-2018
2877,Customer_2877,West,23-09-2018
2878,Customer_2878,South,28-08-2021
2879,Customer_2879,West,02-06-2018
2880,Customer_2880,South,08-05-2021
2881,Customer_2881,West,20-01-2021
2882,Customer_2882,East,30-04-2022
2883,Customer_2883,East,20-02-2023
2884,Customer_2884,East,11-12-2022
2885,Customer_2885,West,03-02-2020
2886,Customer_2886,South,26-12-2020
2887,Customer_2887,East,01-05-2020
2888,Customer_2888,South,21-08-2022
2889,Customer_2889,East,07-07-2022
2890,Customer_2890,East,12-04-2022
2891,Customer_2891,West,15-10-2021
2892,Customer_2892,South,24-03-2019
2893,Customer_2893,South,20-09-2022
2894,Customer_2894,East,12-12-2020
2895,Customer_2895,East,21-08-2022
2896,Customer_2896,West,12-11-2022
2897,Customer_2897,East,06-12-2021
2898,Customer_2898,East,22-07-2021
2899,Customer_2899,East,01-02-2018
2900,Customer_2900,West,24-03-2021
2901,Customer_2901,East,03-12-2018
2902,Customer_2902,East,19-06-2022
2903,Customer_2903,West,29-10-2019
2904,Customer_2904,South,22-05-2019
2905,Customer_2905,East,23-03-2021
2906,Customer_2906,South,28-12-2018
2907,Customer_2907,East,03-07-2019
2908,Customer_2908,East,11-10-2022
2909,Customer_2909,West,24-01-2020
2910,Customer_2910,West,30-05-2018
2911,Customer_2911,East,08-02-2021
2912,Customer_2912,North,15-05-2022
2913,Customer_2913,South,24-02-2023
2914,Customer_2914,South,29-05-2020
2915,Customer_2915,West,08-05-2021
2916,Customer_2916,West,21-02-2021
2917,Customer_2917,West,23-03-2021
2918,Customer_2918,East,05-01-2018
2919,Customer_2919,North,04-08-2022
2920,Customer_2920,West,10-01-2020
2921,Customer_2921,South,16-08-2019
2922,Customer_2922,West,07-09-2022
2923,Customer_2923,South,13-02-2020
2924,Customer_2924,South,03-08-2022
2925,Customer_2925,East,03-02-2019
2926,Customer_2926,East,14-06-2021
2927,Customer_2927,West,26-01-2022
2928,Customer_2928,South,15-05-2020
2929,Customer_2929,East,02-04-2023
2930,Customer_2930,South,16-02-2019
2931,Customer_2931,East,22-08-2020
2932,Customer_2932,South,22-02-2023
2933,Customer_2933,East,16-04-2022
2934,Customer_2934,East,17-12-2019
2935,Customer_2935,East,08-03-2019
2936,Customer_2936,North,24-05-2019
2937,Customer_2937,West,15-05-2021
2938,Customer_2938,South,07-08-2018
2939,Customer_2939,West,21-11-2022
2940,Customer_2940,East,31-08-2018
2941,Customer_2941,West,25-02-2020
2942,Customer_2942,West,09-01-2019
2943,Customer_2943,North,23-07-2019
2944,Customer_2944,West,13-05-2018
2945,Customer_2945,South,17-03-2021
2946,Customer_2946,East,02-01-2022
2947,Customer_2947,North,04-06-2022
2948,Customer_2948,East,18-06-2023
2949,Customer_2949,South,30-03-2022
2950,Customer_2950,East,21-07-2018
2951,Customer_2951,North,20-06-2022
2952,Customer_2952,West,17-02-2021
2953,Customer_2953,West,16-01-2018
2954,Customer_2954,West,21-05-2018
2955,Customer_2955,East,30-07-2022
2956,Customer_2956,South,18-04-2020
2957,Customer_2957,South,23-02-2022
2958,Customer_2958,East,20-02-2019
2959,Customer_2959,West,22-11-2019
2960,Customer_2960,West,13-11-2022
2961,Customer_2961,South,16-08-2020
2962,Customer_2962,South,10-05-2020
2963,Customer_2963,South,14-09-2021
2964,Customer_2964,North,26-02-2023
2965,Customer_2965,East,24-06-2022
2966,Customer_2966,South,17-02-2023
2967,Customer_2967,North,20-06-2021
2968,Customer_2968,South,26-08-2022
2969,Customer_2969,West,10-03-2020
2970,Customer_2970,West,15-11-2022
2971,Customer_2971,East,06-07-2020
2972,Customer_2972,North,05-09-2020
2973,Customer_2973,East,07-08-2022
2974,Customer_2974,South,06-09-2021
2975,Customer_2975,West,05-12-2018
2976,Customer_2976,North,20-03-2019
2977,Customer_2977,South,08-06-2020
2978,Customer_2978,East,27-05-2022
2979,Customer_2979,North,08-02-2018
2980,Customer_2980,South,24-09-2020
2981,Customer_2981,North,06-09-2020
2982,Customer_2982,North,28-08-2018
2983,Customer_2983,West,06-04-2020
2984,Customer_2984,North,21-05-2022
2985,Customer_2985,South,26-11-2021
2986,Customer_2986,North,26-04-2021
2987,Customer_2987,North,12-04-2021
2988,Customer_2988,North,17-04-2018
2989,Customer_2989,West,10-05-2020
2990,Customer_2990,North,09-01-2021
2991,Customer_2991,North,08-04-2019
2992,Customer_2992,North,09-07-2022
2993,Customer_2993,East,11-11-2019
2994,Customer_2994,South,06-08-2020
2995,Customer_2995,East,28-05-2018
2996,Customer_2996,East,18-12-2018
2997,Customer_2997,South,23-06-2019
2998,Customer_2998,West,19-02-2019
2999,Customer_2999,North,23-07-2018
3000,Customer_3000,South,23-04-2020
3001,Customer_3001,North,06-12-2020
3002,Customer_3002,West,26-07-2021
3003,Customer_3003,North,01-10-2018
3004,Customer_3004,North,02-11-2022
3005,Customer_3005,West,06-11-2021
3006,Customer_3006,West,18-05-2018
3007,Customer_3007,North,06-03-2022
3008,Customer_3008,South,25-12-2020
3009,Customer_3009,East,08-04-2020
3010,Customer_3010,East,09-10-2019
3011,Customer_3011,East,25-08-2018
3012,Customer_3012,South,27-03-2023
3013,Customer_3013,West,22-06-2022
3014,Customer_3014,South,05-11-2019
3015,Customer_3015,West,24-12-2018
3016,Customer_3016,South,26-12-2021
3017,Customer_3017,South,06-01-2021
3018,Customer_3018,North,27-05-2023
3019,Customer_3019,East,24-01-2019
3020,Customer_3020,South,16-09-2021
3021,Customer_3021,East,31-01-2022
3022,Customer_3022,North,14-12-2020
3023,Customer_3023,North,10-03-2018
3024,Customer_3024,West,01-04-2020
3025,Customer_3025,West,25-10-2021
3026,Customer_3026,East,08-04-2023
3027,Customer_3027,South,02-11-2018
3028,Customer_3028,East,11-01-2023
3029,Customer_3029,West,17-08-2021
3030,Customer_3030,South,01-04-2019
3031,Customer_3031,North,28-04-2019
3032,Customer_3032,North,19-06-2018
3033,Customer_3033,West,01-02-2022
3034,Customer_3034,South,29-06-2018
3035,Customer_3035,South,15-04-2018
3036,Customer_3036,North,20-08-2021
3037,Customer_3037,West,31-12-2020
3038,Customer_3038,East,17-11-2022
3039,Customer_3039,East,08-07-2020
3040,Customer_3040,West,07-11-2022
3041,Customer_3041,East,30-07-2019
3042,Customer_3042,East,01-10-2020
3043,Customer_3043,South,26-01-2020
3044,Customer_3044,East,05-08-2020
3045,Customer_3045,West,31-03-2023
3046,Customer_3046,East,24-09-2021
3047,Customer_3047,West,10-12-2019
3048,Customer_3048,West,25-11-2021
3049,Customer_3049,North,17-01-2019
3050,Customer_3050,South,25-03-2022
3051,Customer_3051,South,19-05-2018
3052,Customer_3052,North,11-03-2022
3053,Customer_3053,North,04-09-2018
3054,Customer_3054,West,13-02-2021
3055,Customer_3055,East,15-02-2021
3056,Customer_3056,East,24-04-2019
3057,Customer_3057,East,05-10-2018
3058,Customer_3058,South,29-05-2021
3059,Customer_3059,North,28-05-2019
3060,Customer_3060,North,21-04-2018
3061,Customer_3061,South,11-01-2023
3062,Customer_3062,East,09-03-2021
3063,Customer_3063,North,13-03-2018
3064,Customer_3064,South,10-02-2019
3065,Customer_3065,East,25-11-2019
3066,Customer_3066,West,07-07-2018
3067,Customer_3067,West,21-08-2020
3068,Customer_3068,West,22-08-2022
3069,Customer_3069,North,10-01-2020
3070,Customer_3070,West,09-02-2022
3071,Customer_3071,North,30-11-2021
3072,Customer_3072,North,17-07-2021
3073,Customer_3073,North,02-07-2018
3074,Customer_3074,East,05-07-2022
3075,Customer_3075,East,02-12-2019
3076,Customer_3076,North,26-10-2020
3077,Customer_3077,West,21-07-2019
3078,Customer_3078,North,05-05-2020
3079,Customer_3079,East,27-09-2021
3080,Customer_3080,South,19-05-2022
3081,Customer_3081,West,26-02-2018
3082,Customer_3082,West,31-10-2021
3083,Customer_3083,West,05-08-2020
3084,Customer_3084,East,22-02-2020
3085,Customer_3085,South,04-11-2021
3086,Customer_3086,North,07-04-2019
3087,Customer_3087,East,27-12-2018
3088,Customer_3088,South,24-10-2019
3089,Customer_3089,East,06-05-2018
3090,Customer_3090,South,13-04-2022
3091,Customer_3091,West,21-01-2020
3092,Customer_3092,South,16-06-2020
3093,Customer_3093,North,11-11-2020
3094,Customer_3094,West,13-11-2018
3095,Customer_3095,South,26-08-2019
3096,Customer_3096,East,18-03-2020
3097,Customer_3097,North,22-08-2018
3098,Customer_3098,South,03-09-2019
3099,Customer_3099,East,01-06-2019
3100,Customer_3100,North,27-09-2022
3101,Customer_3101,East,22-02-2018
3102,Customer_3102,North,01-09-2018
3103,Customer_3103,East,03-05-2019
3104,Customer_3104,East,28-01-2022
3105,Customer_3105,West,23-01-2022
3106,Customer_3106,West,22-01-2020
3107,Customer_3107,West,18-10-2018
3108,Customer_3108,South,22-03-2020
3109,Customer_3109,South,26-11-2020
3110,Customer_3110,East,28-01-2019
3111,Customer_3111,East,21-06-2021
3112,Customer_3112,South,14-07-2021
3113,Customer_3113,East,18-10-2022
3114,Customer_3114,West,28-04-2023
3115,Customer_3115,North,20-07-2018
3116,Customer_3116,West,04-06-2022
3117,Customer_3117,East,23-06-2023
3118,Customer_3118,North,29-06-2018
3119,Customer_3119,North,26-02-2023
3120,Customer_3120,South,26-08-2019
3121,Customer_3121,South,12-02-2018
3122,Customer_3122,West,21-07-2020
3123,Customer_3123,East,21-11-2020
3124,Customer_3124,South,06-05-2022
3125,Customer_3125,North,09-05-2022
3126,Customer_3126,East,01-02-2022
3127,Customer_3127,West,07-12-2018
3128,Customer_3128,North,03-04-2021
3129,Customer_3129,East,19-11-2021
3130,Customer_3130,West,21-02-2023
3131,Customer_3131,West,20-03-2022
3132,Customer_3132,East,19-05-2023
3133,Customer_3133,East,21-11-2020
3134,Customer_3134,East,24-02-2019
3135,Customer_3135,East,17-04-2022
3136,Customer_3136,West,24-01-2023
3137,Customer_3137,South,04-01-2018
3138,Customer_3138,East,22-08-2019
3139,Customer_3139,South,16-08-2021
3140,Customer_3140,North,29-12-2020
3141,Customer_3141,South,09-03-2021
3142,Customer_3142,South,25-04-2022
3143,Customer_3143,South,10-04-2021
3144,Customer_3144,North,28-06-2018
3145,Customer_3145,South,16-01-2018
3146,Customer_3146,North,09-08-2022
3147,Customer_3147,South,31-05-2020
3148,Customer_3148,North,14-06-2020
3149,Customer_3149,South,17-07-2018
3150,Customer_3150,East,08-06-2021
3151,Customer_3151,North,01-01-2023
3152,Customer_3152,South,06-09-2021
3153,Customer_3153,West,28-12-2020
3154,Customer_3154,South,17-05-2021
3155,Customer_3155,East,26-09-2020
3156,Customer_3156,South,24-11-2019
3157,Customer_3157,East,16-12-2020
3158,Customer_3158,East,27-01-2022
3159,Customer_3159,South,07-09-2018
3160,Customer_3160,North,20-03-2019
3161,Customer_3161,East,26-03-2019
3162,Customer_3162,North,16-06-2023
3163,Customer_3163,South,12-12-2022
3164,Customer_3164,East,12-03-2018
3165,Customer_3165,South,05-06-2019
3166,Customer_3166,East,29-05-2019
3167,Customer_3167,East,24-04-2020
3168,Customer_3168,East,13-09-2019
3169,Customer_3169,South,08-04-2021
3170,Customer_3170,South,11-11-2022
3171,Customer_3171,North,27-07-2018
3172,Customer_3172,West,21-02-2022
3173,Customer_3173,South,28-10-2022
3174,Customer_3174,North,10-03-2021
3175,Customer_3175,West,08-11-2022
3176,Customer_3176,East,21-04-2023
3177,Customer_3177,South,05-04-2018
3178,Customer_3178,West,23-07-2019
3179,Customer_3179,East,05-02-2020
3180,Customer_3180,North,10-10-2020
3181,Customer_3181,South,02-02-2020
3182,Customer_3182,East,02-12-2022
3183,Customer_3183,South,09-07-2022
3184,Customer_3184,East,30-03-2021
3185,Customer_3185,North,03-06-2021
3186,Customer_3186,East,11-03-2021
3187,Customer_3187,South,04-02-2023
3188,Customer_3188,West,20-01-2019
3189,Customer_3189,South,01-03-2018
3190,Customer_3190,West,24-02-2021
3191,Customer_3191,North,23-05-2022
3192,Customer_3192,North,09-05-2019
3193,Customer_3193,North,28-06-2022
3194,Customer_3194,West,24-10-2022
3195,Customer_3195,North,27-07-2020
3196,Customer_3196,West,02-07-2018
3197,Customer_3197,South,15-01-2023
3198,Customer_3198,South,10-02-2023
3199,Customer_3199,East,30-01-2019
3200,Customer_3200,South,27-10-2019
3201,Customer_3201,East,30-11-2020
3202,Customer_3202,East,14-09-2019
3203,Customer_3203,South,21-08-2021
3204,Customer_3204,West,19-04-2018
3205,Customer_3205,East,30-04-2018
3206,Customer_3206,North,28-11-2020
3207,Customer_3207,East,29-10-2022
3208,Customer_3208,North,11-12-2022
3209,Customer_3209,South,21-05-2023
3210,Customer_3210,West,16-03-2019
3211,Customer_3211,North,16-01-2021
3212,Customer_3212,West,06-04-2023
3213,Customer_3213,West,24-11-2018
3214,Customer_3214,West,17-05-2021
3215,Customer_3215,South,27-06-2022
3216,Customer_3216,East,01-07-2022
3217,Customer_3217,North,01-07-2022
3218,Customer_3218,West,07-11-2019
3219,Customer_3219,East,22-11-2021
3220,Customer_3220,North,28-04-2022
3221,Customer_3221,East,28-05-2020
3222,Customer_3222,East,23-11-2020
3223,Customer_3223,East,07-01-2019
3224,Customer_3224,West,13-11-2019
3225,Customer_3225,West,18-01-2019
3226,Customer_3226,South,23-07-2021
3227,Customer_3227,South,17-11-2021
3228,Customer_3228,North,22-04-2018
3229,Customer_3229,East,19-05-2019
3230,Customer_3230,West,07-11-2019
3231,Customer_3231,East,20-06-2018
3232,Customer_3232,East,30-09-2018
3233,Customer_3233,East,13-07-2019
3234,Customer_3234,South,07-11-2018
3235,Customer_3235,South,07-04-2019
3236,Customer_3236,West,09-07-2020
3237,Customer_3237,North,01-11-2018
3238,Customer_3238,North,24-09-2022
3239,Customer_3239,South,14-01-2022
3240,Customer_3240,West,30-01-2020
3241,Customer_3241,North,25-04-2023
3242,Customer_3242,South,03-10-2019
3243,Customer_3243,North,07-06-2021
3244,Customer_3244,East,05-12-2019
3245,Customer_3245,South,07-01-2021
3246,Customer_3246,East,20-09-2021
3247,Customer_3247,South,28-01-2022
3248,Customer_3248,West,05-09-2019
3249,Customer_3249,West,06-10-2021
3250,Customer_3250,North,27-07-2020
3251,Customer_3251,South,30-08-2018
3252,Customer_3252,North,11-08-2022
3253,Customer_3253,East,21-12-2020
3254,Customer_3254,North,23-05-2023
3255,Customer_3255,East,19-04-2018
3256,Customer_3256,West,13-02-2020
3257,Customer_3257,West,16-10-2022
3258,Customer_3258,West,09-02-2022
3259,Customer_3259,North,28-03-2020
3260,Customer_3260,West,04-09-2020
3261,Customer_3261,South,13-01-2020
3262,Customer_3262,East,24-04-2019
3263,Customer_3263,South,15-12-2021
3264,Customer_3264,East,30-03-2021
3265,Customer_3265,East,14-10-2021
3266,Customer_3266,South,12-09-2022
3267,Customer_3267,West,20-05-2022
3268,Customer_3268,South,14-08-2018
3269,Customer_3269,East,11-03-2021
3270,Customer_3270,North,26-10-2020
3271,Customer_3271,West,23-10-2020
3272,Customer_3272,West,30-06-2018
3273,Customer_3273,North,26-02-2020
3274,Customer_3274,East,13-12-2019
3275,Customer_3275,West,22-07-2021
3276,Customer_3276,South,03-07-2019
3277,Customer_3277,East,05-11-2021
3278,Customer_3278,East,12-06-2018
3279,Customer_3279,East,01-04-2021
3280,Customer_3280,West,06-08-2018
3281,Customer_3281,West,23-01-2019
3282,Customer_3282,South,22-04-2021
3283,Customer_3283,North,27-03-2018
3284,Customer_3284,West,21-11-2018
3285,Customer_3285,East,27-05-2022
3286,Customer_3286,South,21-06-2020
3287,Customer_3287,West,20-08-2019
3288,Customer_3288,South,24-10-2021
3289,Customer_3289,North,24-05-2020
3290,Customer_3290,East,31-12-2021
3291,Customer_3291,North,08-06-2021
3292,Customer_3292,North,07-04-2018
3293,Customer_3293,North,16-03-2023
3294,Customer_3294,East,16-10-2018
3295,Customer_3295,North,15-07-2020
3296,Customer_3296,North,29-07-2019
3297,Customer_3297,West,26-12-2021
3298,Customer_3298,North,16-05-2022
3299,Customer_3299,West,29-08-2020
3300,Customer_3300,West,04-04-2021
3301,Customer_3301,East,24-04-2019
3302,Customer_3302,West,04-04-2019
3303,Customer_3303,East,28-01-2019
3304,Customer_3304,East,21-06-2019
3305,Customer_3305,East,01-07-2022
3306,Customer_3306,North,04-04-2022
3307,Customer_3307,South,02-12-2021
3308,Customer_3308,South,31-10-2022
3309,Customer_3309,East,15-04-2018
3310,Customer_3310,South,16-03-2019
3311,Customer_3311,South,16-11-2018
3312,Customer_3312,West,19-02-2021
3313,Customer_3313,West,16-09-2021
3314,Customer_3314,North,09-04-2021
3315,Customer_3315,North,05-07-2018
3316,Customer_3316,West,02-08-2022
3317,Customer_3317,West,23-10-2021
3318,Customer_3318,West,14-01-2021
3319,Customer_3319,North,11-01-2023
3320,Customer_3320,South,30-10-2022
3321,Customer_3321,East,24-06-2020
3322,Customer_3322,North,15-07-2022
3323,Customer_3323,East,19-10-2020
3324,Customer_3324,East,30-01-2018
3325,Customer_3325,East,29-09-2018
3326,Customer_3326,West,17-04-2023
3327,Customer_3327,West,26-06-2021
3328,Customer_3328,East,07-03-2020
3329,Customer_3329,North,22-07-2020
3330,Customer_3330,South,21-03-2018
3331,Customer_3331,South,22-05-2020
3332,Customer_3332,South,11-08-2018
3333,Customer_3333,North,05-09-2018
3334,Customer_3334,South,23-04-2020
3335,Customer_3335,East,15-05-2023
3336,Customer_3336,South,21-06-2022
3337,Customer_3337,West,04-01-2020
3338,Customer_3338,East,20-02-2019
3339,Customer_3339,West,18-07-2018
3340,Customer_3340,North,18-07-2018
3341,Customer_3341,West,22-04-2022
3342,Customer_3342,West,15-04-2018
3343,Customer_3343,North,28-01-2020
3344,Customer_3344,North,29-12-2020
3345,Customer_3345,East,07-02-2021
3346,Customer_3346,West,04-05-2019
3347,Customer_3347,West,10-07-2022
3348,Customer_3348,North,18-06-2022
3349,Customer_3349,East,17-08-2020
3350,Customer_3350,West,25-04-2022
3351,Customer_3351,East,20-09-2020
3352,Customer_3352,East,07-09-2020
3353,Customer_3353,West,10-01-2020
3354,Customer_3354,South,14-04-2019
3355,Customer_3355,South,19-09-2019
3356,Customer_3356,East,27-01-2019
3357,Customer_3357,South,09-01-2023
3358,Customer_3358,West,22-03-2023
3359,Customer_3359,East,02-02-2021
3360,Customer_3360,West,18-01-2020
3361,Customer_3361,North,01-06-2023
3362,Customer_3362,North,10-07-2021
3363,Customer_3363,South,05-10-2022
3364,Customer_3364,East,14-09-2021
3365,Customer_3365,East,24-04-2021
3366,Customer_3366,West,30-07-2021
3367,Customer_3367,West,17-03-2019
3368,Customer_3368,South,21-05-2021
3369,Customer_3369,South,23-05-2018
3370,Customer_3370,West,28-05-2018
3371,Customer_3371,East,30-11-2021
3372,Customer_3372,East,10-10-2022
3373,Customer_3373,East,30-03-2019
3374,Customer_3374,West,04-02-2020
3375,Customer_3375,East,30-10-2021
3376,Customer_3376,East,22-12-2022
3377,Customer_3377,South,05-10-2019
3378,Customer_3378,West,28-05-2021
3379,Customer_3379,East,13-02-2023
3380,Customer_3380,West,09-07-2018
3381,Customer_3381,South,19-07-2022
3382,Customer_3382,North,11-07-2020
3383,Customer_3383,South,03-11-2021
3384,Customer_3384,East,09-06-2022
3385,Customer_3385,North,04-04-2018
3386,Customer_3386,North,13-09-2021
3387,Customer_3387,West,06-04-2021
3388,Customer_3388,West,24-01-2018
3389,Customer_3389,North,25-07-2019
3390,Customer_3390,West,03-11-2020
3391,Customer_3391,North,06-12-2020
3392,Customer_3392,North,12-06-2023
3393,Customer_3393,East,18-03-2021
3394,Customer_3394,West,01-05-2022
3395,Customer_3395,East,27-04-2023
3396,Customer_3396,West,02-04-2022
3397,Customer_3397,East,21-08-2018
3398,Customer_3398,South,13-12-2022
3399,Customer_3399,East,01-09-2019
3400,Customer_3400,East,13-09-2019
3401,Customer_3401,North,23-06-2019
3402,Customer_3402,East,10-08-2022
3403,Customer_3403,North,28-05-2022
3404,Customer_3404,East,10-04-2023
3405,Customer_3405,East,13-11-2020
3406,Customer_3406,South,06-08-2018
3407,Customer_3407,West,26-02-2019
3408,Customer_3408,North,07-12-2019
3409,Customer_3409,West,02-12-2018
3410,Customer_3410,East,16-09-2021
3411,Customer_3411,North,03-11-2020
3412,Customer_3412,East,15-04-2023
3413,Customer_3413,North,29-02-2020
3414,Customer_3414,North,21-02-2021
3415,Customer_3415,North,19-12-2021
3416,Customer_3416,North,11-05-2023
3417,Customer_3417,East,11-05-2019
3418,Customer_3418,South,29-08-2022
3419,Customer_3419,West,07-12-2018
3420,Customer_3420,South,18-02-2023
3421,Customer_3421,North,27-04-2021
3422,Customer_3422,East,12-06-2020
3423,Customer_3423,North,30-03-2021
3424,Customer_3424,North,19-02-2018
3425,Customer_3425,West,02-12-2019
3426,Customer_3426,South,05-05-2022
3427,Customer_3427,North,13-10-2020
3428,Customer_3428,West,11-11-2020
3429,Customer_3429,North,07-04-2022
3430,Customer_3430,East,19-06-2019
3431,Customer_3431,West,04-04-2023
3432,Customer_3432,North,19-04-2023
3433,Customer_3433,East,23-10-2021
3434,Customer_3434,North,02-04-2020
3435,Customer_3435,East,01-01-2018
3436,Customer_3436,North,05-12-2020
3437,Customer_3437,East,18-05-2023
3438,Customer_3438,North,18-10-2019
3439,Customer_3439,East,08-02-2020
3440,Customer_3440,North,11-05-2018
3441,Customer_3441,West,10-08-2020
3442,Customer_3442,West,02-08-2021
3443,Customer_3443,South,25-02-2022
3444,Customer_3444,South,26-04-2018
3445,Customer_3445,East,20-12-2018
3446,Customer_3446,West,08-08-2021
3447,Customer_3447,West,03-08-2021
3448,Customer_3448,North,21-07-2020
3449,Customer_3449,North,05-08-2020
3450,Customer_3450,South,20-04-2021
3451,Customer_3451,South,05-09-2021
3452,Customer_3452,West,13-06-2023
3453,Customer_3453,West,24-09-2018
3454,Customer_3454,North,23-12-2022
3455,Customer_3455,West,22-06-2021
3456,Customer_3456,West,08-04-2022
3457,Customer_3457,West,10-08-2019
3458,Customer_3458,East,01-09-2018
3459,Customer_3459,East,25-09-2019
3460,Customer_3460,North,18-11-2018
3461,Customer_3461,North,18-01-2022
3462,Customer_3462,East,27-11-2022
3463,Customer_3463,North,26-08-2022
3464,Customer_3464,West,19-11-2019
3465,Customer_3465,West,05-02-2022
3466,Customer_3466,South,09-02-2019
3467,Customer_3467,East,05-11-2020
3468,Customer_3468,South,06-02-2023
3469,Customer_3469,West,30-05-2018
3470,Customer_3470,South,02-02-2022
3471,Customer_3471,South,12-01-2023
3472,Customer_3472,East,24-11-2022
3473,Customer_3473,West,19-03-2022
3474,Customer_3474,West,11-05-2019
3475,Customer_3475,East,20-02-2018
3476,Customer_3476,South,20-07-2020
3477,Customer_3477,West,03-04-2023
3478,Customer_3478,East,10-11-2019
3479,Customer_3479,West,07-11-2020
3480,Customer_3480,East,10-03-2018
3481,Customer_3481,South,26-05-2020
3482,Customer_3482,East,16-02-2019
3483,Customer_3483,West,25-12-2018
3484,Customer_3484,North,23-09-2018
3485,Customer_3485,North,23-06-2018
3486,Customer_3486,East,24-12-2018
3487,Customer_3487,North,19-01-2023
3488,Customer_3488,East,13-04-2022
3489,Customer_3489,South,13-09-2021
3490,Customer_3490,West,11-11-2018
3491,Customer_3491,North,26-12-2018
3492,Customer_3492,North,04-05-2023
3493,Customer_3493,South,31-01-2019
3494,Customer_3494,South,07-08-2018
3495,Customer_3495,South,20-09-2022
3496,Customer_3496,South,10-08-2018
3497,Customer_3497,South,15-07-2021
3498,Customer_3498,North,06-08-2021
3499,Customer_3499,North,28-08-2022
3500,Customer_3500,West,22-01-2023
3501,Customer_3501,East,08-07-2018
3502,Customer_3502,East,03-08-2018
3503,Customer_3503,West,04-04-2019
3504,Customer_3504,East,20-03-2021
3505,Customer_3505,South,10-03-2021
3506,Customer_3506,South,01-06-2020
3507,Customer_3507,West,20-05-2022
3508,Customer_3508,North,12-09-2020
3509,Customer_3509,North,24-03-2020
3510,Customer_3510,North,25-01-2019
3511,Customer_3511,West,17-05-2023
3512,Customer_3512,East,30-05-2021
3513,Customer_3513,West,03-08-2021
3514,Customer_3514,North,18-02-2018
3515,Customer_3515,South,28-05-2021
3516,Customer_3516,East,30-09-2022
3517,Customer_3517,South,23-04-2018
3518,Customer_3518,North,24-04-2019
3519,Customer_3519,East,27-03-2018
3520,Customer_3520,West,07-07-2018
3521,Customer_3521,North,01-12-2020
3522,Customer_3522,West,08-09-2019
3523,Customer_3523,South,26-10-2021
3524,Customer_3524,North,05-11-2022
3525,Customer_3525,West,20-01-2020
3526,Customer_3526,East,19-05-2020
3527,Customer_3527,West,18-06-2018
3528,Customer_3528,East,18-05-2018
3529,Customer_3529,South,22-12-2021
3530,Customer_3530,East,20-05-2021
3531,Customer_3531,East,20-04-2021
3532,Customer_3532,West,04-01-2020
3533,Customer_3533,West,05-09-2018
3534,Customer_3534,East,26-02-2022
3535,Customer_3535,South,07-01-2018
3536,Customer_3536,East,17-12-2019
3537,Customer_3537,South,17-08-2020
3538,Customer_3538,East,12-03-2019
3539,Customer_3539,South,17-04-2023
3540,Customer_3540,West,08-01-2018
3541,Customer_3541,North,14-03-2023
3542,Customer_3542,East,28-07-2020
3543,Customer_3543,West,11-09-2019
3544,Customer_3544,South,06-04-2023
3545,Customer_3545,East,28-03-2021
3546,Customer_3546,West,20-11-2020
3547,Customer_3547,North,23-11-2021
3548,Customer_3548,East,08-06-2018
3549,Customer_3549,East,03-10-2020
3550,Customer_3550,North,28-11-2018
3551,Customer_3551,North,29-01-2018
3552,Customer_3552,East,08-04-2020
3553,Customer_3553,North,06-06-2022
3554,Customer_3554,South,31-07-2021
3555,Customer_3555,West,31-08-2018
3556,Customer_3556,North,07-03-2021
3557,Customer_3557,South,09-10-2021
3558,Customer_3558,East,14-09-2019
3559,Customer_3559,East,09-12-2021
3560,Customer_3560,East,07-12-2019
3561,Customer_3561,South,02-10-2022
3562,Customer_3562,South,21-07-2022
3563,Customer_3563,East,17-12-2018
3564,Customer_3564,East,08-11-2020
3565,Customer_3565,West,04-02-2021
3566,Customer_3566,West,18-02-2019
3567,Customer_3567,North,01-06-2022
3568,Customer_3568,East,22-10-2019
3569,Customer_3569,West,03-06-2021
3570,Customer_3570,South,26-02-2018
3571,Customer_3571,West,07-05-2022
3572,Customer_3572,West,15-02-2019
3573,Customer_3573,South,01-03-2023
3574,Customer_3574,West,27-07-2019
3575,Customer_3575,East,12-03-2022
3576,Customer_3576,East,16-02-2021
3577,Customer_3577,East,18-06-2022
3578,Customer_3578,North,28-05-2020
3579,Customer_3579,South,08-06-2022
3580,Customer_3580,East,27-05-2019
3581,Customer_3581,South,27-07-2022
3582,Customer_3582,East,15-07-2022
3583,Customer_3583,North,19-12-2018
3584,Customer_3584,South,26-02-2021
3585,Customer_3585,South,22-12-2022
3586,Customer_3586,North,06-05-2022
3587,Customer_3587,South,29-08-2022
3588,Customer_3588,East,10-11-2018
3589,Customer_3589,South,01-01-2020
3590,Customer_3590,East,02-12-2020
3591,Customer_3591,West,14-05-2023
3592,Customer_3592,South,03-09-2021
3593,Customer_3593,West,14-07-2021
3594,Customer_3594,West,16-03-2022
3595,Customer_3595,East,14-07-2022
3596,Customer_3596,East,21-10-2019
3597,Customer_3597,South,08-01-2018
3598,Customer_3598,North,06-07-2020
3599,Customer_3599,West,25-07-2019
3600,Customer_3600,West,06-09-2022
3601,Customer_3601,East,24-11-2022
3602,Customer_3602,West,19-08-2018
3603,Customer_3603,North,25-12-2021
3604,Customer_3604,North,04-02-2022
3605,Customer_3605,East,24-10-2021
3606,Customer_3606,North,16-12-2018
3607,Customer_3607,West,12-02-2023
3608,Customer_3608,South,13-04-2022
3609,Customer_3609,West,14-03-2019
3610,Customer_3610,South,03-02-2019
3611,Customer_3611,North,21-09-2021
3612,Customer_3612,East,22-02-2023
3613,Customer_3613,North,12-12-2020
3614,Customer_3614,West,11-01-2022
3615,Customer_3615,West,30-08-2018
3616,Customer_3616,East,05-12-2018
3617,Customer_3617,West,14-08-2018
3618,Customer_3618,East,01-05-2021
3619,Customer_3619,North,28-01-2023
3620,Customer_3620,West,30-10-2022
3621,Customer_3621,East,23-06-2020
3622,Customer_3622,North,10-01-2018
3623,Customer_3623,East,25-01-2021
3624,Customer_3624,West,22-06-2019
3625,Customer_3625,West,20-05-2023
3626,Customer_3626,West,27-06-2020
3627,Customer_3627,East,23-08-2022
3628,Customer_3628,West,13-03-2023
3629,Customer_3629,North,27-11-2019
3630,Customer_3630,West,13-02-2021
3631,Customer_3631,North,09-04-2019
3632,Customer_3632,West,07-01-2021
3633,Customer_3633,North,29-10-2018
3634,Customer_3634,South,10-06-2019
3635,Customer_3635,South,24-04-2018
3636,Customer_3636,North,09-05-2020
3637,Customer_3637,North,09-03-2018
3638,Customer_3638,West,12-12-2020
3639,Customer_3639,East,29-09-2018
3640,Customer_3640,West,23-05-2023
3641,Customer_3641,West,01-05-2019
3642,Customer_3642,South,13-02-2023
3643,Customer_3643,West,16-01-2018
3644,Customer_3644,West,31-03-2018
3645,Customer_3645,North,28-09-2018
3646,Customer_3646,East,03-07-2018
3647,Customer_3647,East,24-07-2018
3648,Customer_3648,North,11-01-2023
3649,Customer_3649,West,10-11-2019
3650,Customer_3650,East,15-08-2022
3651,Customer_3651,South,26-03-2019
3652,Customer_3652,East,04-01-2023
3653,Customer_3653,West,08-06-2020
3654,Customer_3654,North,10-10-2019
3655,Customer_3655,South,08-05-2020
3656,Customer_3656,East,27-10-2020
3657,Customer_3657,East,21-01-2018
3658,Customer_3658,West,23-07-2020
3659,Customer_3659,South,04-07-2019
3660,Customer_3660,North,25-02-2022
3661,Customer_3661,North,25-10-2022
3662,Customer_3662,North,27-04-2022
3663,Customer_3663,South,19-08-2021
3664,Customer_3664,North,27-05-2019
3665,Customer_3665,South,03-01-2018
3666,Customer_3666,West,01-08-2021
3667,Customer_3667,West,26-04-2023
3668,Customer_3668,West,11-11-2019
3669,Customer_3669,East,15-11-2022
3670,Customer_3670,South,11-09-2018
3671,Customer_3671,South,28-03-2022
3672,Customer_3672,East,15-01-2019
3673,Customer_3673,East,31-12-2022
3674,Customer_3674,South,02-02-2019
3675,Customer_3675,South,04-09-2018
3676,Customer_3676,South,25-08-2020
3677,Customer_3677,South,29-07-2019
3678,Customer_3678,East,12-10-2018
3679,Customer_3679,North,12-12-2021
3680,Customer_3680,North,02-04-2023
3681,Customer_3681,South,08-05-2021
3682,Customer_3682,South,04-02-2020
3683,Customer_3683,East,01-01-2020
3684,Customer_3684,North,11-07-2019
3685,Customer_3685,South,21-03-2021
3686,Customer_3686,South,22-05-2019
3687,Customer_3687,East,28-05-2021
3688,Customer_3688,South,15-07-2019
3689,Customer_3689,South,17-12-2022
3690,Customer_3690,West,27-05-2019
3691,Customer_3691,South,30-07-2021
3692,Customer_3692,East,27-01-2023
3693,Customer_3693,West,24-12-2020
3694,Customer_3694,East,13-08-2022
3695,Customer_3695,East,12-03-2021
3696,Customer_3696,West,21-04-2018
3697,Customer_3697,South,03-04-2020
3698,Customer_3698,East,04-10-2018
3699,Customer_3699,North,14-02-2020
3700,Customer_3700,North,02-07-2022
3701,Customer_3701,South,18-12-2020
3702,Customer_3702,North,24-04-2019
3703,Customer_3703,West,08-02-2022
3704,Customer_3704,North,13-11-2018
3705,Customer_3705,East,26-05-2023
3706,Customer_3706,South,24-12-2021
3707,Customer_3707,South,23-11-2018
3708,Customer_3708,North,18-03-2021
3709,Customer_3709,North,23-03-2019
3710,Customer_3710,North,04-03-2022
3711,Customer_3711,West,23-10-2019
3712,Customer_3712,West,23-07-2019
3713,Customer_3713,East,06-09-2021
3714,Customer_3714,North,12-04-2018
3715,Customer_3715,South,25-05-2023
3716,Customer_3716,North,31-10-2022
3717,Customer_3717,North,12-02-2018
3718,Customer_3718,North,15-03-2019
3719,Customer_3719,South,11-06-2018
3720,Customer_3720,North,05-02-2019
3721,Customer_3721,South,21-07-2021
3722,Customer_3722,West,16-06-2021
3723,Customer_3723,North,01-06-2021
3724,Customer_3724,East,07-05-2020
3725,Customer_3725,West,02-12-2020
3726,Customer_3726,East,29-09-2018
3727,Customer_3727,South,03-02-2018
3728,Customer_3728,East,22-06-2021
3729,Customer_3729,North,15-12-2022
3730,Customer_3730,East,04-03-2019
3731,Customer_3731,South,25-11-2018
3732,Customer_3732,South,29-04-2018
3733,Customer_3733,West,17-08-2019
3734,Customer_3734,West,16-10-2019
3735,Customer_3735,East,31-10-2020
3736,Customer_3736,West,05-02-2021
3737,Customer_3737,West,25-04-2022
3738,Customer_3738,South,26-01-2022
3739,Customer_3739,South,19-05-2022
3740,Customer_3740,East,04-06-2022
3741,Customer_3741,West,15-07-2019
3742,Customer_3742,North,06-09-2020
3743,Customer_3743,West,24-01-2023
3744,Customer_3744,South,26-12-2018
3745,Customer_3745,South,09-12-2018
3746,Customer_3746,North,15-06-2019
3747,Customer_3747,North,24-08-2022
3748,Customer_3748,East,09-01-2019
3749,Customer_3749,West,27-10-2018
3750,Customer_3750,East,27-11-2020
3751,Customer_3751,South,30-03-2022
3752,Customer_3752,West,01-08-2022
3753,Customer_3753,East,22-09-2018
3754,Customer_3754,South,15-06-2019
3755,Customer_3755,North,20-11-2021
3756,Customer_3756,East,07-09-2022
3757,Customer_3757,North,26-04-2023
3758,Customer_3758,North,21-05-2020
3759,Customer_3759,West,12-04-2022
3760,Customer_3760,West,18-12-2020
3761,Customer_3761,North,09-11-2022
3762,Customer_3762,West,17-06-2019
3763,Customer_3763,East,22-02-2018
3764,Customer_3764,North,23-12-2019
3765,Customer_3765,West,24-10-2020
3766,Customer_3766,North,04-05-2023
3767,Customer_3767,North,04-03-2021
3768,Customer_3768,West,14-06-2023
3769,Customer_3769,North,18-08-2019
3770,Customer_3770,South,18-09-2019
3771,Customer_3771,North,25-09-2021
3772,Customer_3772,North,27-06-2022
3773,Customer_3773,South,05-03-2018
3774,Customer_3774,North,29-06-2019
3775,Customer_3775,East,04-01-2022
3776,Customer_3776,North,20-12-2018
3777,Customer_3777,East,20-08-2020
3778,Customer_3778,North,02-07-2020
3779,Customer_3779,West,23-12-2022
3780,Customer_3780,North,23-11-2020
3781,Customer_3781,North,22-04-2021
3782,Customer_3782,East,18-08-2020
3783,Customer_3783,West,04-09-2021
3784,Customer_3784,South,02-10-2019
3785,Customer_3785,East,02-05-2018
3786,Customer_3786,East,17-04-2018
3787,Customer_3787,West,05-07-2020
3788,Customer_3788,South,23-09-2022
3789,Customer_3789,South,28-11-2022
3790,Customer_3790,West,21-03-2022
3791,Customer_3791,North,13-07-2020
3792,Customer_3792,East,19-02-2020
3793,Customer_3793,East,24-04-2021
3794,Customer_3794,East,22-11-2019
3795,Customer_3795,North,15-08-2019
3796,Customer_3796,South,02-05-2022
3797,Customer_3797,West,22-11-2018
3798,Customer_3798,North,08-10-2018
3799,Customer_3799,North,16-02-2018
3800,Customer_3800,North,29-01-2023
3801,Customer_3801,North,11-06-2020
3802,Customer_3802,West,23-05-2023
3803,Customer_3803,West,26-03-2021
3804,Customer_3804,East,23-02-2021
3805,Customer_3805,East,31-05-2021
3806,Customer_3806,North,03-09-2018
3807,Customer_3807,South,25-12-2021
3808,Customer_3808,East,09-01-2022
3809,Customer_3809,South,02-03-2021
3810,Customer_3810,North,09-03-2022
3811,Customer_3811,East,06-03-2021
3812,Customer_3812,North,21-10-2020
3813,Customer_3813,West,23-10-2019
3814,Customer_3814,East,14-08-2022
3815,Customer_3815,West,27-12-2019
3816,Customer_3816,North,22-07-2022
3817,Customer_3817,East,18-10-2020
3818,Customer_3818,East,12-08-2022
3819,Customer_3819,South,05-02-2020
3820,Customer_3820,East,28-11-2022
3821,Customer_3821,North,19-09-2019
3822,Customer_3822,South,02-05-2023
3823,Customer_3823,South,24-10-2018
3824,Customer_3824,South,03-02-2022
3825,Customer_3825,North,10-08-2019
3826,Customer_3826,North,03-06-2022
3827,Customer_3827,East,27-09-2020
3828,Customer_3828,West,12-12-2022
3829,Customer_3829,East,29-10-2021
3830,Customer_3830,East,20-02-2022
3831,Customer_3831,West,06-01-2019
3832,Customer_3832,North,29-08-2019
3833,Customer_3833,North,18-11-2019
3834,Customer_3834,North,03-04-2023
3835,Customer_3835,West,29-10-2019
3836,Customer_3836,South,20-11-2020
3837,Customer_3837,North,16-09-2021
3838,Customer_3838,East,31-10-2022
3839,Customer_3839,North,07-03-2022
3840,Customer_3840,South,09-06-2018
3841,Customer_3841,West,17-10-2019
3842,Customer_3842,East,24-04-2023
3843,Customer_3843,West,02-09-2019
3844,Customer_3844,East,13-04-2018
3845,Customer_3845,East,25-12-2021
3846,Customer_3846,West,23-09-2019
3847,Customer_3847,South,08-03-2018
3848,Customer_3848,North,08-03-2023
3849,Customer_3849,South,26-03-2019
3850,Customer_3850,South,24-02-2020
3851,Customer_3851,East,31-07-2019
3852,Customer_3852,North,11-06-2021
3853,Customer_3853,West,24-12-2018
3854,Customer_3854,South,02-02-2019
3855,Customer_3855,East,15-07-2019
3856,Customer_3856,North,05-12-2018
3857,Customer_3857,North,14-05-2018
3858,Customer_3858,South,23-05-2023
3859,Customer_3859,East,15-06-2020
3860,Customer_3860,North,03-10-2020
3861,Customer_3861,East,21-10-2018
3862,Customer_3862,North,15-04-2018
3863,Customer_3863,West,30-11-2020
3864,Customer_3864,East,19-11-2020
3865,Customer_3865,South,03-03-2018
3866,Customer_3866,East,24-12-2022
3867,Customer_3867,South,15-01-2021
3868,Customer_3868,East,13-12-2020
3869,Customer_3869,South,01-06-2023
3870,Customer_3870,North,07-11-2018
3871,Customer_3871,East,26-11-2019
3872,Customer_3872,North,15-12-2020
3873,Customer_3873,South,26-05-2018
3874,Customer_3874,West,09-03-2020
3875,Customer_3875,West,17-05-2018
3876,Customer_3876,North,11-04-2021
3877,Customer_3877,West,23-03-2023
3878,Customer_3878,West,16-04-2023
3879,Customer_3879,North,02-12-2020
3880,Customer_3880,West,25-08-2018
3881,Customer_3881,South,09-04-2022
3882,Customer_3882,North,18-06-2023
3883,Customer_3883,North,25-05-2018
3884,Customer_3884,West,05-02-2021
3885,Customer_3885,North,28-01-2019
3886,Customer_3886,East,16-04-2020
3887,Customer_3887,North,19-11-2020
3888,Customer_3888,South,25-01-2021
3889,Customer_3889,North,25-11-2020
3890,Customer_3890,South,15-09-2021
3891,Customer_3891,South,02-04-2019
3892,Customer_3892,South,13-05-2020
3893,Customer_3893,South,17-01-2019
3894,Customer_3894,North,26-04-2022
3895,Customer_3895,West,27-04-2020
3896,Customer_3896,East,11-09-2022
3897,Customer_3897,East,21-03-2018
3898,Customer_3898,South,26-01-2021
3899,Customer_3899,North,31-07-2019
3900,Customer_3900,South,01-02-2020
3901,Customer_3901,West,06-01-2018
3902,Customer_3902,West,12-03-2023
3903,Customer_3903,West,26-06-2019
3904,Customer_3904,East,10-05-2018
3905,Customer_3905,West,03-04-2021
3906,Customer_3906,East,22-04-2023
3907,Customer_3907,West,22-09-2020
3908,Customer_3908,North,02-12-2022
3909,Customer_3909,East,29-11-2019
3910,Customer_3910,West,12-10-2021
3911,Customer_3911,North,09-06-2021
3912,Customer_3912,South,07-09-2019
3913,Customer_3913,North,17-04-2018
3914,Customer_3914,North,21-01-2023
3915,Customer_3915,West,10-07-2018
3916,Customer_3916,North,15-01-2020
3917,Customer_3917,South,22-02-2020
3918,Customer_3918,South,19-12-2018
3919,Customer_3919,South,20-01-2021
3920,Customer_3920,South,15-06-2020
3921,Customer_3921,East,28-04-2019
3922,Customer_3922,South,28-06-2021
3923,Customer_3923,South,19-07-2021
3924,Customer_3924,North,06-12-2019
3925,Customer_3925,South,31-03-2022
3926,Customer_3926,North,01-07-2018
3927,Customer_3927,North,17-11-2018
3928,Customer_3928,South,02-02-2023
3929,Customer_3929,West,09-12-2019
3930,Customer_3930,North,21-03-2020
3931,Customer_3931,South,16-12-2018
3932,Customer_3932,East,09-10-2021
3933,Customer_3933,South,31-08-2018
3934,Customer_3934,East,19-07-2020
3935,Customer_3935,West,03-02-2018
3936,Customer_3936,South,26-08-2018
3937,Customer_3937,South,18-05-2022
3938,Customer_3938,East,26-01-2022
3939,Customer_3939,West,24-01-2020
3940,Customer_3940,North,24-03-2018
3941,Customer_3941,East,22-04-2018
3942,Customer_3942,South,23-05-2019
3943,Customer_3943,East,13-01-2020
3944,Customer_3944,South,05-05-2022
3945,Customer_3945,South,13-10-2020
3946,Customer_3946,North,01-09-2018
3947,Customer_3947,South,06-02-2020
3948,Customer_3948,North,16-05-2022
3949,Customer_3949,East,07-11-2020
3950,Customer_3950,West,24-10-2021
3951,Customer_3951,East,21-04-2022
3952,Customer_3952,East,05-09-2018
3953,Customer_3953,East,25-05-2020
3954,Customer_3954,North,19-04-2019
3955,Customer_3955,East,20-02-2020
3956,Customer_3956,South,01-10-2018
3957,Customer_3957,South,13-12-2019
3958,Customer_3958,North,12-03-2021
3959,Customer_3959,South,12-03-2020
3960,Customer_3960,North,01-09-2020
3961,Customer_3961,South,13-06-2020
3962,Customer_3962,East,28-09-2018
3963,Customer_3963,South,18-05-2020
3964,Customer_3964,West,21-09-2019
3965,Customer_3965,North,09-07-2021
3966,Customer_3966,South,09-09-2021
3967,Customer_3967,North,20-02-2020
3968,Customer_3968,South,05-04-2018
3969,Customer_3969,North,21-05-2020
3970,Customer_3970,West,26-02-2020
3971,Customer_3971,West,16-10-2018
3972,Customer_3972,West,27-10-2020
3973,Customer_3973,South,21-07-2020
3974,Customer_3974,South,05-05-2023
3975,Customer_3975,South,11-11-2021
3976,Customer_3976,West,20-10-2021
3977,Customer_3977,North,08-04-2021
3978,Customer_3978,East,18-09-2021
3979,Customer_3979,South,13-01-2019
3980,Customer_3980,West,28-11-2021
3981,Customer_3981,South,09-02-2019
3982,Customer_3982,West,15-08-2019
3983,Customer_3983,West,16-03-2018
3984,Customer_3984,North,07-06-2021
3985,Customer_3985,West,13-02-2022
3986,Customer_3986,North,09-03-2021
3987,Customer_3987,West,14-12-2018
3988,Customer_3988,East,01-12-2019
3989,Customer_3989,South,14-07-2019
3990,Customer_3990,South,21-03-2019
3991,Customer_3991,West,19-08-2021
3992,Customer_3992,South,11-12-2021
3993,Customer_3993,East,25-04-2022
3994,Customer_3994,East,12-08-2019
3995,Customer_3995,West,02-02-2022
3996,Customer_3996,East,14-10-2022
3997,Customer_3997,South,21-08-2021
3998,Customer_3998,North,07-04-2022
3999,Customer_3999,West,11-12-2018
4000,Customer_4000,North,23-04-2018
4001,Customer_4001,South,16-12-2022
4002,Customer_4002,South,27-01-2018
4003,Customer_4003,South,07-01-2020
4004,Customer_4004,East,31-01-2018
4005,Customer_4005,East,05-04-2019
4006,Customer_4006,North,26-12-2018
4007,Customer_4007,East,29-04-2022
4008,Customer_4008,South,29-01-2022
4009,Customer_4009,East,04-10-2020
4010,Customer_4010,North,14-08-2018
4011,Customer_4011,South,11-01-2018
4012,Customer_4012,West,04-07-2021
4013,Customer_4013,South,11-01-2020
4014,Customer_4014,North,10-09-2019
4015,Customer_4015,East,03-03-2019
4016,Customer_4016,North,05-04-2022
4017,Customer_4017,West,25-07-2020
4018,Customer_4018,North,12-05-2020
4019,Customer_4019,South,22-01-2019
4020,Customer_4020,South,01-03-2019
4021,Customer_4021,North,06-03-2018
4022,Customer_4022,West,16-05-2023
4023,Customer_4023,North,26-10-2021
4024,Customer_4024,East,13-02-2021
4025,Customer_4025,West,08-04-2019
4026,Customer_4026,South,22-07-2019
4027,Customer_4027,North,26-11-2021
4028,Customer_4028,West,13-01-2022
4029,Customer_4029,North,23-01-2018
4030,Customer_4030,South,11-11-2020
4031,Customer_4031,East,18-06-2023
4032,Customer_4032,East,10-03-2020
4033,Customer_4033,South,06-05-2018
4034,Customer_4034,West,25-10-2021
4035,Customer_4035,North,09-06-2021
4036,Customer_4036,East,15-04-2020
4037,Customer_4037,West,05-09-2022
4038,Customer_4038,East,09-02-2023
4039,Customer_4039,North,10-11-2019
4040,Customer_4040,East,18-11-2019
4041,Customer_4041,West,25-10-2021
4042,Customer_4042,North,29-05-2019
4043,Customer_4043,East,15-02-2021
4044,Customer_4044,West,02-07-2020
4045,Customer_4045,West,25-04-2022
4046,Customer_4046,East,25-01-2018
4047,Customer_4047,South,19-06-2022
4048,Customer_4048,North,17-03-2022
4049,Customer_4049,North,06-07-2019
4050,Customer_4050,South,06-03-2018
4051,Customer_4051,North,18-07-2020
4052,Customer_4052,East,28-08-2019
4053,Customer_4053,East,18-02-2022
4054,Customer_4054,West,05-07-2021
4055,Customer_4055,South,25-10-2019
4056,Customer_4056,East,24-06-2019
4057,Customer_4057,East,26-01-2018
4058,Customer_4058,North,17-10-2019
4059,Customer_4059,South,28-12-2018
4060,Customer_4060,East,23-02-2020
4061,Customer_4061,North,03-05-2021
4062,Customer_4062,North,19-02-2020
4063,Customer_4063,East,30-01-2020
4064,Customer_4064,West,27-07-2021
4065,Customer_4065,West,28-11-2019
4066,Customer_4066,North,28-01-2018
4067,Customer_4067,East,24-08-2019
4068,Customer_4068,West,02-01-2018
4069,Customer_4069,West,12-08-2018
4070,Customer_4070,North,24-09-2022
4071,Customer_4071,North,18-02-2023
4072,Customer_4072,East,09-06-2020
4073,Customer_4073,East,18-09-2018
4074,Customer_4074,West,10-06-2020
4075,Customer_4075,West,22-04-2018
4076,Customer_4076,South,14-08-2020
4077,Customer_4077,South,17-03-2019
4078,Customer_4078,South,08-03-2022
4079,Customer_4079,West,15-02-2020
4080,Customer_4080,North,07-06-2022
4081,Customer_4081,East,04-05-2020
4082,Customer_4082,South,31-05-2023
4083,Customer_4083,North,21-04-2020
4084,Customer_4084,South,15-10-2019
4085,Customer_4085,West,18-02-2021
4086,Customer_4086,West,18-12-2018
4087,Customer_4087,West,14-12-2019
4088,Customer_4088,North,18-11-2018
4089,Customer_4089,West,10-05-2021
4090,Customer_4090,West,07-07-2019
4091,Customer_4091,West,21-12-2020
4092,Customer_4092,South,31-10-2019
4093,Customer_4093,West,31-07-2022
4094,Customer_4094,North,18-07-2019
4095,Customer_4095,South,29-04-2022
4096,Customer_4096,North,27-02-2023
4097,Customer_4097,West,01-11-2018
4098,Customer_4098,East,11-04-2021
4099,Customer_4099,East,17-08-2021
4100,Customer_4100,South,01-02-2021
4101,Customer_4101,East,26-01-2021
4102,Customer_4102,South,13-12-2018
4103,Customer_4103,West,07-03-2022
4104,Customer_4104,South,28-01-2021
4105,Customer_4105,West,23-07-2019
4106,Customer_4106,South,09-12-2022
4107,Customer_4107,South,18-02-2023
4108,Customer_4108,West,02-09-2020
4109,Customer_4109,South,13-02-2020
4110,Customer_4110,South,23-06-2023
4111,Customer_4111,South,31-10-2020
4112,Customer_4112,West,13-09-2019
4113,Customer_4113,West,20-10-2019
4114,Customer_4114,South,25-02-2021
4115,Customer_4115,East,12-05-2023
4116,Customer_4116,South,07-01-2018
4117,Customer_4117,South,16-09-2020
4118,Customer_4118,South,12-08-2020
4119,Customer_4119,West,07-11-2018
4120,Customer_4120,South,02-04-2018
4121,Customer_4121,East,19-11-2018
4122,Customer_4122,East,11-03-2020
4123,Customer_4123,West,19-03-2023
4124,Customer_4124,North,01-08-2021
4125,Customer_4125,West,17-03-2019
4126,Customer_4126,West,16-03-2022
4127,Customer_4127,South,02-08-2019
4128,Customer_4128,North,08-06-2023
4129,Customer_4129,South,28-03-2023
4130,Customer_4130,East,18-06-2018
4131,Customer_4131,West,27-08-2021
4132,Customer_4132,South,07-07-2020
4133,Customer_4133,East,18-05-2021
4134,Customer_4134,South,02-12-2020
4135,Customer_4135,East,11-08-2019
4136,Customer_4136,East,16-10-2022
4137,Customer_4137,West,09-01-2022
4138,Customer_4138,South,02-06-2023
4139,Customer_4139,West,17-11-2018
4140,Customer_4140,South,25-03-2019
4141,Customer_4141,North,20-02-2018
4142,Customer_4142,South,12-06-2023
4143,Customer_4143,West,07-06-2022
4144,Customer_4144,East,31-07-2021
4145,Customer_4145,South,20-04-2022
4146,Customer_4146,North,06-09-2020
4147,Customer_4147,South,30-11-2018
4148,Customer_4148,East,13-01-2023
4149,Customer_4149,West,25-05-2018
4150,Customer_4150,East,18-03-2022
4151,Customer_4151,North,31-01-2023
4152,Customer_4152,West,24-04-2019
4153,Customer_4153,South,06-02-2021
4154,Customer_4154,West,15-07-2018
4155,Customer_4155,North,09-06-2018
4156,Customer_4156,East,28-05-2021
4157,Customer_4157,North,20-06-2020
4158,Customer_4158,North,08-09-2019
4159,Customer_4159,East,17-06-2022
4160,Customer_4160,East,25-02-2019
4161,Customer_4161,East,05-12-2019
4162,Customer_4162,South,25-01-2020
4163,Customer_4163,East,30-04-2022
4164,Customer_4164,East,29-05-2021
4165,Customer_4165,North,17-03-2021
4166,Customer_4166,South,18-03-2020
4167,Customer_4167,South,29-07-2019
4168,Customer_4168,North,18-03-2022
4169,Customer_4169,West,28-07-2020
4170,Customer_4170,West,29-10-2018
4171,Customer_4171,West,05-11-2022
4172,Customer_4172,East,29-06-2018
4173,Customer_4173,East,21-12-2018
4174,Customer_4174,East,03-11-2020
4175,Customer_4175,East,26-04-2019
4176,Customer_4176,North,28-03-2021
4177,Customer_4177,East,03-12-2020
4178,Customer_4178,West,14-07-2019
4179,Customer_4179,West,25-02-2022
4180,Customer_4180,North,19-05-2020
4181,Customer_4181,West,30-12-2019
4182,Customer_4182,South,23-06-2020
4183,Customer_4183,South,18-10-2021
4184,Customer_4184,South,02-06-2021
4185,Customer_4185,North,31-03-2022
4186,Customer_4186,North,04-12-2022
4187,Customer_4187,East,09-02-2021
4188,Customer_4188,East,15-10-2019
4189,Customer_4189,South,03-08-2022
4190,Customer_4190,South,24-09-2021
4191,Customer_4191,West,16-04-2019
4192,Customer_4192,East,01-01-2019
4193,Customer_4193,South,23-06-2019
4194,Customer_4194,East,16-03-2020
4195,Customer_4195,West,13-09-2018
4196,Customer_4196,East,17-12-2019
4197,Customer_4197,North,13-09-2021
4198,Customer_4198,East,19-07-2022
4199,Customer_4199,North,28-05-2019
4200,Customer_4200,East,15-07-2021
4201,Customer_4201,North,20-05-2020
4202,Customer_4202,East,14-05-2023
4203,Customer_4203,South,15-01-2022
4204,Customer_4204,West,09-09-2022
4205,Customer_4205,West,04-02-2023
4206,Customer_4206,East,21-06-2018
4207,Customer_4207,North,27-05-2020
4208,Customer_4208,West,09-11-2019
4209,Customer_4209,East,22-10-2022
4210,Customer_4210,West,22-01-2018
4211,Customer_4211,West,14-06-2020
4212,Customer_4212,East,26-03-2021
4213,Customer_4213,West,03-08-2019
4214,Customer_4214,North,10-01-2019
4215,Customer_4215,West,30-06-2020
4216,Customer_4216,West,14-01-2018
4217,Customer_4217,East,02-06-2020
4218,Customer_4218,West,29-11-2021
4219,Customer_4219,North,07-06-2018
4220,Customer_4220,South,07-05-2021
4221,Customer_4221,East,13-09-2021
4222,Customer_4222,North,08-11-2019
4223,Customer_4223,West,11-07-2021
4224,Customer_4224,East,13-01-2023
4225,Customer_4225,East,05-12-2020
4226,Customer_4226,East,10-05-2018
4227,Customer_4227,East,19-05-2018
4228,Customer_4228,West,18-02-2022
4229,Customer_4229,South,05-05-2019
4230,Customer_4230,West,31-10-2020
4231,Customer_4231,West,20-04-2022
4232,Customer_4232,West,21-09-2021
4233,Customer_4233,South,21-04-2021
4234,Customer_4234,West,13-07-2021
4235,Customer_4235,South,08-01-2021
4236,Customer_4236,North,24-01-2019
4237,Customer_4237,North,18-07-2018
4238,Customer_4238,West,18-10-2020
4239,Customer_4239,East,11-06-2019
4240,Customer_4240,West,02-05-2023
4241,Customer_4241,South,15-08-2021
4242,Customer_4242,South,07-02-2021
4243,Customer_4243,South,27-11-2018
4244,Customer_4244,West,18-03-2018
4245,Customer_4245,East,04-03-2022
4246,Customer_4246,West,04-06-2022
4247,Customer_4247,East,28-07-2019
4248,Customer_4248,North,09-04-2022
4249,Customer_4249,West,12-06-2019
4250,Customer_4250,East,26-10-2019
4251,Customer_4251,North,27-04-2018
4252,Customer_4252,South,22-12-2019
4253,Customer_4253,North,13-08-2019
4254,Customer_4254,West,03-06-2023
4255,Customer_4255,West,14-11-2022
4256,Customer_4256,North,14-12-2018
4257,Customer_4257,West,08-01-2023
4258,Customer_4258,North,10-01-2019
4259,Customer_4259,East,20-07-2022
4260,Customer_4260,East,04-06-2023
4261,Customer_4261,North,14-06-2021
4262,Customer_4262,West,09-09-2021
4263,Customer_4263,East,29-09-2018
4264,Customer_4264,West,14-09-2022
4265,Customer_4265,South,10-09-2018
4266,Customer_4266,North,20-06-2023
4267,Customer_4267,West,24-07-2020
4268,Customer_4268,North,28-04-2019
4269,Customer_4269,West,02-04-2020
4270,Customer_4270,East,21-02-2018
4271,Customer_4271,North,16-11-2022
4272,Customer_4272,South,26-05-2023
4273,Customer_4273,West,09-12-2018
4274,Customer_4274,North,08-05-2022
4275,Customer_4275,East,27-08-2020
4276,Customer_4276,West,13-09-2018
4277,Customer_4277,East,25-06-2019
4278,Customer_4278,North,05-06-2019
4279,Customer_4279,West,22-11-2021
4280,Customer_4280,North,05-09-2019
4281,Customer_4281,South,26-05-2021
4282,Customer_4282,West,28-08-2019
4283,Customer_4283,South,04-03-2021
4284,Customer_4284,West,15-03-2022
4285,Customer_4285,South,20-12-2020
4286,Customer_4286,East,27-03-2021
4287,Customer_4287,West,15-02-2020
4288,Customer_4288,North,24-11-2019
4289,Customer_4289,North,19-03-2019
4290,Customer_4290,West,01-01-2018
4291,Customer_4291,West,09-09-2019
4292,Customer_4292,East,16-03-2020
4293,Customer_4293,West,16-07-2019
4294,Customer_4294,West,26-08-2020
4295,Customer_4295,East,24-08-2018
4296,Customer_4296,North,22-01-2018
4297,Customer_4297,North,30-12-2021
4298,Customer_4298,East,13-10-2021
4299,Customer_4299,West,29-01-2022
4300,Customer_4300,North,11-11-2019
4301,Customer_4301,East,18-04-2020
4302,Customer_4302,South,01-02-2020
4303,Customer_4303,North,08-01-2022
4304,Customer_4304,South,24-01-2022
4305,Customer_4305,North,30-09-2019
4306,Customer_4306,West,08-01-2019
4307,Customer_4307,North,05-10-2020
4308,Customer_4308,North,09-04-2018
4309,Customer_4309,East,18-06-2021
4310,Customer_4310,North,12-12-2019
4311,Customer_4311,East,27-02-2023
4312,Customer_4312,South,12-05-2020
4313,Customer_4313,South,20-01-2021
4314,Customer_4314,South,26-11-2020
4315,Customer_4315,West,11-03-2021
4316,Customer_4316,North,18-10-2022
4317,Customer_4317,West,02-05-2019
4318,Customer_4318,East,06-03-2022
4319,Customer_4319,West,01-08-2018
4320,Customer_4320,North,04-06-2022
4321,Customer_4321,West,14-10-2020
4322,Customer_4322,South,11-08-2021
4323,Customer_4323,South,27-09-2018
4324,Customer_4324,South,03-11-2022
4325,Customer_4325,North,02-09-2019
4326,Customer_4326,North,05-05-2019
4327,Customer_4327,South,16-01-2022
4328,Customer_4328,West,07-07-2019
4329,Customer_4329,South,09-09-2018
4330,Customer_4330,North,07-10-2018
4331,Customer_4331,West,01-07-2021
4332,Customer_4332,West,16-04-2021
4333,Customer_4333,West,14-01-2018
4334,Customer_4334,East,13-11-2020
4335,Customer_4335,West,01-01-2023
4336,Customer_4336,West,02-12-2022
4337,Customer_4337,West,29-01-2022
4338,Customer_4338,North,06-06-2020
4339,Customer_4339,South,02-03-2019
4340,Customer_4340,North,03-01-2021
4341,Customer_4341,East,12-04-2019
4342,Customer_4342,West,25-08-2021
4343,Customer_4343,East,12-04-2021
4344,Customer_4344,East,20-10-2018
4345,Customer_4345,South,13-05-2022
4346,Customer_4346,West,29-04-2023
4347,Customer_4347,South,15-03-2018
4348,Customer_4348,North,30-06-2021
4349,Customer_4349,North,24-02-2021
4350,Customer_4350,North,29-03-2021
4351,Customer_4351,North,22-02-2023
4352,Customer_4352,West,29-07-2021
4353,Customer_4353,North,08-07-2018
4354,Customer_4354,North,10-11-2020
4355,Customer_4355,West,25-03-2019
4356,Customer_4356,West,22-08-2019
4357,Customer_4357,South,30-01-2020
4358,Customer_4358,West,12-11-2018
4359,Customer_4359,East,02-11-2022
4360,Customer_4360,North,15-12-2020
4361,Customer_4361,East,02-10-2019
4362,Customer_4362,East,24-06-2020
4363,Customer_4363,North,06-01-2022
4364,Customer_4364,West,31-07-2021
4365,Customer_4365,West,10-02-2023
4366,Customer_4366,West,10-04-2019
4367,Customer_4367,East,10-06-2023
4368,Customer_4368,West,12-08-2022
4369,Customer_4369,West,18-07-2019
4370,Customer_4370,South,21-06-2020
4371,Customer_4371,West,24-11-2018
4372,Customer_4372,West,05-12-2021
4373,Customer_4373,East,21-02-2022
4374,Customer_4374,West,17-04-2019
4375,Customer_4375,South,28-07-2020
4376,Customer_4376,North,01-04-2019
4377,Customer_4377,East,11-10-2020
4378,Customer_4378,South,24-07-2021
4379,Customer_4379,South,09-04-2022
4380,Customer_4380,South,18-05-2018
4381,Customer_4381,West,04-01-2020
4382,Customer_4382,South,12-10-2021
4383,Customer_4383,North,20-04-2023
4384,Customer_4384,East,08-05-2022
4385,Customer_4385,South,28-10-2021
4386,Customer_4386,North,22-03-2022
4387,Customer_4387,North,03-08-2018
4388,Customer_4388,East,26-04-2023
4389,Customer_4389,South,26-09-2019
4390,Customer_4390,East,22-12-2020
4391,Customer_4391,East,21-05-2021
4392,Customer_4392,East,11-04-2023
4393,Customer_4393,South,17-02-2022
4394,Customer_4394,South,25-11-2021
4395,Customer_4395,East,12-03-2020
4396,Customer_4396,West,11-11-2019
4397,Customer_4397,South,16-02-2023
4398,Customer_4398,East,19-03-2022
4399,Customer_4399,East,07-08-2021
4400,Customer_4400,South,30-07-2021
4401,Customer_4401,North,28-01-2018
4402,Customer_4402,South,28-01-2023
4403,Customer_4403,North,17-06-2018
4404,Customer_4404,East,30-07-2018
4405,Customer_4405,South,17-12-2019
4406,Customer_4406,West,22-12-2022
4407,Customer_4407,North,03-04-2022
4408,Customer_4408,South,15-01-2023
4409,Customer_4409,West,20-01-2023
4410,Customer_4410,South,04-03-2020
4411,Customer_4411,South,17-11-2020
4412,Customer_4412,West,28-02-2018
4413,Customer_4413,East,22-04-2020
4414,Customer_4414,South,16-02-2019
4415,Customer_4415,South,26-04-2023
4416,Customer_4416,South,29-04-2019
4417,Customer_4417,South,28-05-2021
4418,Customer_4418,South,08-04-2023
4419,Customer_4419,East,27-05-2020
4420,Customer_4420,West,26-11-2022
4421,Customer_4421,West,19-05-2018
4422,Customer_4422,South,17-12-2020
4423,Customer_4423,North,05-02-2020
4424,Customer_4424,West,21-07-2021
4425,Customer_4425,West,01-11-2018
4426,Customer_4426,West,28-05-2021
4427,Customer_4427,South,07-03-2023
4428,Customer_4428,West,07-05-2022
4429,Customer_4429,West,31-12-2021
4430,Customer_4430,North,05-04-2023
4431,Customer_4431,East,16-02-2022
4432,Customer_4432,East,01-03-2019
4433,Customer_4433,South,02-01-2018
4434,Customer_4434,East,06-11-2019
4435,Customer_4435,North,13-11-2019
4436,Customer_4436,South,19-08-2019
4437,Customer_4437,North,17-11-2019
4438,Customer_4438,East,09-11-2020
4439,Customer_4439,West,15-06-2019
4440,Customer_4440,South,26-10-2019
4441,Customer_4441,West,03-09-2018
4442,Customer_4442,North,30-04-2019
4443,Customer_4443,West,25-02-2023
4444,Customer_4444,West,11-05-2018
4445,Customer_4445,West,30-06-2019
4446,Customer_4446,North,14-06-2019
4447,Customer_4447,South,03-05-2020
4448,Customer_4448,South,18-11-2020
4449,Customer_4449,North,17-01-2021
4450,Customer_4450,South,13-09-2019
4451,Customer_4451,East,22-10-2018
4452,Customer_4452,East,15-01-2023
4453,Customer_4453,West,07-06-2018
4454,Customer_4454,South,11-05-2023
4455,Customer_4455,West,28-04-2018
4456,Customer_4456,East,30-01-2023
4457,Customer_4457,South,09-12-2020
4458,Customer_4458,North,19-09-2019
4459,Customer_4459,North,13-11-2020
4460,Customer_4460,South,20-01-2023
4461,Customer_4461,East,18-07-2020
4462,Customer_4462,West,24-09-2020
4463,Customer_4463,North,11-04-2023
4464,Customer_4464,East,21-11-2022
4465,Customer_4465,East,11-03-2019
4466,Customer_4466,West,25-08-2022
4467,Customer_4467,South,02-03-2022
4468,Customer_4468,South,11-07-2021
4469,Customer_4469,South,16-03-2018
4470,Customer_4470,North,05-06-2022
4471,Customer_4471,North,06-11-2020
4472,Customer_4472,East,05-05-2020
4473,Customer_4473,East,20-11-2019
4474,Customer_4474,North,24-03-2021
4475,Customer_4475,West,31-07-2022
4476,Customer_4476,North,15-07-2021
4477,Customer_4477,North,05-03-2020
4478,Customer_4478,East,14-05-2023
4479,Customer_4479,East,16-07-2018
4480,Customer_4480,East,30-08-2018
4481,Customer_4481,North,04-04-2021
4482,Customer_4482,West,16-08-2018
4483,Customer_4483,South,20-08-2019
4484,Customer_4484,West,27-10-2018
4485,Customer_4485,West,18-06-2019
4486,Customer_4486,South,17-04-2021
4487,Customer_4487,West,14-12-2021
4488,Customer_4488,West,05-07-2022
4489,Customer_4489,South,21-12-2020
4490,Customer_4490,North,23-10-2018
4491,Customer_4491,West,29-04-2022
4492,Customer_4492,East,01-08-2022
4493,Customer_4493,North,02-11-2021
4494,Customer_4494,South,29-08-2021
4495,Customer_4495,West,27-02-2018
4496,Customer_4496,South,22-05-2022
4497,Customer_4497,West,27-09-2019
4498,Customer_4498,South,05-01-2018
4499,Customer_4499,West,01-09-2019
4500,Customer_4500,West,13-06-2018
4501,Customer_4501,East,24-01-2020
4502,Customer_4502,South,20-04-2019
4503,Customer_4503,North,04-01-2019
4504,Customer_4504,North,22-11-2019
4505,Customer_4505,West,02-01-2021
4506,Customer_4506,North,17-04-2021
4507,Customer_4507,East,05-12-2019
4508,Customer_4508,West,05-05-2018
4509,Customer_4509,South,24-08-2019
4510,Customer_4510,East,31-08-2020
4511,Customer_4511,South,19-11-2019
4512,Customer_4512,East,07-05-2023
4513,Customer_4513,East,24-12-2020
4514,Customer_4514,South,29-04-2021
4515,Customer_4515,North,09-06-2018
4516,Customer_4516,East,10-12-2020
4517,Customer_4517,South,19-02-2022
4518,Customer_4518,South,26-08-2020
4519,Customer_4519,South,20-03-2018
4520,Customer_4520,West,21-03-2021
4521,Customer_4521,East,06-11-2022
4522,Customer_4522,East,11-05-2019
4523,Customer_4523,East,21-09-2021
4524,Customer_4524,North,25-11-2019
4525,Customer_4525,West,16-04-2023
4526,Customer_4526,North,20-03-2020
4527,Customer_4527,South,10-07-2018
4528,Customer_4528,North,20-07-2020
4529,Customer_4529,North,11-11-2022
4530,Customer_4530,South,07-10-2020
4531,Customer_4531,West,14-04-2020
4532,Customer_4532,West,03-03-2021
4533,Customer_4533,West,26-05-2021
4534,Customer_4534,North,26-05-2019
4535,Customer_4535,West,02-11-2018
4536,Customer_4536,West,02-01-2018
4537,Customer_4537,East,05-06-2022
4538,Customer_4538,South,30-06-2020
4539,Customer_4539,South,17-05-2018
4540,Customer_4540,North,25-03-2023
4541,Customer_4541,South,05-03-2021
4542,Customer_4542,South,04-12-2021
4543,Customer_4543,South,23-08-2022
4544,Customer_4544,South,09-08-2021
4545,Customer_4545,North,24-03-2020
4546,Customer_4546,East,23-08-2022
4547,Customer_4547,West,16-02-2023
4548,Customer_4548,South,13-11-2018
4549,Customer_4549,West,26-05-2018
4550,Customer_4550,East,22-11-2022
4551,Customer_4551,South,15-10-2021
4552,Customer_4552,East,26-04-2021
4553,Customer_4553,North,23-06-2020
4554,Customer_4554,East,04-09-2020
4555,Customer_4555,South,27-12-2019
4556,Customer_4556,North,28-12-2018
4557,Customer_4557,West,02-02-2022
4558,Customer_4558,South,27-07-2020
4559,Customer_4559,West,13-02-2021
4560,Customer_4560,South,04-08-2020
4561,Customer_4561,North,05-08-2018
4562,Customer_4562,West,16-04-2018
4563,Customer_4563,East,09-12-2021
4564,Customer_4564,South,02-09-2022
4565,Customer_4565,East,01-10-2020
4566,Customer_4566,East,17-08-2018
4567,Customer_4567,East,24-02-2022
4568,Customer_4568,North,27-04-2022
4569,Customer_4569,South,19-06-2019
4570,Customer_4570,West,15-04-2022
4571,Customer_4571,East,22-07-2019
4572,Customer_4572,East,02-02-2020
4573,Customer_4573,West,19-11-2020
4574,Customer_4574,East,27-10-2022
4575,Customer_4575,East,16-10-2018
4576,Customer_4576,East,25-12-2020
4577,Customer_4577,East,31-12-2022
4578,Customer_4578,South,25-06-2022
4579,Customer_4579,West,04-08-2022
4580,Customer_4580,South,29-09-2021
4581,Customer_4581,South,06-02-2023
4582,Customer_4582,West,13-02-2021
4583,Customer_4583,North,23-07-2019
4584,Customer_4584,South,24-08-2022
4585,Customer_4585,East,10-12-2018
4586,Customer_4586,North,23-11-2020
4587,Customer_4587,North,03-01-2023
4588,Customer_4588,East,25-05-2023
4589,Customer_4589,South,04-10-2022
4590,Customer_4590,East,26-01-2018
4591,Customer_4591,West,08-12-2020
4592,Customer_4592,South,31-03-2023
4593,Customer_4593,East,04-04-2020
4594,Customer_4594,South,25-12-2019
4595,Customer_4595,East,16-10-2019
4596,Customer_4596,South,24-07-2019
4597,Customer_4597,North,22-10-2021
4598,Customer_4598,South,20-06-2018
4599,Customer_4599,West,21-07-2019
4600,Customer_4600,North,03-06-2023
4601,Customer_4601,West,13-02-2018
4602,Customer_4602,West,07-02-2018
4603,Customer_4603,South,05-03-2021
4604,Customer_4604,North,10-11-2019
4605,Customer_4605,North,26-11-2021
4606,Customer_4606,West,31-07-2020
4607,Customer_4607,West,07-11-2020
4608,Customer_4608,South,17-02-2021
4609,Customer_4609,North,21-02-2018
4610,Customer_4610,West,27-06-2018
4611,Customer_4611,North,15-07-2022
4612,Customer_4612,North,04-12-2018
4613,Customer_4613,East,06-11-2018
4614,Customer_4614,South,29-11-2018
4615,Customer_4615,West,26-03-2018
4616,Customer_4616,North,02-08-2018
4617,Customer_4617,North,24-05-2020
4618,Customer_4618,South,25-11-2021
4619,Customer_4619,West,27-03-2023
4620,Customer_4620,North,20-07-2021
4621,Customer_4621,South,03-11-2018
4622,Customer_4622,East,17-03-2021
4623,Customer_4623,South,04-11-2020
4624,Customer_4624,East,28-07-2019
4625,Customer_4625,West,10-03-2023
4626,Customer_4626,North,21-08-2020
4627,Customer_4627,North,04-04-2018
4628,Customer_4628,West,11-04-2020
4629,Customer_4629,North,26-06-2018
4630,Customer_4630,North,04-03-2020
4631,Customer_4631,East,11-05-2019
4632,Customer_4632,West,26-03-2020
4633,Customer_4633,South,11-03-2018
4634,Customer_4634,West,24-09-2018
4635,Customer_4635,North,27-02-2021
4636,Customer_4636,North,27-03-2022
4637,Customer_4637,South,05-05-2021
4638,Customer_4638,East,24-09-2020
4639,Customer_4639,East,29-01-2022
4640,Customer_4640,West,26-03-2019
4641,Customer_4641,East,12-01-2022
4642,Customer_4642,East,07-07-2018
4643,Customer_4643,East,02-02-2021
4644,Customer_4644,North,06-03-2020
4645,Customer_4645,West,15-04-2019
4646,Customer_4646,East,11-02-2022
4647,Customer_4647,East,18-05-2018
4648,Customer_4648,East,18-04-2021
4649,Customer_4649,West,21-09-2019
4650,Customer_4650,North,14-06-2020
4651,Customer_4651,South,29-01-2019
4652,Customer_4652,West,25-05-2023
4653,Customer_4653,South,29-10-2019
4654,Customer_4654,East,18-05-2023
4655,Customer_4655,West,14-11-2019
4656,Customer_4656,South,04-01-2018
4657,Customer_4657,North,29-04-2019
4658,Customer_4658,East,08-03-2019
4659,Customer_4659,West,18-02-2023
4660,Customer_4660,West,04-01-2020
4661,Customer_4661,South,14-12-2022
4662,Customer_4662,North,11-05-2021
4663,Customer_4663,South,28-11-2018
4664,Customer_4664,South,04-02-2021
4665,Customer_4665,East,09-10-2018
4666,Customer_4666,West,19-04-2023
4667,Customer_4667,West,18-03-2023
4668,Customer_4668,North,23-02-2023
4669,Customer_4669,South,11-07-2022
4670,Customer_4670,West,08-07-2022
4671,Customer_4671,West,14-03-2022
4672,Customer_4672,South,26-10-2022
4673,Customer_4673,North,06-09-2020
4674,Customer_4674,South,09-11-2019
4675,Customer_4675,West,10-09-2022
4676,Customer_4676,South,17-08-2019
4677,Customer_4677,East,08-10-2018
4678,Customer_4678,South,28-12-2020
4679,Customer_4679,East,29-05-2018
4680,Customer_4680,East,29-12-2021
4681,Customer_4681,East,23-10-2022
4682,Customer_4682,West,07-07-2020
4683,Customer_4683,West,06-01-2018
4684,Customer_4684,East,08-09-2018
4685,Customer_4685,North,12-02-2023
4686,Customer_4686,South,02-12-2019
4687,Customer_4687,East,24-02-2020
4688,Customer_4688,North,31-12-2019
4689,Customer_4689,South,29-01-2018
4690,Customer_4690,West,11-08-2020
4691,Customer_4691,North,25-09-2019
4692,Customer_4692,East,23-11-2020
4693,Customer_4693,West,09-05-2023
4694,Customer_4694,South,31-03-2022
4695,Customer_4695,North,28-07-2018
4696,Customer_4696,South,18-03-2019
4697,Customer_4697,East,21-07-2020
4698,Customer_4698,North,31-07-2020
4699,Customer_4699,West,10-05-2020
4700,Customer_4700,West,11-02-2023
4701,Customer_4701,South,13-06-2023
4702,Customer_4702,East,27-08-2021
4703,Customer_4703,South,09-08-2018
4704,Customer_4704,East,05-07-2021
4705,Customer_4705,North,21-07-2021
4706,Customer_4706,North,01-04-2021
4707,Customer_4707,South,03-01-2023
4708,Customer_4708,West,16-11-2021
4709,Customer_4709,East,21-02-2018
4710,Customer_4710,North,20-06-2022
4711,Customer_4711,East,11-02-2018
4712,Customer_4712,South,12-04-2020
4713,Customer_4713,East,28-01-2020
4714,Customer_4714,North,08-06-2022
4715,Customer_4715,West,21-04-2020
4716,Customer_4716,South,13-10-2020
4717,Customer_4717,North,29-07-2022
4718,Customer_4718,North,02-08-2021
4719,Customer_4719,South,10-08-2021
4720,Customer_4720,West,06-04-2023
4721,Customer_4721,West,01-08-2022
4722,Customer_4722,North,24-01-2019
4723,Customer_4723,North,07-05-2020
4724,Customer_4724,North,21-10-2022
4725,Customer_4725,North,20-02-2023
4726,Customer_4726,North,20-03-2023
4727,Customer_4727,North,23-07-2019
4728,Customer_4728,West,01-04-2018
4729,Customer_4729,South,29-12-2018
4730,Customer_4730,South,11-10-2020
4731,Customer_4731,West,19-02-2020
4732,Customer_4732,East,24-05-2020
4733,Customer_4733,South,02-04-2020
4734,Customer_4734,South,21-06-2023
4735,Customer_4735,North,30-05-2022
4736,Customer_4736,West,22-06-2021
4737,Customer_4737,North,29-05-2020
4738,Customer_4738,West,08-06-2023
4739,Customer_4739,West,11-11-2021
4740,Customer_4740,South,07-02-2021
4741,Customer_4741,West,01-02-2020
4742,Customer_4742,West,21-06-2021
4743,Customer_4743,East,30-03-2020
4744,Customer_4744,East,07-01-2019
4745,Customer_4745,South,20-11-2021
4746,Customer_4746,West,19-10-2021
4747,Customer_4747,West,24-01-2022
4748,Customer_4748,East,15-11-2020
4749,Customer_4749,North,05-08-2019
4750,Customer_4750,East,26-06-2021
4751,Customer_4751,North,14-05-2023
4752,Customer_4752,South,08-08-2020
4753,Customer_4753,West,07-02-2023
4754,Customer_4754,North,15-10-2021
4755,Customer_4755,West,25-10-2021
4756,Customer_4756,South,25-12-2019
4757,Customer_4757,South,10-03-2019
4758,Customer_4758,South,14-10-2020
4759,Customer_4759,West,20-02-2021
4760,Customer_4760,East,04-07-2021
4761,Customer_4761,West,08-01-2022
4762,Customer_4762,East,14-02-2018
4763,Customer_4763,South,11-01-2019
4764,Customer_4764,North,19-02-2020
4765,Customer_4765,East,24-01-2020
4766,Customer_4766,West,23-02-2020
4767,Customer_4767,South,21-01-2019
4768,Customer_4768,South,22-08-2022
4769,Customer_4769,East,07-02-2018
4770,Customer_4770,South,02-02-2020
4771,Customer_4771,East,02-01-2018
4772,Customer_4772,West,14-08-2019
4773,Customer_4773,East,09-02-2019
4774,Customer_4774,North,26-06-2019
4775,Customer_4775,South,18-10-2020
4776,Customer_4776,East,06-05-2020
4777,Customer_4777,North,24-02-2022
4778,Customer_4778,West,29-03-2021
4779,Customer_4779,East,19-03-2022
4780,Customer_4780,West,07-02-2021
4781,Customer_4781,West,24-01-2020
4782,Customer_4782,West,18-08-2021
4783,Customer_4783,North,12-02-2023
4784,Customer_4784,East,17-10-2021
4785,Customer_4785,East,04-05-2022
4786,Customer_4786,West,09-11-2021
4787,Customer_4787,North,02-12-2019
4788,Customer_4788,West,01-03-2022
4789,Customer_4789,South,14-11-2019
4790,Customer_4790,West,10-01-2022
4791,Customer_4791,South,12-05-2022
4792,Customer_4792,East,25-03-2018
4793,Customer_4793,East,30-10-2019
4794,Customer_4794,East,18-06-2019
4795,Customer_4795,South,19-11-2020
4796,Customer_4796,South,20-04-2023
4797,Customer_4797,North,08-06-2021
4798,Customer_4798,East,19-06-2023
4799,Customer_4799,North,22-12-2020
4800,Customer_4800,North,01-09-2019
4801,Customer_4801,North,01-10-2018
4802,Customer_4802,South,04-03-2021
4803,Customer_4803,South,14-09-2020
4804,Customer_4804,South,19-06-2018
4805,Customer_4805,South,04-04-2020
4806,Customer_4806,West,10-11-2020
4807,Customer_4807,North,29-11-2020
4808,Customer_4808,East,18-01-2023
4809,Customer_4809,West,11-06-2023
4810,Customer_4810,East,08-07-2022
4811,Customer_4811,North,23-08-2022
4812,Customer_4812,North,28-02-2023
4813,Customer_4813,South,26-08-2018
4814,Customer_4814,North,16-01-2020
4815,Customer_4815,East,24-02-2023
4816,Customer_4816,West,26-12-2018
4817,Customer_4817,West,07-08-2019
4818,Customer_4818,North,24-12-2018
4819,Customer_4819,West,22-01-2018
4820,Customer_4820,East,11-05-2023
4821,Customer_4821,North,09-02-2020
4822,Customer_4822,West,16-01-2019
4823,Customer_4823,East,27-05-2022
4824,Customer_4824,West,12-03-2023
4825,Customer_4825,East,22-11-2021
4826,Customer_4826,West,26-05-2022
4827,Customer_4827,South,02-12-2018
4828,Customer_4828,West,04-08-2022
4829,Customer_4829,South,10-05-2022
4830,Customer_4830,North,29-03-2021
4831,Customer_4831,South,11-10-2019
4832,Customer_4832,East,06-09-2019
4833,Customer_4833,West,23-01-2020
4834,Customer_4834,North,22-03-2018
4835,Customer_4835,East,25-09-2022
4836,Customer_4836,North,19-08-2019
4837,Customer_4837,East,18-12-2018
4838,Customer_4838,South,20-12-2019
4839,Customer_4839,North,08-04-2021
4840,Customer_4840,East,12-08-2018
4841,Customer_4841,East,10-11-2019
4842,Customer_4842,East,23-03-2022
4843,Customer_4843,South,20-03-2021
4844,Customer_4844,West,18-06-2022
4845,Customer_4845,East,29-06-2021
4846,Customer_4846,South,21-04-2021
4847,Customer_4847,South,03-01-2018
4848,Customer_4848,East,04-04-2020
4849,Customer_4849,West,20-10-2018
4850,Customer_4850,North,13-06-2023
4851,Customer_4851,West,22-10-2020
4852,Customer_4852,North,15-09-2019
4853,Customer_4853,West,01-03-2019
4854,Customer_4854,South,16-07-2019
4855,Customer_4855,West,19-05-2022
4856,Customer_4856,West,08-03-2019
4857,Customer_4857,East,31-08-2022
4858,Customer_4858,East,03-01-2022
4859,Customer_4859,South,01-08-2018
4860,Customer_4860,West,06-06-2023
4861,Customer_4861,North,10-04-2018
4862,Customer_4862,East,22-12-2019
4863,Customer_4863,North,25-05-2021
4864,Customer_4864,North,08-11-2018
4865,Customer_4865,West,02-01-2022
4866,Customer_4866,West,05-04-2019
4867,Customer_4867,West,25-06-2022
4868,Customer_4868,North,20-05-2020
4869,Customer_4869,West,03-02-2020
4870,Customer_4870,East,13-10-2018
4871,Customer_4871,South,25-11-2019
4872,Customer_4872,North,17-03-2022
4873,Customer_4873,North,15-12-2021
4874,Customer_4874,East,24-12-2022
4875,Customer_4875,East,21-09-2020
4876,Customer_4876,South,21-03-2020
4877,Customer_4877,South,25-07-2020
4878,Customer_4878,West,01-12-2018
4879,Customer_4879,West,19-10-2020
4880,Customer_4880,South,24-06-2019
4881,Customer_4881,West,26-08-2022
4882,Customer_4882,North,22-03-2023
4883,Customer_4883,West,16-11-2021
4884,Customer_4884,North,22-05-2020
4885,Customer_4885,North,12-12-2019
4886,Customer_4886,West,18-05-2020
4887,Customer_4887,West,25-09-2022
4888,Customer_4888,West,22-10-2020
4889,Customer_4889,East,02-11-2022
4890,Customer_4890,South,10-09-2021
4891,Customer_4891,North,18-05-2020
4892,Customer_4892,South,31-08-2021
4893,Customer_4893,West,27-06-2019
4894,Customer_4894,West,12-03-2023
4895,Customer_4895,West,04-01-2018
4896,Customer_4896,South,20-01-2020
4897,Customer_4897,South,10-07-2022
4898,Customer_4898,West,07-04-2020
4899,Customer_4899,North,05-11-2021
4900,Customer_4900,South,28-03-2020
4901,Customer_4901,West,04-11-2022
4902,Customer_4902,East,29-08-2018
4903,Customer_4903,North,27-11-2018
4904,Customer_4904,North,10-05-2022
4905,Customer_4905,North,11-03-2023
4906,Customer_4906,North,25-02-2019
4907,Customer_4907,South,11-08-2018
4908,Customer_4908,East,25-12-2021
4909,Customer_4909,West,06-10-2020
4910,Customer_4910,South,26-02-2023
4911,Customer_4911,East,04-01-2023
4912,Customer_4912,East,20-02-2019
4913,Customer_4913,North,11-02-2018
4914,Customer_4914,East,22-04-2019
4915,Customer_4915,West,13-06-2020
4916,Customer_4916,South,25-04-2019
4917,Customer_4917,East,13-10-2019
4918,Customer_4918,North,11-05-2020
4919,Customer_4919,East,27-08-2020
4920,Customer_4920,East,27-11-2019
4921,Customer_4921,West,13-02-2022
4922,Customer_4922,East,25-08-2018
4923,Customer_4923,South,04-02-2022
4924,Customer_4924,North,08-11-2022
4925,Customer_4925,North,18-08-2022
4926,Customer_4926,North,15-03-2020
4927,Customer_4927,North,06-12-2019
4928,Customer_4928,West,28-12-2018
4929,Customer_4929,East,29-08-2019
4930,Customer_4930,South,23-06-2018
4931,Customer_4931,East,10-07-2021
4932,Customer_4932,North,08-07-2019
4933,Customer_4933,East,16-08-2019
4934,Customer_4934,South,03-11-2022
4935,Customer_4935,South,24-10-2021
4936,Customer_4936,North,20-05-2023
4937,Customer_4937,West,10-03-2019
4938,Customer_4938,East,14-02-2021
4939,Customer_4939,North,09-07-2020
4940,Customer_4940,North,08-06-2018
4941,Customer_4941,South,01-06-2022
4942,Customer_4942,East,17-03-2021
4943,Customer_4943,East,30-10-2020
4944,Customer_4944,West,20-12-2019
4945,Customer_4945,West,29-06-2021
4946,Customer_4946,North,11-03-2022
4947,Customer_4947,North,05-03-2022
4948,Customer_4948,North,22-10-2019
4949,Customer_4949,South,10-11-2021
4950,Customer_4950,East,23-04-2018
4951,Customer_4951,West,19-11-2021
4952,Customer_4952,West,14-02-2020
4953,Customer_4953,West,20-05-2020
4954,Customer_4954,West,28-06-2022
4955,Customer_4955,North,18-02-2018
4956,Customer_4956,East,02-12-2018
4957,Customer_4957,East,29-04-2020
4958,Customer_4958,South,10-07-2019
4959,Customer_4959,West,03-01-2021
4960,Customer_4960,North,19-04-2023
4961,Customer_4961,East,14-04-2018
4962,Customer_4962,East,13-11-2022
4963,Customer_4963,South,15-03-2021
4964,Customer_4964,West,14-09-2022
4965,Customer_4965,South,27-03-2020
4966,Customer_4966,East,27-01-2020
4967,Customer_4967,North,28-04-2021
4968,Customer_4968,West,28-07-2018
4969,Customer_4969,South,07-10-2021
4970,Customer_4970,South,11-10-2022
4971,Customer_4971,North,03-01-2019
4972,Customer_4972,South,11-04-2019
4973,Customer_4973,West,22-05-2022
4974,Customer_4974,North,23-04-2022
4975,Customer_4975,North,06-08-2018
4976,Customer_4976,North,11-07-2022
4977,Customer_4977,South,06-11-2021
4978,Customer_4978,South,04-04-2021
4979,Customer_4979,North,30-06-2018
4980,Customer_4980,West,13-06-2018
4981,Customer_4981,West,01-09-2020
4982,Customer_4982,West,14-08-2018
4983,Customer_4983,East,28-10-2022
4984,Customer_4984,West,04-03-2020
4985,Customer_4985,North,02-06-2019
4986,Customer_4986,West,21-04-2021
4987,Customer_4987,East,20-10-2019
4988,Customer_4988,South,02-03-2019
4989,Customer_4989,South,14-07-2018
4990,Customer_4990,West,05-07-2022
4991,Customer_4991,South,10-04-2022
4992,Customer_4992,South,29-01-2019
4993,Customer_4993,North,28-11-2019
4994,Customer_4994,East,19-03-2021
4995,Customer_4995,South,15-01-2021
4996,Customer_4996,East,07-11-2020
4997,Customer_4997,South,16-04-2019
4998,Customer_4998,North,24-03-2018
4999,Customer_4999,West,13-08-2020
5000,Customer_5000,South,14-01-2019
5001,Customer_5001,North,18-02-2022
5002,Customer_5002,East,14-11-2021
5003,Customer_5003,East,15-03-2021
5004,Customer_5004,West,28-05-2018
5005,Customer_5005,South,05-06-2019
5006,Customer_5006,West,08-06-2020
5007,Customer_5007,North,27-12-2019
5008,Customer_5008,East,20-06-2020
5009,Customer_5009,North,05-07-2021
5010,Customer_5010,West,27-10-2018
5011,Customer_5011,West,27-02-2020
5012,Customer_5012,North,26-09-2022
5013,Customer_5013,South,10-03-2023
5014,Customer_5014,North,10-02-2023
5015,Customer_5015,West,21-11-2020
5016,Customer_5016,East,09-03-2021
5017,Customer_5017,East,15-05-2022
5018,Customer_5018,North,29-07-2020
5019,Customer_5019,West,17-06-2019
5020,Customer_5020,South,19-01-2022
5021,Customer_5021,North,18-01-2019
5022,Customer_5022,East,15-04-2018
5023,Customer_5023,East,29-03-2022
5024,Customer_5024,North,06-05-2022
5025,Customer_5025,West,21-12-2021
5026,Customer_5026,East,27-06-2022
5027,Customer_5027,North,19-12-2019
5028,Customer_5028,North,25-09-2018
5029,Customer_5029,North,14-06-2023
5030,Customer_5030,West,19-11-2020
5031,Customer_5031,East,22-06-2020
5032,Customer_5032,East,20-04-2019
5033,Customer_5033,East,29-03-2020
5034,Customer_5034,North,30-09-2021
5035,Customer_5035,South,30-01-2022
5036,Customer_5036,East,29-07-2019
5037,Customer_5037,West,30-08-2021
5038,Customer_5038,South,19-01-2022
5039,Customer_5039,North,25-10-2020
5040,Customer_5040,East,18-09-2021
5041,Customer_5041,East,10-12-2020
5042,Customer_5042,West,02-10-2021
5043,Customer_5043,South,27-07-2018
5044,Customer_5044,West,30-11-2018
5045,Customer_5045,South,26-09-2022
5046,Customer_5046,East,05-07-2020
5047,Customer_5047,East,29-04-2020
5048,Customer_5048,East,25-05-2019
5049,Customer_5049,West,14-12-2022
5050,Customer_5050,South,03-02-2018
5051,Customer_5051,North,14-09-2022
5052,Customer_5052,West,23-03-2019
5053,Customer_5053,East,27-09-2021
5054,Customer_5054,South,14-12-2018
5055,Customer_5055,East,03-08-2020
5056,Customer_5056,South,02-03-2020
5057,Customer_5057,North,07-01-2020
5058,Customer_5058,East,13-07-2018
5059,Customer_5059,East,01-10-2022
5060,Customer_5060,South,17-09-2019
5061,Customer_5061,West,10-12-2020
5062,Customer_5062,North,10-12-2021
5063,Customer_5063,East,10-03-2022
5064,Customer_5064,East,16-03-2020
5065,Customer_5065,West,25-08-2022
5066,Customer_5066,East,21-10-2019
5067,Customer_5067,North,23-01-2023
5068,Customer_5068,North,11-02-2022
5069,Customer_5069,North,12-08-2020
5070,Customer_5070,North,13-12-2021
5071,Customer_5071,South,28-04-2020
5072,Customer_5072,West,23-04-2019
5073,Customer_5073,North,07-04-2020
5074,Customer_5074,East,14-04-2018
5075,Customer_5075,North,27-02-2023
5076,Customer_5076,East,15-08-2019
5077,Customer_5077,West,24-07-2021
5078,Customer_5078,West,01-01-2020
5079,Customer_5079,West,17-06-2023
5080,Customer_5080,North,31-05-2018
5081,Customer_5081,East,09-06-2021
5082,Customer_5082,West,05-06-2022
5083,Customer_5083,South,06-04-2022
5084,Customer_5084,South,04-09-2019
5085,Customer_5085,North,07-06-2019
5086,Customer_5086,South,15-03-2020
5087,Customer_5087,West,08-08-2019
5088,Customer_5088,North,02-06-2022
5089,Customer_5089,South,04-01-2018
5090,Customer_5090,North,25-11-2021
5091,Customer_5091,West,01-02-2018
5092,Customer_5092,East,09-05-2019
5093,Customer_5093,North,10-03-2022
5094,Customer_5094,South,09-11-2018
5095,Customer_5095,North,04-03-2023
5096,Customer_5096,North,14-05-2022
5097,Customer_5097,East,06-05-2019
5098,Customer_5098,South,09-03-2022
5099,Customer_5099,South,13-01-2020
5100,Customer_5100,East,28-09-2020
5101,Customer_5101,East,27-08-2018
5102,Customer_5102,East,01-02-2018
5103,Customer_5103,East,22-10-2022
5104,Customer_5104,South,20-05-2022
5105,Customer_5105,South,17-12-2019
5106,Customer_5106,East,05-03-2018
5107,Customer_5107,West,16-09-2018
5108,Customer_5108,West,25-06-2019
5109,Customer_5109,North,05-11-2022
5110,Customer_5110,East,11-03-2022
5111,Customer_5111,West,20-11-2020
5112,Customer_5112,North,20-01-2020
5113,Customer_5113,East,09-06-2018
5114,Customer_5114,East,12-02-2021
5115,Customer_5115,South,18-01-2018
5116,Customer_5116,South,06-06-2019
5117,Customer_5117,North,29-04-2021
5118,Customer_5118,South,22-03-2020
5119,Customer_5119,North,25-03-2018
5120,Customer_5120,South,02-02-2018
5121,Customer_5121,South,11-02-2018
5122,Customer_5122,South,11-04-2019
5123,Customer_5123,East,29-02-2020
5124,Customer_5124,East,21-02-2023
5125,Customer_5125,South,07-07-2021
5126,Customer_5126,North,11-04-2023
5127,Customer_5127,North,25-12-2018
5128,Customer_5128,North,18-07-2020
5129,Customer_5129,East,22-03-2018
5130,Customer_5130,North,10-08-2018
5131,Customer_5131,East,22-06-2022
5132,Customer_5132,East,15-03-2023
5133,Customer_5133,East,23-05-2023
5134,Customer_5134,North,28-05-2022
5135,Customer_5135,East,17-03-2018
5136,Customer_5136,East,27-09-2021
5137,Customer_5137,North,22-01-2022
5138,Customer_5138,East,01-03-2020
5139,Customer_5139,South,15-04-2021
5140,Customer_5140,South,12-10-2019
5141,Customer_5141,West,09-07-2020
5142,Customer_5142,West,15-04-2019
5143,Customer_5143,North,05-03-2019
5144,Customer_5144,North,09-02-2020
5145,Customer_5145,North,12-02-2019
5146,Customer_5146,West,13-06-2018
5147,Customer_5147,South,07-02-2021
5148,Customer_5148,East,08-04-2023
5149,Customer_5149,East,29-12-2018
5150,Customer_5150,East,25-09-2020
5151,Customer_5151,West,16-06-2022
5152,Customer_5152,East,14-04-2022
5153,Customer_5153,West,15-12-2020
5154,Customer_5154,North,23-10-2021
5155,Customer_5155,South,15-02-2023
5156,Customer_5156,North,10-01-2020
5157,Customer_5157,East,06-08-2019
5158,Customer_5158,West,23-03-2023
5159,Customer_5159,North,08-10-2020
5160,Customer_5160,South,18-05-2020
5161,Customer_5161,North,08-01-2022
5162,Customer_5162,West,23-10-2020
5163,Customer_5163,South,30-04-2018
5164,Customer_5164,East,10-03-2023
5165,Customer_5165,West,06-10-2020
5166,Customer_5166,North,28-03-2018
5167,Customer_5167,East,06-07-2022
5168,Customer_5168,West,13-08-2021
5169,Customer_5169,North,23-06-2020
5170,Customer_5170,West,18-05-2019
5171,Customer_5171,East,07-05-2019
5172,Customer_5172,West,25-07-2022
5173,Customer_5173,West,31-03-2023
5174,Customer_5174,West,17-11-2022
5175,Customer_5175,South,14-03-2021
5176,Customer_5176,West,01-05-2018
5177,Customer_5177,North,15-09-2019
5178,Customer_5178,North,26-02-2019
5179,Customer_5179,North,06-06-2019
5180,Customer_5180,North,01-05-2020
5181,Customer_5181,West,25-03-2023
5182,Customer_5182,West,14-05-2019
5183,Customer_5183,South,05-05-2018
5184,Customer_5184,West,29-08-2018
5185,Customer_5185,West,08-07-2018
5186,Customer_5186,East,11-12-2020
5187,Customer_5187,South,07-12-2022
5188,Customer_5188,West,21-01-2019
5189,Customer_5189,West,19-08-2022
5190,Customer_5190,South,02-02-2023
5191,Customer_5191,East,22-02-2023
5192,Customer_5192,North,03-06-2019
5193,Customer_5193,South,22-11-2021
5194,Customer_5194,South,29-03-2019
5195,Customer_5195,East,31-03-2018
5196,Customer_5196,North,25-04-2018
5197,Customer_5197,South,08-02-2020
5198,Customer_5198,East,16-12-2019
5199,Customer_5199,East,07-04-2022
5200,Customer_5200,South,06-09-2020
5201,Customer_5201,South,31-10-2021
5202,Customer_5202,North,14-11-2022
5203,Customer_5203,West,30-07-2018
5204,Customer_5204,West,09-10-2018
5205,Customer_5205,South,26-04-2018
5206,Customer_5206,North,03-05-2019
5207,Customer_5207,South,30-04-2019
5208,Customer_5208,South,03-02-2022
5209,Customer_5209,North,12-09-2018
5210,Customer_5210,South,12-12-2022
5211,Customer_5211,West,25-11-2018
5212,Customer_5212,South,20-04-2023
5213,Customer_5213,West,26-10-2018
5214,Customer_5214,West,07-02-2019
5215,Customer_5215,North,23-02-2022
5216,Customer_5216,East,26-03-2018
5217,Customer_5217,East,01-05-2021
5218,Customer_5218,West,03-10-2020
5219,Customer_5219,West,20-01-2018
5220,Customer_5220,South,27-02-2021
5221,Customer_5221,South,23-01-2018
5222,Customer_5222,East,16-06-2023
5223,Customer_5223,South,26-04-2020
5224,Customer_5224,West,21-12-2018
5225,Customer_5225,South,06-12-2021
5226,Customer_5226,South,28-07-2019
5227,Customer_5227,North,20-05-2020
5228,Customer_5228,South,23-04-2019
5229,Customer_5229,East,23-05-2020
5230,Customer_5230,South,15-12-2018
5231,Customer_5231,North,28-12-2021
5232,Customer_5232,East,07-01-2020
5233,Customer_5233,North,23-09-2018
5234,Customer_5234,North,28-02-2020
5235,Customer_5235,West,20-07-2020
5236,Customer_5236,South,29-09-2019
5237,Customer_5237,South,25-02-2019
5238,Customer_5238,West,08-09-2018
5239,Customer_5239,East,30-12-2021
5240,Customer_5240,West,05-06-2019
5241,Customer_5241,West,23-05-2019
5242,Customer_5242,West,04-01-2018
5243,Customer_5243,West,31-10-2021
5244,Customer_5244,East,30-11-2021
5245,Customer_5245,East,21-01-2022
5246,Customer_5246,South,22-11-2022
5247,Customer_5247,East,09-10-2018
5248,Customer_5248,South,08-10-2019
5249,Customer_5249,North,17-04-2023
5250,Customer_5250,East,08-05-2021
5251,Customer_5251,South,01-08-2018
5252,Customer_5252,South,28-05-2022
5253,Customer_5253,North,08-09-2022
5254,Customer_5254,East,10-07-2019
5255,Customer_5255,North,21-01-2019
5256,Customer_5256,South,22-10-2020
5257,Customer_5257,North,24-05-2020
5258,Customer_5258,West,28-04-2018
5259,Customer_5259,West,13-05-2023
5260,Customer_5260,West,03-07-2019
5261,Customer_5261,West,29-01-2018
5262,Customer_5262,West,10-07-2018
5263,Customer_5263,East,01-05-2023
5264,Customer_5264,South,30-06-2021
5265,Customer_5265,South,07-02-2021
5266,Customer_5266,North,22-12-2021
5267,Customer_5267,West,12-08-2021
5268,Customer_5268,East,02-01-2020
5269,Customer_5269,South,02-10-2022
5270,Customer_5270,East,21-12-2021
5271,Customer_5271,South,27-07-2020
5272,Customer_5272,East,09-11-2022
5273,Customer_5273,North,13-06-2023
5274,Customer_5274,South,10-02-2021
5275,Customer_5275,North,16-05-2020
5276,Customer_5276,South,26-02-2022
5277,Customer_5277,North,08-11-2019
5278,Customer_5278,South,22-02-2018
5279,Customer_5279,North,28-03-2023
5280,Customer_5280,South,21-10-2022
5281,Customer_5281,East,21-11-2022
5282,Customer_5282,North,22-03-2023
5283,Customer_5283,West,13-05-2022
5284,Customer_5284,South,26-08-2021
5285,Customer_5285,South,22-05-2023
5286,Customer_5286,West,10-11-2020
5287,Customer_5287,North,08-01-2019
5288,Customer_5288,South,23-07-2021
5289,Customer_5289,South,22-08-2018
5290,Customer_5290,West,04-02-2020
5291,Customer_5291,North,17-01-2023
5292,Customer_5292,East,03-04-2018
5293,Customer_5293,West,16-10-2022
5294,Customer_5294,South,13-01-2021
5295,Customer_5295,West,22-02-2020
5296,Customer_5296,West,11-05-2023
5297,Customer_5297,West,28-06-2019
5298,Customer_5298,North,29-03-2022
5299,Customer_5299,North,22-07-2019
5300,Customer_5300,North,27-08-2022
5301,Customer_5301,West,19-06-2019
5302,Customer_5302,South,28-07-2019
5303,Customer_5303,South,27-02-2018
5304,Customer_5304,North,30-08-2018
5305,Customer_5305,South,05-03-2019
5306,Customer_5306,South,18-09-2021
5307,Customer_5307,West,23-08-2019
5308,Customer_5308,East,09-12-2021
5309,Customer_5309,North,01-12-2018
5310,Customer_5310,West,23-06-2023
5311,Customer_5311,North,15-05-2020
5312,Customer_5312,East,02-11-2021
5313,Customer_5313,East,26-04-2018
5314,Customer_5314,North,12-05-2020
5315,Customer_5315,South,21-06-2020
5316,Customer_5316,North,04-09-2019
5317,Customer_5317,West,02-07-2019
5318,Customer_5318,East,22-11-2018
5319,Customer_5319,South,19-02-2018
5320,Customer_5320,South,22-03-2022
5321,Customer_5321,South,28-03-2022
5322,Customer_5322,South,30-04-2021
5323,Customer_5323,West,09-02-2022
5324,Customer_5324,North,24-05-2018
5325,Customer_5325,West,11-05-2019
5326,Customer_5326,West,31-03-2019
5327,Customer_5327,South,05-02-2019
5328,Customer_5328,South,10-04-2019
5329,Customer_5329,West,09-09-2019
5330,Customer_5330,North,19-03-2020
5331,Customer_5331,West,07-07-2019
5332,Customer_5332,South,25-01-2020
5333,Customer_5333,North,16-08-2022
5334,Customer_5334,East,04-07-2020
5335,Customer_5335,South,10-02-2020
5336,Customer_5336,West,10-08-2019
5337,Customer_5337,West,23-06-2023
5338,Customer_5338,North,23-02-2023
5339,Customer_5339,North,22-08-2022
5340,Customer_5340,West,22-01-2020
5341,Customer_5341,South,02-10-2018
5342,Customer_5342,South,20-02-2021
5343,Customer_5343,South,24-02-2023
5344,Customer_5344,South,27-04-2018
5345,Customer_5345,North,22-11-2022
5346,Customer_5346,South,30-08-2020
5347,Customer_5347,West,04-01-2018
5348,Customer_5348,East,15-09-2021
5349,Customer_5349,North,17-09-2018
5350,Customer_5350,East,07-07-2021
5351,Customer_5351,West,03-10-2018
5352,Customer_5352,West,06-05-2022
5353,Customer_5353,West,29-12-2020
5354,Customer_5354,East,05-08-2020
5355,Customer_5355,North,22-04-2021
5356,Customer_5356,North,26-12-2018
5357,Customer_5357,West,13-05-2021
5358,Customer_5358,South,30-12-2019
5359,Customer_5359,North,18-06-2022
5360,Customer_5360,West,01-09-2021
5361,Customer_5361,West,20-05-2020
5362,Customer_5362,West,17-05-2023
5363,Customer_5363,West,12-01-2023
5364,Customer_5364,South,06-06-2018
5365,Customer_5365,West,20-10-2021
5366,Customer_5366,East,23-03-2018
5367,Customer_5367,South,05-11-2022
5368,Customer_5368,North,21-06-2021
5369,Customer_5369,South,30-09-2018
5370,Customer_5370,North,03-01-2021
5371,Customer_5371,North,20-09-2021
5372,Customer_5372,South,16-05-2020
5373,Customer_5373,North,06-02-2020
5374,Customer_5374,North,06-10-2020
5375,Customer_5375,South,30-01-2023
5376,Customer_5376,West,17-10-2021
5377,Customer_5377,West,28-09-2019
5378,Customer_5378,West,02-11-2019
5379,Customer_5379,East,29-04-2022
5380,Customer_5380,South,30-06-2021
5381,Customer_5381,South,07-01-2023
5382,Customer_5382,West,23-06-2021
5383,Customer_5383,North,14-06-2019
5384,Customer_5384,North,31-01-2019
5385,Customer_5385,South,06-06-2020
5386,Customer_5386,East,23-05-2023
5387,Customer_5387,South,16-05-2020
5388,Customer_5388,South,30-10-2018
5389,Customer_5389,East,26-04-2023
5390,Customer_5390,North,21-02-2020
5391,Customer_5391,North,09-02-2022
5392,Customer_5392,North,23-01-2019
5393,Customer_5393,East,20-06-2018
5394,Customer_5394,West,10-04-2020
5395,Customer_5395,West,09-07-2020
5396,Customer_5396,North,15-01-2021
5397,Customer_5397,East,22-06-2021
5398,Customer_5398,South,06-12-2021
5399,Customer_5399,West,20-04-2021
5400,Customer_5400,West,05-10-2019
5401,Customer_5401,West,02-01-2022
5402,Customer_5402,West,16-05-2023
5403,Customer_5403,North,09-11-2021
5404,Customer_5404,East,14-03-2021
5405,Customer_5405,East,18-08-2020
5406,Customer_5406,South,18-07-2019
5407,Customer_5407,North,12-07-2018
5408,Customer_5408,East,27-12-2020
5409,Customer_5409,West,04-01-2021
5410,Customer_5410,South,28-11-2019
5411,Customer_5411,North,29-12-2021
5412,Customer_5412,North,03-02-2020
5413,Customer_5413,North,03-01-2020
5414,Customer_5414,East,09-08-2019
5415,Customer_5415,North,13-06-2019
5416,Customer_5416,East,16-09-2021
5417,Customer_5417,South,01-02-2020
5418,Customer_5418,South,01-03-2023
5419,Customer_5419,West,20-09-2020
5420,Customer_5420,North,23-10-2021
5421,Customer_5421,West,21-04-2021
5422,Customer_5422,East,23-08-2020
5423,Customer_5423,South,26-01-2022
5424,Customer_5424,West,15-02-2020
5425,Customer_5425,West,01-07-2020
5426,Customer_5426,West,16-09-2018
5427,Customer_5427,North,17-08-2022
5428,Customer_5428,South,01-04-2021
5429,Customer_5429,North,15-04-2018
5430,Customer_5430,West,31-08-2018
5431,Customer_5431,East,06-03-2023
5432,Customer_5432,West,02-02-2019
5433,Customer_5433,East,22-06-2018
5434,Customer_5434,North,14-07-2021
5435,Customer_5435,South,04-03-2021
5436,Customer_5436,North,16-03-2022
5437,Customer_5437,North,12-12-2022
5438,Customer_5438,South,18-04-2019
5439,Customer_5439,West,01-01-2020
5440,Customer_5440,East,06-10-2021
5441,Customer_5441,North,27-01-2023
5442,Customer_5442,North,01-03-2022
5443,Customer_5443,East,04-07-2022
5444,Customer_5444,West,19-09-2022
5445,Customer_5445,North,15-08-2022
5446,Customer_5446,East,21-03-2018
5447,Customer_5447,South,01-01-2022
5448,Customer_5448,East,27-05-2023
5449,Customer_5449,North,04-11-2018
5450,Customer_5450,North,02-11-2022
5451,Customer_5451,East,05-06-2022
5452,Customer_5452,East,06-07-2019
5453,Customer_5453,South,10-05-2020
5454,Customer_5454,West,27-01-2021
5455,Customer_5455,West,24-03-2021
5456,Customer_5456,East,01-10-2019
5457,Customer_5457,West,03-09-2020
5458,Customer_5458,East,01-01-2020
5459,Customer_5459,East,10-01-2021
5460,Customer_5460,South,07-10-2018
5461,Customer_5461,South,31-01-2020
5462,Customer_5462,East,11-05-2018
5463,Customer_5463,North,05-01-2021
5464,Customer_5464,South,21-03-2022
5465,Customer_5465,North,06-08-2021
5466,Customer_5466,East,14-07-2019
5467,Customer_5467,South,29-05-2018
5468,Customer_5468,West,21-09-2018
5469,Customer_5469,East,10-10-2022
5470,Customer_5470,West,22-08-2018
5471,Customer_5471,East,07-08-2022
5472,Customer_5472,East,25-01-2019
5473,Customer_5473,South,01-12-2020
5474,Customer_5474,North,04-04-2021
5475,Customer_5475,South,07-06-2023
5476,Customer_5476,East,08-08-2022
5477,Customer_5477,East,26-06-2019
5478,Customer_5478,North,20-04-2018
5479,Customer_5479,East,30-09-2021
5480,Customer_5480,North,30-04-2018
5481,Customer_5481,West,05-04-2018
5482,Customer_5482,South,13-02-2023
5483,Customer_5483,South,13-08-2021
5484,Customer_5484,North,11-01-2020
5485,Customer_5485,South,14-06-2022
5486,Customer_5486,South,24-11-2019
5487,Customer_5487,South,19-05-2021
5488,Customer_5488,East,12-09-2018
5489,Customer_5489,West,01-02-2021
5490,Customer_5490,East,01-03-2023
5491,Customer_5491,East,12-01-2018
5492,Customer_5492,South,15-02-2018
5493,Customer_5493,East,17-08-2021
5494,Customer_5494,West,27-04-2019
5495,Customer_5495,South,06-12-2020
5496,Customer_5496,North,27-01-2021
5497,Customer_5497,North,05-01-2018
5498,Customer_5498,South,18-11-2022
5499,Customer_5499,North,02-05-2023
5500,Customer_5500,South,28-10-2018
5501,Customer_5501,South,30-06-2019
5502,Customer_5502,West,03-11-2018
5503,Customer_5503,East,21-01-2018
5504,Customer_5504,West,18-03-2018
5505,Customer_5505,East,24-05-2023
5506,Customer_5506,South,07-03-2018
5507,Customer_5507,West,10-10-2021
5508,Customer_5508,East,30-09-2018
5509,Customer_5509,South,02-04-2021
5510,Customer_5510,North,01-10-2020
5511,Customer_5511,North,22-08-2020
5512,Customer_5512,West,28-07-2018
5513,Customer_5513,West,03-03-2022
5514,Customer_5514,West,09-12-2021
5515,Customer_5515,East,14-02-2021
5516,Customer_5516,North,27-02-2019
5517,Customer_5517,South,17-01-2020
5518,Customer_5518,North,21-10-2022
5519,Customer_5519,South,27-02-2023
5520,Customer_5520,East,09-02-2021
5521,Customer_5521,East,27-04-2022
5522,Customer_5522,South,26-09-2019
5523,Customer_5523,North,03-03-2022
5524,Customer_5524,East,11-08-2020
5525,Customer_5525,North,22-06-2018
5526,Customer_5526,East,29-04-2019
5527,Customer_5527,West,18-11-2019
5528,Customer_5528,North,15-12-2022
5529,Customer_5529,West,06-02-2021
5530,Customer_5530,West,11-06-2021
5531,Customer_5531,South,14-01-2019
5532,Customer_5532,North,30-03-2021
5533,Customer_5533,South,13-04-2022
5534,Customer_5534,West,31-07-2019
5535,Customer_5535,East,30-01-2019
5536,Customer_5536,North,18-01-2018
5537,Customer_5537,West,04-03-2018
5538,Customer_5538,West,28-06-2022
5539,Customer_5539,North,03-04-2021
5540,Customer_5540,South,26-08-2019
5541,Customer_5541,East,19-05-2018
5542,Customer_5542,South,10-02-2021
5543,Customer_5543,East,13-10-2022
5544,Customer_5544,North,24-04-2020
5545,Customer_5545,North,22-06-2023
5546,Customer_5546,East,17-09-2021
5547,Customer_5547,West,24-05-2023
5548,Customer_5548,West,31-08-2020
5549,Customer_5549,East,02-12-2021
5550,Customer_5550,South,05-08-2022
5551,Customer_5551,South,17-04-2019
5552,Customer_5552,North,31-08-2021
5553,Customer_5553,North,30-06-2022
5554,Customer_5554,West,27-06-2019
5555,Customer_5555,North,22-04-2020
5556,Customer_5556,East,20-05-2021
5557,Customer_5557,South,19-01-2018
5558,Customer_5558,South,15-07-2019
5559,Customer_5559,West,06-10-2021
5560,Customer_5560,North,24-01-2022
5561,Customer_5561,South,30-12-2022
5562,Customer_5562,North,10-04-2022
5563,Customer_5563,West,19-05-2023
5564,Customer_5564,East,18-10-2021
5565,Customer_5565,South,01-10-2019
5566,Customer_5566,East,02-07-2020
5567,Customer_5567,East,15-06-2018
5568,Customer_5568,South,03-03-2021
5569,Customer_5569,East,13-08-2020
5570,Customer_5570,South,06-02-2022
5571,Customer_5571,East,09-03-2023
5572,Customer_5572,North,01-07-2019
5573,Customer_5573,North,23-11-2022
5574,Customer_5574,East,09-08-2019
5575,Customer_5575,East,10-09-2021
5576,Customer_5576,East,08-01-2018
5577,Customer_5577,North,10-05-2018
5578,Customer_5578,South,25-03-2018
5579,Customer_5579,East,25-09-2019
5580,Customer_5580,East,01-03-2021
5581,Customer_5581,East,21-02-2022
5582,Customer_5582,West,06-12-2021
5583,Customer_5583,East,10-03-2020
5584,Customer_5584,South,12-06-2019
5585,Customer_5585,North,16-06-2021
5586,Customer_5586,North,08-07-2022
5587,Customer_5587,North,27-05-2018
5588,Customer_5588,North,29-11-2020
5589,Customer_5589,South,30-11-2018
5590,Customer_5590,North,07-12-2021
5591,Customer_5591,East,25-05-2018
5592,Customer_5592,East,24-12-2019
5593,Customer_5593,West,15-08-2021
5594,Customer_5594,West,26-03-2022
5595,Customer_5595,East,05-11-2019
5596,Customer_5596,West,07-12-2019
5597,Customer_5597,North,25-09-2018
5598,Customer_5598,East,11-04-2022
5599,Customer_5599,North,10-01-2020
5600,Customer_5600,South,13-06-2022
5601,Customer_5601,South,17-09-2022
5602,Customer_5602,South,17-10-2022
5603,Customer_5603,West,16-01-2022
5604,Customer_5604,West,23-10-2021
5605,Customer_5605,North,21-05-2018
5606,Customer_5606,West,05-12-2020
5607,Customer_5607,South,01-08-2022
5608,Customer_5608,South,19-07-2019
5609,Customer_5609,East,04-04-2022
5610,Customer_5610,East,15-10-2020
5611,Customer_5611,North,28-10-2022
5612,Customer_5612,North,06-09-2021
5613,Customer_5613,East,04-09-2018
5614,Customer_5614,East,23-05-2020
5615,Customer_5615,South,31-10-2020
5616,Customer_5616,North,13-06-2021
5617,Customer_5617,North,11-05-2023
5618,Customer_5618,West,02-04-2021
5619,Customer_5619,North,24-04-2021
5620,Customer_5620,East,25-05-2019
5621,Customer_5621,West,11-10-2020
5622,Customer_5622,South,18-07-2021
5623,Customer_5623,South,22-08-2018
5624,Customer_5624,South,08-01-2021
5625,Customer_5625,North,30-03-2018
5626,Customer_5626,East,23-12-2021
5627,Customer_5627,South,16-09-2021
5628,Customer_5628,East,27-01-2023
5629,Customer_5629,East,23-12-2021
5630,Customer_5630,North,14-09-2018
5631,Customer_5631,West,02-07-2018
5632,Customer_5632,South,13-10-2022
5633,Customer_5633,South,13-02-2023
5634,Customer_5634,South,02-12-2021
5635,Customer_5635,South,03-08-2018
5636,Customer_5636,North,03-05-2021
5637,Customer_5637,South,17-09-2021
5638,Customer_5638,East,10-09-2019
5639,Customer_5639,West,23-12-2018
5640,Customer_5640,North,21-02-2019
5641,Customer_5641,West,12-03-2021
5642,Customer_5642,North,04-01-2022
5643,Customer_5643,South,18-03-2019
5644,Customer_5644,North,10-06-2018
5645,Customer_5645,West,23-03-2019
5646,Customer_5646,South,07-02-2022
5647,Customer_5647,North,03-05-2020
5648,Customer_5648,East,18-01-2021
5649,Customer_5649,East,17-01-2021
5650,Customer_5650,South,12-10-2019
5651,Customer_5651,East,13-01-2018
5652,Customer_5652,East,08-03-2019
5653,Customer_5653,West,03-07-2019
5654,Customer_5654,South,26-11-2020
5655,Customer_5655,South,02-11-2021
5656,Customer_5656,South,09-02-2022
5657,Customer_5657,West,27-05-2020
5658,Customer_5658,West,08-05-2022
5659,Customer_5659,West,27-07-2018
5660,Customer_5660,West,29-10-2020
5661,Customer_5661,North,08-11-2021
5662,Customer_5662,South,01-11-2021
5663,Customer_5663,North,20-03-2020
5664,Customer_5664,North,10-01-2019
5665,Customer_5665,South,26-03-2023
5666,Customer_5666,East,10-03-2018
5667,Customer_5667,North,30-12-2021
5668,Customer_5668,West,07-07-2021
5669,Customer_5669,East,18-11-2020
5670,Customer_5670,East,22-11-2018
5671,Customer_5671,East,04-06-2022
5672,Customer_5672,North,20-02-2019
5673,Customer_5673,North,24-09-2018
5674,Customer_5674,West,22-01-2018
5675,Customer_5675,North,27-03-2022
5676,Customer_5676,West,11-10-2022
5677,Customer_5677,East,20-02-2023
5678,Customer_5678,East,11-09-2019
5679,Customer_5679,East,07-02-2020
5680,Customer_5680,South,05-02-2022
5681,Customer_5681,East,17-05-2022
5682,Customer_5682,East,30-11-2021
5683,Customer_5683,North,15-10-2019
5684,Customer_5684,South,03-04-2018
5685,Customer_5685,West,06-01-2020
5686,Customer_5686,South,14-07-2018
5687,Customer_5687,East,05-10-2022
5688,Customer_5688,South,15-09-2022
5689,Customer_5689,North,03-06-2023
5690,Customer_5690,West,22-06-2020
5691,Customer_5691,South,26-05-2020
5692,Customer_5692,West,03-09-2019
5693,Customer_5693,North,31-12-2020
5694,Customer_5694,West,03-09-2019
5695,Customer_5695,West,06-08-2018
5696,Customer_5696,North,04-01-2018
5697,Customer_5697,South,10-10-2019
5698,Customer_5698,East,16-12-2022
5699,Customer_5699,North,11-08-2021
5700,Customer_5700,West,09-11-2022
5701,Customer_5701,West,18-06-2020
5702,Customer_5702,South,10-11-2020
5703,Customer_5703,North,20-06-2020
5704,Customer_5704,South,19-11-2022
5705,Customer_5705,North,15-03-2020
5706,Customer_5706,South,25-03-2021
5707,Customer_5707,East,30-04-2020
5708,Customer_5708,East,15-05-2023
5709,Customer_5709,North,23-01-2019
5710,Customer_5710,South,09-03-2018
5711,Customer_5711,West,26-06-2018
5712,Customer_5712,East,02-05-2023
5713,Customer_5713,East,02-01-2023
5714,Customer_5714,East,11-06-2022
5715,Customer_5715,East,27-01-2023
5716,Customer_5716,South,17-08-2019
5717,Customer_5717,South,02-07-2020
5718,Customer_5718,East,20-04-2021
5719,Customer_5719,South,30-05-2023
5720,Customer_5720,South,26-08-2021
5721,Customer_5721,North,08-09-2021
5722,Customer_5722,South,07-08-2022
5723,Customer_5723,North,07-05-2022
5724,Customer_5724,South,11-05-2018
5725,Customer_5725,South,18-10-2019
5726,Customer_5726,East,16-10-2021
5727,Customer_5727,West,22-07-2021
5728,Customer_5728,North,10-06-2021
5729,Customer_5729,West,12-02-2022
5730,Customer_5730,South,03-07-2021
5731,Customer_5731,East,29-03-2022
5732,Customer_5732,East,23-04-2023
5733,Customer_5733,North,29-04-2020
5734,Customer_5734,South,28-08-2022
5735,Customer_5735,East,13-01-2018
5736,Customer_5736,East,25-12-2022
5737,Customer_5737,North,21-05-2018
5738,Customer_5738,North,19-09-2020
5739,Customer_5739,North,26-05-2019
5740,Customer_5740,West,14-12-2021
5741,Customer_5741,North,03-03-2019
5742,Customer_5742,North,28-01-2018
5743,Customer_5743,West,01-05-2019
5744,Customer_5744,South,03-05-2022
5745,Customer_5745,South,15-01-2023
5746,Customer_5746,South,02-12-2020
5747,Customer_5747,North,03-01-2019
5748,Customer_5748,West,26-09-2019
5749,Customer_5749,North,15-10-2020
5750,Customer_5750,West,26-03-2019
5751,Customer_5751,North,06-02-2022
5752,Customer_5752,West,22-10-2021
5753,Customer_5753,North,24-06-2020
5754,Customer_5754,East,16-10-2019
5755,Customer_5755,South,26-09-2021
5756,Customer_5756,South,20-01-2020
5757,Customer_5757,South,05-01-2020
5758,Customer_5758,West,23-06-2023
5759,Customer_5759,North,23-12-2019
5760,Customer_5760,East,17-11-2018
5761,Customer_5761,West,31-07-2020
5762,Customer_5762,West,20-02-2018
5763,Customer_5763,North,07-12-2020
5764,Customer_5764,East,09-07-2021
5765,Customer_5765,West,09-02-2022
5766,Customer_5766,South,25-03-2019
5767,Customer_5767,South,23-09-2021
5768,Customer_5768,East,13-11-2019
5769,Customer_5769,West,24-11-2019
5770,Customer_5770,South,16-08-2019
5771,Customer_5771,South,24-07-2021
5772,Customer_5772,West,07-09-2019
5773,Customer_5773,East,02-11-2022
5774,Customer_5774,South,13-05-2018
5775,Customer_5775,North,22-07-2019
5776,Customer_5776,East,15-04-2023
5777,Customer_5777,East,25-04-2023
5778,Customer_5778,East,24-04-2021
5779,Customer_5779,North,12-01-2018
5780,Customer_5780,North,31-12-2018
5781,Customer_5781,South,01-07-2018
5782,Customer_5782,South,30-12-2020
5783,Customer_5783,West,30-08-2021
5784,Customer_5784,North,20-12-2018
5785,Customer_5785,West,06-08-2019
5786,Customer_5786,East,13-01-2023
5787,Customer_5787,South,08-07-2020
5788,Customer_5788,West,10-01-2023
5789,Customer_5789,North,19-01-2018
5790,Customer_5790,North,28-04-2020
5791,Customer_5791,West,17-01-2020
5792,Customer_5792,West,28-05-2021
5793,Customer_5793,East,22-08-2020
5794,Customer_5794,West,14-05-2022
5795,Customer_5795,South,16-02-2018
5796,Customer_5796,West,25-11-2022
5797,Customer_5797,East,27-02-2021
5798,Customer_5798,South,24-08-2022
5799,Customer_5799,East,01-01-2019
5800,Customer_5800,North,17-12-2019
5801,Customer_5801,West,09-07-2022
5802,Customer_5802,East,18-09-2018
5803,Customer_5803,West,11-03-2022
5804,Customer_5804,North,28-05-2018
5805,Customer_5805,East,19-05-2021
5806,Customer_5806,North,21-05-2018
5807,Customer_5807,South,01-11-2021
5808,Customer_5808,North,21-07-2018
5809,Customer_5809,North,11-09-2022
5810,Customer_5810,West,01-08-2022
5811,Customer_5811,East,08-11-2021
5812,Customer_5812,South,26-04-2022
5813,Customer_5813,North,15-05-2018
5814,Customer_5814,West,02-11-2021
5815,Customer_5815,North,13-08-2021
5816,Customer_5816,South,01-07-2020
5817,Customer_5817,East,07-12-2020
5818,Customer_5818,West,27-11-2019
5819,Customer_5819,North,28-06-2018
5820,Customer_5820,West,20-04-2019
5821,Customer_5821,South,07-06-2019
5822,Customer_5822,North,02-11-2019
5823,Customer_5823,West,06-10-2018
5824,Customer_5824,North,18-04-2018
5825,Customer_5825,West,28-11-2020
5826,Customer_5826,South,17-04-2021
5827,Customer_5827,West,04-09-2019
5828,Customer_5828,South,08-04-2021
5829,Customer_5829,South,11-01-2023
5830,Customer_5830,West,26-04-2023
5831,Customer_5831,West,06-11-2020
5832,Customer_5832,North,11-05-2023
5833,Customer_5833,West,25-01-2020
5834,Customer_5834,North,27-09-2021
5835,Customer_5835,West,13-05-2023
5836,Customer_5836,South,26-08-2018
5837,Customer_5837,East,15-09-2022
5838,Customer_5838,West,05-01-2018
5839,Customer_5839,West,29-09-2019
5840,Customer_5840,East,18-11-2018
5841,Customer_5841,North,13-02-2019
5842,Customer_5842,East,01-01-2021
5843,Customer_5843,South,10-08-2019
5844,Customer_5844,South,29-11-2022
5845,Customer_5845,North,17-03-2019
5846,Customer_5846,North,13-01-2020
5847,Customer_5847,West,05-06-2020
5848,Customer_5848,South,22-04-2019
5849,Customer_5849,South,11-08-2020
5850,Customer_5850,South,13-10-2019
5851,Customer_5851,South,12-03-2021
5852,Customer_5852,West,27-11-2018
5853,Customer_5853,North,27-04-2021
5854,Customer_5854,East,30-07-2018
5855,Customer_5855,South,20-12-2021
5856,Customer_5856,South,07-12-2021
5857,Customer_5857,East,19-03-2020
5858,Customer_5858,East,29-12-2019
5859,Customer_5859,West,16-12-2019
5860,Customer_5860,East,18-08-2022
5861,Customer_5861,South,08-01-2019
5862,Customer_5862,North,11-01-2022
5863,Customer_5863,North,02-09-2020
5864,Customer_5864,East,05-11-2018
5865,Customer_5865,South,06-11-2019
5866,Customer_5866,East,09-06-2018
5867,Customer_5867,East,23-10-2019
5868,Customer_5868,South,07-10-2019
5869,Customer_5869,East,10-02-2023
5870,Customer_5870,South,14-04-2021
5871,Customer_5871,East,23-02-2019
5872,Customer_5872,North,09-11-2019
5873,Customer_5873,West,12-12-2018
5874,Customer_5874,West,29-01-2022
5875,Customer_5875,South,04-02-2020
5876,Customer_5876,North,05-04-2023
5877,Customer_5877,South,30-05-2023
5878,Customer_5878,South,17-06-2021
5879,Customer_5879,West,16-10-2018
5880,Customer_5880,West,25-10-2020
5881,Customer_5881,East,25-12-2019
5882,Customer_5882,South,13-03-2022
5883,Customer_5883,South,30-10-2022
5884,Customer_5884,East,29-03-2019
5885,Customer_5885,South,18-08-2022
5886,Customer_5886,West,29-09-2022
5887,Customer_5887,South,21-03-2018
5888,Customer_5888,East,06-07-2019
5889,Customer_5889,West,22-10-2021
5890,Customer_5890,East,15-11-2022
5891,Customer_5891,West,26-08-2021
5892,Customer_5892,West,04-06-2022
5893,Customer_5893,West,03-07-2021
5894,Customer_5894,East,29-11-2019
5895,Customer_5895,East,25-01-2019
5896,Customer_5896,East,10-05-2019
5897,Customer_5897,West,01-03-2018
5898,Customer_5898,East,14-01-2021
5899,Customer_5899,South,20-02-2022
5900,Customer_5900,East,13-03-2019
5901,Customer_5901,North,19-11-2022
5902,Customer_5902,South,09-08-2021
5903,Customer_5903,North,28-03-2023
5904,Customer_5904,South,02-12-2020
5905,Customer_5905,North,09-05-2021
5906,Customer_5906,South,05-05-2018
5907,Customer_5907,South,20-09-2021
5908,Customer_5908,East,05-05-2022
5909,Customer_5909,South,02-02-2019
5910,Customer_5910,West,22-01-2023
5911,Customer_5911,South,24-04-2018
5912,Customer_5912,West,02-06-2022
5913,Customer_5913,West,06-04-2019
5914,Customer_5914,West,22-12-2020
5915,Customer_5915,South,01-10-2022
5916,Customer_5916,West,08-06-2022
5917,Customer_5917,West,03-12-2020
5918,Customer_5918,North,05-01-2023
5919,Customer_5919,East,07-04-2022
5920,Customer_5920,East,31-08-2019
5921,Customer_5921,South,10-04-2020
5922,Customer_5922,South,27-07-2020
5923,Customer_5923,West,14-09-2020
5924,Customer_5924,West,28-09-2019
5925,Customer_5925,North,17-04-2018
5926,Customer_5926,North,28-05-2019
5927,Customer_5927,South,14-11-2018
5928,Customer_5928,West,30-11-2018
5929,Customer_5929,East,25-08-2021
5930,Customer_5930,West,06-10-2020
5931,Customer_5931,South,07-10-2022
5932,Customer_5932,West,19-04-2018
5933,Customer_5933,South,24-11-2019
5934,Customer_5934,North,13-11-2019
5935,Customer_5935,North,16-05-2022
5936,Customer_5936,East,01-02-2019
5937,Customer_5937,South,03-01-2021
5938,Customer_5938,East,16-10-2018
5939,Customer_5939,East,26-07-2018
5940,Customer_5940,South,30-01-2023
5941,Customer_5941,East,14-06-2018
5942,Customer_5942,South,30-09-2022
5943,Customer_5943,South,21-08-2018
5944,Customer_5944,East,30-05-2019
5945,Customer_5945,South,19-11-2020
5946,Customer_5946,North,19-06-2022
5947,Customer_5947,South,01-04-2022
5948,Customer_5948,South,07-10-2021
5949,Customer_5949,North,24-07-2022
5950,Customer_5950,East,14-09-2021
5951,Customer_5951,East,04-09-2018
5952,Customer_5952,North,27-05-2020
5953,Customer_5953,East,14-03-2022
5954,Customer_5954,East,27-09-2021
5955,Customer_5955,North,04-12-2019
5956,Customer_5956,West,11-09-2021
5957,Customer_5957,North,10-12-2019
5958,Customer_5958,North,14-07-2021
5959,Customer_5959,North,31-07-2019
5960,Customer_5960,North,15-01-2022
5961,Customer_5961,West,13-03-2020
5962,Customer_5962,West,25-05-2023
5963,Customer_5963,West,10-04-2021
5964,Customer_5964,North,24-04-2020
5965,Customer_5965,East,24-01-2023
5966,Customer_5966,West,10-12-2018
5967,Customer_5967,West,17-02-2021
5968,Customer_5968,East,12-10-2022
5969,Customer_5969,South,13-07-2020
5970,Customer_5970,West,07-07-2022
5971,Customer_5971,North,23-07-2019
5972,Customer_5972,South,17-09-2021
5973,Customer_5973,West,24-01-2018
5974,Customer_5974,West,19-04-2019
5975,Customer_5975,South,12-10-2018
5976,Customer_5976,West,03-11-2020
5977,Customer_5977,North,17-08-2020
5978,Customer_5978,West,14-07-2019
5979,Customer_5979,East,02-03-2022
5980,Customer_5980,South,20-01-2018
5981,Customer_5981,West,11-08-2022
5982,Customer_5982,South,17-10-2020
5983,Customer_5983,East,24-10-2021
5984,Customer_5984,South,27-03-2019
5985,Customer_5985,East,25-09-2020
5986,Customer_5986,North,01-09-2021
5987,Customer_5987,South,21-03-2020
5988,Customer_5988,South,22-12-2021
5989,Customer_5989,South,11-08-2021
5990,Customer_5990,West,16-08-2018
5991,Customer_5991,East,07-02-2020
5992,Customer_5992,North,31-10-2020
5993,Customer_5993,South,15-07-2022
5994,Customer_5994,North,14-01-2022
5995,Customer_5995,East,12-04-2021
5996,Customer_5996,West,06-01-2020
5997,Customer_5997,North,19-08-2020
5998,Customer_5998,West,23-10-2020
5999,Customer_5999,North,07-04-2023
6000,Customer_6000,East,10-05-2021
6001,Customer_6001,West,05-10-2019
6002,Customer_6002,South,28-01-2020
6003,Customer_6003,North,01-02-2023
6004,Customer_6004,North,03-07-2020
6005,Customer_6005,West,28-10-2021
6006,Customer_6006,East,20-10-2018
6007,Customer_6007,West,19-12-2020
6008,Customer_6008,West,27-03-2022
6009,Customer_6009,East,23-06-2021
6010,Customer_6010,South,29-01-2022
6011,Customer_6011,East,10-11-2020
6012,Customer_6012,South,04-07-2019
6013,Customer_6013,East,22-09-2022
6014,Customer_6014,East,25-10-2022
6015,Customer_6015,North,19-01-2023
6016,Customer_6016,South,10-05-2022
6017,Customer_6017,West,18-06-2023
6018,Customer_6018,West,21-10-2020
6019,Customer_6019,East,13-06-2018
6020,Customer_6020,North,19-08-2020
6021,Customer_6021,North,23-11-2021
6022,Customer_6022,North,30-10-2020
6023,Customer_6023,East,08-02-2023
6024,Customer_6024,North,28-06-2018
6025,Customer_6025,East,24-04-2020
6026,Customer_6026,West,07-01-2022
6027,Customer_6027,South,23-12-2022
6028,Customer_6028,North,31-12-2020
6029,Customer_6029,North,23-01-2021
6030,Customer_6030,South,01-06-2021
6031,Customer_6031,South,03-04-2020
6032,Customer_6032,West,03-07-2021
6033,Customer_6033,South,26-07-2022
6034,Customer_6034,South,08-01-2018
6035,Customer_6035,South,07-12-2022
6036,Customer_6036,West,19-11-2022
6037,Customer_6037,South,22-10-2022
6038,Customer_6038,West,19-10-2020
6039,Customer_6039,South,13-09-2021
6040,Customer_6040,West,30-09-2019
6041,Customer_6041,North,30-12-2018
6042,Customer_6042,West,05-05-2019
6043,Customer_6043,East,13-12-2021
6044,Customer_6044,South,07-11-2021
6045,Customer_6045,West,04-09-2018
6046,Customer_6046,North,04-08-2021
6047,Customer_6047,East,02-03-2018
6048,Customer_6048,West,12-11-2018
6049,Customer_6049,North,28-05-2022
6050,Customer_6050,South,12-01-2023
6051,Customer_6051,East,14-11-2020
6052,Customer_6052,East,02-03-2021
6053,Customer_6053,East,16-02-2020
6054,Customer_6054,North,16-11-2019
6055,Customer_6055,East,29-01-2019
6056,Customer_6056,South,14-08-2019
6057,Customer_6057,West,26-11-2018
6058,Customer_6058,West,27-07-2022
6059,Customer_6059,North,27-10-2019
6060,Customer_6060,South,28-03-2018
6061,Customer_6061,West,21-03-2021
6062,Customer_6062,North,16-09-2018
6063,Customer_6063,North,03-04-2022
6064,Customer_6064,East,16-04-2018
6065,Customer_6065,North,06-07-2018
6066,Customer_6066,East,20-08-2022
6067,Customer_6067,South,18-10-2020
6068,Customer_6068,South,16-04-2020
6069,Customer_6069,South,25-12-2022
6070,Customer_6070,East,21-02-2021
6071,Customer_6071,East,23-07-2022
6072,Customer_6072,South,16-10-2022
6073,Customer_6073,West,08-08-2021
6074,Customer_6074,West,02-05-2020
6075,Customer_6075,East,03-10-2021
6076,Customer_6076,South,14-10-2021
6077,Customer_6077,East,06-11-2018
6078,Customer_6078,North,23-08-2022
6079,Customer_6079,North,21-04-2022
6080,Customer_6080,West,02-04-2022
6081,Customer_6081,East,25-11-2020
6082,Customer_6082,East,03-02-2019
6083,Customer_6083,East,26-05-2019
6084,Customer_6084,North,13-03-2021
6085,Customer_6085,South,06-05-2020
6086,Customer_6086,North,16-04-2020
6087,Customer_6087,East,03-04-2022
6088,Customer_6088,South,31-01-2020
6089,Customer_6089,South,03-12-2018
6090,Customer_6090,South,07-02-2020
6091,Customer_6091,South,02-10-2019
6092,Customer_6092,East,21-10-2021
6093,Customer_6093,North,13-08-2020
6094,Customer_6094,South,27-03-2020
6095,Customer_6095,West,06-03-2023
6096,Customer_6096,North,06-04-2020
6097,Customer_6097,West,28-05-2019
6098,Customer_6098,East,13-03-2023
6099,Customer_6099,North,14-09-2022
6100,Customer_6100,West,17-07-2022
6101,Customer_6101,East,22-10-2020
6102,Customer_6102,East,03-03-2018
6103,Customer_6103,East,19-08-2022
6104,Customer_6104,West,20-05-2018
6105,Customer_6105,North,19-05-2022
6106,Customer_6106,South,10-11-2022
6107,Customer_6107,East,16-12-2018
6108,Customer_6108,West,08-01-2018
6109,Customer_6109,West,27-12-2021
6110,Customer_6110,North,23-03-2023
6111,Customer_6111,North,12-11-2020
6112,Customer_6112,West,25-10-2020
6113,Customer_6113,East,11-11-2021
6114,Customer_6114,North,17-01-2023
6115,Customer_6115,North,19-02-2023
6116,Customer_6116,North,05-12-2021
6117,Customer_6117,East,22-10-2018
6118,Customer_6118,North,21-08-2021
6119,Customer_6119,East,29-05-2018
6120,Customer_6120,North,28-03-2022
6121,Customer_6121,South,14-04-2019
6122,Customer_6122,North,27-10-2018
6123,Customer_6123,South,24-03-2020
6124,Customer_6124,North,22-02-2020
6125,Customer_6125,South,23-03-2021
6126,Customer_6126,South,30-06-2021
6127,Customer_6127,North,24-06-2022
6128,Customer_6128,East,16-06-2021
6129,Customer_6129,East,14-11-2021
6130,Customer_6130,West,13-12-2021
6131,Customer_6131,South,21-10-2022
6132,Customer_6132,West,30-04-2020
6133,Customer_6133,East,24-11-2018
6134,Customer_6134,East,04-12-2021
6135,Customer_6135,West,10-10-2020
6136,Customer_6136,North,03-11-2021
6137,Customer_6137,East,13-03-2019
6138,Customer_6138,South,29-08-2022
6139,Customer_6139,East,29-10-2022
6140,Customer_6140,East,15-02-2023
6141,Customer_6141,South,28-03-2021
6142,Customer_6142,South,03-04-2019
6143,Customer_6143,North,16-02-2019
6144,Customer_6144,West,25-12-2018
6145,Customer_6145,North,21-05-2023
6146,Customer_6146,South,09-10-2019
6147,Customer_6147,North,09-03-2023
6148,Customer_6148,East,29-04-2023
6149,Customer_6149,East,26-06-2021
6150,Customer_6150,South,01-04-2021
6151,Customer_6151,East,19-12-2020
6152,Customer_6152,North,31-01-2023
6153,Customer_6153,North,02-01-2018
6154,Customer_6154,West,21-08-2018
6155,Customer_6155,West,04-03-2023
6156,Customer_6156,South,01-11-2021
6157,Customer_6157,South,08-02-2022
6158,Customer_6158,North,09-10-2020
6159,Customer_6159,North,12-09-2021
6160,Customer_6160,West,19-12-2019
6161,Customer_6161,East,27-05-2018
6162,Customer_6162,West,07-02-2022
6163,Customer_6163,North,06-05-2022
6164,Customer_6164,North,25-02-2022
6165,Customer_6165,North,02-11-2019
6166,Customer_6166,West,24-07-2019
6167,Customer_6167,West,18-02-2023
6168,Customer_6168,South,14-08-2021
6169,Customer_6169,West,09-05-2022
6170,Customer_6170,South,16-02-2021
6171,Customer_6171,North,18-09-2020
6172,Customer_6172,West,12-08-2022
6173,Customer_6173,South,25-01-2019
6174,Customer_6174,West,14-03-2019
6175,Customer_6175,South,09-07-2022
6176,Customer_6176,East,20-08-2019
6177,Customer_6177,South,06-03-2023
6178,Customer_6178,West,27-01-2021
6179,Customer_6179,East,23-04-2019
6180,Customer_6180,North,19-03-2020
6181,Customer_6181,North,03-08-2021
6182,Customer_6182,North,02-09-2020
6183,Customer_6183,East,06-10-2021
6184,Customer_6184,North,20-03-2018
6185,Customer_6185,South,10-05-2021
6186,Customer_6186,South,23-07-2019
6187,Customer_6187,East,26-08-2022
6188,Customer_6188,West,18-08-2020
6189,Customer_6189,West,17-12-2020
6190,Customer_6190,West,24-05-2021
6191,Customer_6191,West,08-07-2019
6192,Customer_6192,East,18-07-2022
6193,Customer_6193,West,22-04-2023
6194,Customer_6194,East,16-12-2022
6195,Customer_6195,East,10-01-2023
6196,Customer_6196,North,24-12-2018
6197,Customer_6197,West,11-06-2022
6198,Customer_6198,East,16-12-2022
6199,Customer_6199,West,09-09-2019
6200,Customer_6200,North,11-05-2020
6201,Customer_6201,South,21-09-2021
6202,Customer_6202,North,01-10-2019
6203,Customer_6203,North,01-02-2022
6204,Customer_6204,West,23-07-2019
6205,Customer_6205,South,10-03-2018
6206,Customer_6206,East,28-03-2023
6207,Customer_6207,East,13-09-2020
6208,Customer_6208,East,07-08-2018
6209,Customer_6209,North,24-11-2022
6210,Customer_6210,East,07-07-2022
6211,Customer_6211,North,21-06-2023
6212,Customer_6212,West,06-01-2021
6213,Customer_6213,South,25-12-2022
6214,Customer_6214,West,30-11-2019
6215,Customer_6215,West,04-09-2021
6216,Customer_6216,East,25-11-2020
6217,Customer_6217,North,26-11-2021
6218,Customer_6218,West,11-01-2022
6219,Customer_6219,West,23-12-2020
6220,Customer_6220,East,15-08-2019
6221,Customer_6221,South,15-06-2023
6222,Customer_6222,North,25-05-2022
6223,Customer_6223,West,26-04-2021
6224,Customer_6224,West,13-12-2020
6225,Customer_6225,West,05-11-2018
6226,Customer_6226,East,30-08-2021
6227,Customer_6227,West,27-10-2020
6228,Customer_6228,North,06-06-2018
6229,Customer_6229,North,20-06-2020
6230,Customer_6230,West,20-09-2020
6231,Customer_6231,North,02-06-2023
6232,Customer_6232,West,04-09-2022
6233,Customer_6233,North,27-05-2019
6234,Customer_6234,North,11-08-2022
6235,Customer_6235,East,24-09-2019
6236,Customer_6236,North,03-05-2022
6237,Customer_6237,South,13-05-2022
6238,Customer_6238,West,12-02-2023
6239,Customer_6239,South,06-08-2018
6240,Customer_6240,South,11-12-2022
6241,Customer_6241,East,29-05-2023
6242,Customer_6242,North,01-04-2019
6243,Customer_6243,North,21-08-2021
6244,Customer_6244,East,10-09-2022
6245,Customer_6245,East,25-09-2019
6246,Customer_6246,South,10-06-2023
6247,Customer_6247,South,01-01-2018
6248,Customer_6248,South,06-01-2022
6249,Customer_6249,West,03-04-2021
6250,Customer_6250,North,07-01-2023
6251,Customer_6251,North,18-07-2018
6252,Customer_6252,West,02-11-2018
6253,Customer_6253,West,03-11-2019
6254,Customer_6254,South,02-04-2022
6255,Customer_6255,North,02-03-2019
6256,Customer_6256,East,30-07-2019
6257,Customer_6257,North,05-06-2023
6258,Customer_6258,East,21-01-2018
6259,Customer_6259,North,16-10-2021
6260,Customer_6260,West,11-05-2023
6261,Customer_6261,West,18-11-2018
6262,Customer_6262,West,19-05-2021
6263,Customer_6263,East,04-07-2019
6264,Customer_6264,West,06-12-2019
6265,Customer_6265,South,08-11-2020
6266,Customer_6266,West,07-10-2022
6267,Customer_6267,East,25-12-2020
6268,Customer_6268,North,13-07-2020
6269,Customer_6269,South,12-04-2019
6270,Customer_6270,West,03-05-2023
6271,Customer_6271,East,02-10-2022
6272,Customer_6272,South,27-01-2020
6273,Customer_6273,East,27-12-2022
6274,Customer_6274,North,25-07-2021
6275,Customer_6275,West,19-02-2023
6276,Customer_6276,South,23-02-2018
6277,Customer_6277,West,15-02-2021
6278,Customer_6278,North,22-08-2020
6279,Customer_6279,West,28-12-2021
6280,Customer_6280,South,15-05-2023
6281,Customer_6281,South,23-04-2023
6282,Customer_6282,East,31-05-2019
6283,Customer_6283,West,04-08-2020
6284,Customer_6284,East,02-10-2021
6285,Customer_6285,West,03-10-2020
6286,Customer_6286,West,19-10-2021
6287,Customer_6287,East,24-02-2023
6288,Customer_6288,East,29-12-2022
6289,Customer_6289,North,18-09-2019
6290,Customer_6290,West,19-06-2020
6291,Customer_6291,North,24-12-2020
6292,Customer_6292,South,27-02-2022
6293,Customer_6293,West,21-12-2021
6294,Customer_6294,North,26-05-2021
6295,Customer_6295,South,17-08-2019
6296,Customer_6296,West,14-04-2018
6297,Customer_6297,East,19-03-2023
6298,Customer_6298,North,24-07-2018
6299,Customer_6299,South,24-09-2021
6300,Customer_6300,South,07-01-2020
6301,Customer_6301,West,04-04-2021
6302,Customer_6302,East,16-05-2018
6303,Customer_6303,South,04-10-2019
6304,Customer_6304,West,23-11-2022
6305,Customer_6305,North,01-05-2023
6306,Customer_6306,East,19-02-2023
6307,Customer_6307,North,22-04-2019
6308,Customer_6308,West,20-08-2019
6309,Customer_6309,North,09-09-2019
6310,Customer_6310,North,07-12-2021
6311,Customer_6311,East,23-01-2018
6312,Customer_6312,West,28-01-2023
6313,Customer_6313,South,13-08-2019
6314,Customer_6314,West,20-08-2018
6315,Customer_6315,North,13-06-2021
6316,Customer_6316,East,10-04-2019
6317,Customer_6317,East,31-05-2020
6318,Customer_6318,North,20-10-2021
6319,Customer_6319,East,25-09-2019
6320,Customer_6320,North,15-02-2022
6321,Customer_6321,West,11-10-2018
6322,Customer_6322,South,04-08-2019
6323,Customer_6323,South,07-09-2022
6324,Customer_6324,East,14-07-2018
6325,Customer_6325,East,21-05-2018
6326,Customer_6326,East,15-03-2021
6327,Customer_6327,East,15-05-2019
6328,Customer_6328,North,19-07-2021
6329,Customer_6329,East,13-04-2022
6330,Customer_6330,South,25-10-2019
6331,Customer_6331,East,17-11-2019
6332,Customer_6332,East,16-02-2018
6333,Customer_6333,North,25-04-2019
6334,Customer_6334,East,25-12-2018
6335,Customer_6335,East,10-05-2023
6336,Customer_6336,North,30-05-2020
6337,Customer_6337,West,04-08-2019
6338,Customer_6338,North,30-03-2021
6339,Customer_6339,South,20-12-2022
6340,Customer_6340,East,29-01-2023
6341,Customer_6341,North,20-09-2022
6342,Customer_6342,North,13-10-2022
6343,Customer_6343,North,06-02-2022
6344,Customer_6344,West,19-04-2020
6345,Customer_6345,North,07-06-2021
6346,Customer_6346,West,23-01-2018
6347,Customer_6347,West,28-04-2019
6348,Customer_6348,East,06-04-2019
6349,Customer_6349,West,01-05-2021
6350,Customer_6350,West,24-06-2018
6351,Customer_6351,East,16-03-2020
6352,Customer_6352,North,21-07-2019
6353,Customer_6353,South,20-03-2022
6354,Customer_6354,East,27-05-2021
6355,Customer_6355,South,19-09-2018
6356,Customer_6356,North,05-12-2019
6357,Customer_6357,West,06-05-2019
6358,Customer_6358,East,25-05-2022
6359,Customer_6359,West,12-06-2023
6360,Customer_6360,West,22-09-2021
6361,Customer_6361,East,21-03-2019
6362,Customer_6362,South,15-12-2020
6363,Customer_6363,South,30-07-2019
6364,Customer_6364,South,08-03-2022
6365,Customer_6365,South,06-02-2021
6366,Customer_6366,West,02-04-2022
6367,Customer_6367,West,19-10-2018
6368,Customer_6368,North,18-01-2023
6369,Customer_6369,West,10-07-2018
6370,Customer_6370,East,07-03-2019
6371,Customer_6371,West,24-07-2018
6372,Customer_6372,North,08-01-2023
6373,Customer_6373,North,27-01-2018
6374,Customer_6374,East,06-05-2021
6375,Customer_6375,South,03-08-2020
6376,Customer_6376,West,29-08-2021
6377,Customer_6377,North,31-08-2021
6378,Customer_6378,East,26-06-2022
6379,Customer_6379,North,08-04-2021
6380,Customer_6380,North,21-05-2021
6381,Customer_6381,South,04-03-2023
6382,Customer_6382,North,08-05-2019
6383,Customer_6383,South,17-11-2022
6384,Customer_6384,South,03-11-2020
6385,Customer_6385,North,26-03-2022
6386,Customer_6386,North,16-04-2020
6387,Customer_6387,South,12-04-2018
6388,Customer_6388,West,12-06-2019
6389,Customer_6389,West,23-04-2020
6390,Customer_6390,West,16-05-2023
6391,Customer_6391,South,12-04-2018
6392,Customer_6392,South,17-01-2023
6393,Customer_6393,North,30-04-2018
6394,Customer_6394,East,21-04-2023
6395,Customer_6395,East,03-03-2018
6396,Customer_6396,North,24-01-2022
6397,Customer_6397,North,15-07-2018
6398,Customer_6398,South,05-09-2020
6399,Customer_6399,West,10-08-2022
6400,Customer_6400,East,07-06-2022
6401,Customer_6401,East,19-08-2022
6402,Customer_6402,South,20-10-2021
6403,Customer_6403,South,29-03-2019
6404,Customer_6404,West,20-06-2018
6405,Customer_6405,West,01-10-2018
6406,Customer_6406,East,10-01-2021
6407,Customer_6407,West,13-04-2020
6408,Customer_6408,East,09-12-2022
6409,Customer_6409,North,11-11-2020
6410,Customer_6410,North,10-06-2018
6411,Customer_6411,South,14-04-2018
6412,Customer_6412,South,08-11-2020
6413,Customer_6413,North,26-09-2020
6414,Customer_6414,East,23-11-2019
6415,Customer_6415,East,11-09-2020
6416,Customer_6416,North,22-02-2019
6417,Customer_6417,East,05-05-2019
6418,Customer_6418,West,23-08-2019
6419,Customer_6419,North,01-07-2022
6420,Customer_6420,West,21-04-2021
6421,Customer_6421,South,18-09-2018
6422,Customer_6422,North,17-04-2020
6423,Customer_6423,East,20-08-2022
6424,Customer_6424,West,01-12-2020
6425,Customer_6425,West,17-11-2021
6426,Customer_6426,North,02-08-2021
6427,Customer_6427,South,05-02-2018
6428,Customer_6428,East,27-05-2020
6429,Customer_6429,South,23-08-2019
6430,Customer_6430,North,12-08-2021
6431,Customer_6431,East,13-04-2022
6432,Customer_6432,South,31-12-2022
6433,Customer_6433,East,20-02-2019
6434,Customer_6434,East,03-05-2020
6435,Customer_6435,West,30-04-2018
6436,Customer_6436,East,09-02-2021
6437,Customer_6437,West,31-08-2021
6438,Customer_6438,West,22-03-2020
6439,Customer_6439,South,01-08-2021
6440,Customer_6440,East,01-02-2022
6441,Customer_6441,West,17-08-2018
6442,Customer_6442,North,20-05-2020
6443,Customer_6443,East,06-04-2022
6444,Customer_6444,North,18-09-2021
6445,Customer_6445,South,12-04-2020
6446,Customer_6446,West,10-01-2022
6447,Customer_6447,East,04-09-2019
6448,Customer_6448,East,05-06-2019
6449,Customer_6449,East,13-09-2019
6450,Customer_6450,West,05-01-2018
6451,Customer_6451,North,28-06-2022
6452,Customer_6452,North,22-02-2019
6453,Customer_6453,East,07-09-2021
6454,Customer_6454,East,18-10-2022
6455,Customer_6455,East,09-05-2018
6456,Customer_6456,North,25-12-2021
6457,Customer_6457,North,23-03-2020
6458,Customer_6458,West,21-09-2021
6459,Customer_6459,West,01-07-2021
6460,Customer_6460,East,10-02-2023
6461,Customer_6461,West,25-11-2020
6462,Customer_6462,North,03-04-2021
6463,Customer_6463,South,24-12-2022
6464,Customer_6464,South,22-03-2018
6465,Customer_6465,North,18-08-2020
6466,Customer_6466,West,21-04-2022
6467,Customer_6467,North,13-10-2022
6468,Customer_6468,North,14-10-2022
6469,Customer_6469,East,13-02-2022
6470,Customer_6470,South,21-01-2018
6471,Customer_6471,West,09-02-2022
6472,Customer_6472,West,22-09-2020
6473,Customer_6473,West,07-03-2018
6474,Customer_6474,West,30-09-2018
6475,Customer_6475,South,19-11-2020
6476,Customer_6476,North,02-09-2018
6477,Customer_6477,West,21-05-2020
6478,Customer_6478,West,05-11-2019
6479,Customer_6479,West,17-01-2018
6480,Customer_6480,South,12-03-2023
6481,Customer_6481,East,19-10-2019
6482,Customer_6482,South,06-03-2019
6483,Customer_6483,West,27-02-2020
6484,Customer_6484,South,19-03-2022
6485,Customer_6485,West,13-09-2019
6486,Customer_6486,North,22-05-2019
6487,Customer_6487,West,01-03-2021
6488,Customer_6488,East,05-09-2018
6489,Customer_6489,South,09-02-2023
6490,Customer_6490,North,30-06-2018
6491,Customer_6491,South,22-02-2020
6492,Customer_6492,West,27-07-2019
6493,Customer_6493,South,16-12-2022
6494,Customer_6494,East,09-02-2023
6495,Customer_6495,East,02-04-2020
6496,Customer_6496,East,03-07-2019
6497,Customer_6497,West,01-03-2022
6498,Customer_6498,South,25-10-2019
6499,Customer_6499,South,04-03-2023
6500,Customer_6500,East,05-01-2019
6501,Customer_6501,West,30-06-2018
6502,Customer_6502,South,21-11-2018
6503,Customer_6503,North,14-06-2018
6504,Customer_6504,South,09-08-2018
6505,Customer_6505,West,14-06-2023
6506,Customer_6506,West,21-09-2018
6507,Customer_6507,South,11-01-2020
6508,Customer_6508,North,14-11-2021
6509,Customer_6509,North,24-06-2021
6510,Customer_6510,West,19-05-2022
6511,Customer_6511,East,01-10-2018
6512,Customer_6512,North,31-01-2022
6513,Customer_6513,East,21-04-2018
6514,Customer_6514,East,26-02-2022
6515,Customer_6515,West,05-01-2023
6516,Customer_6516,South,11-07-2021
6517,Customer_6517,East,07-08-2018
6518,Customer_6518,North,30-08-2022
6519,Customer_6519,West,10-09-2022
6520,Customer_6520,West,10-09-2020
6521,Customer_6521,South,11-01-2022
6522,Customer_6522,South,27-07-2018
6523,Customer_6523,South,16-05-2021
6524,Customer_6524,South,21-11-2022
6525,Customer_6525,South,16-02-2022
6526,Customer_6526,East,09-03-2021
6527,Customer_6527,East,16-02-2023
6528,Customer_6528,West,04-06-2018
6529,Customer_6529,North,22-09-2018
6530,Customer_6530,East,17-08-2020
6531,Customer_6531,East,12-02-2023
6532,Customer_6532,West,17-04-2021
6533,Customer_6533,North,02-10-2019
6534,Customer_6534,West,08-07-2022
6535,Customer_6535,North,06-03-2019
6536,Customer_6536,South,06-01-2019
6537,Customer_6537,North,09-05-2020
6538,Customer_6538,North,19-10-2021
6539,Customer_6539,South,03-05-2022
6540,Customer_6540,East,08-01-2019
6541,Customer_6541,North,24-12-2019
6542,Customer_6542,South,16-06-2023
6543,Customer_6543,North,04-05-2018
6544,Customer_6544,East,09-09-2021
6545,Customer_6545,East,07-02-2021
6546,Customer_6546,North,02-01-2022
6547,Customer_6547,North,17-08-2021
6548,Customer_6548,East,16-04-2018
6549,Customer_6549,West,25-05-2021
6550,Customer_6550,South,24-07-2018
6551,Customer_6551,North,24-05-2019
6552,Customer_6552,West,18-11-2021
6553,Customer_6553,West,16-04-2019
6554,Customer_6554,West,23-09-2022
6555,Customer_6555,North,15-12-2018
6556,Customer_6556,West,18-09-2020
6557,Customer_6557,South,07-07-2022
6558,Customer_6558,South,21-03-2019
6559,Customer_6559,North,27-06-2022
6560,Customer_6560,West,09-12-2018
6561,Customer_6561,South,08-06-2020
6562,Customer_6562,West,16-08-2022
6563,Customer_6563,West,28-06-2020
6564,Customer_6564,North,30-12-2022
6565,Customer_6565,North,13-11-2022
6566,Customer_6566,West,28-10-2022
6567,Customer_6567,West,31-12-2018
6568,Customer_6568,North,15-09-2022
6569,Customer_6569,West,22-03-2019
6570,Customer_6570,East,22-05-2023
6571,Customer_6571,South,14-12-2018
6572,Customer_6572,North,01-03-2022
6573,Customer_6573,North,06-08-2019
6574,Customer_6574,West,28-08-2018
6575,Customer_6575,South,08-05-2018
6576,Customer_6576,North,19-03-2023
6577,Customer_6577,South,28-05-2019
6578,Customer_6578,East,16-01-2022
6579,Customer_6579,North,07-08-2018
6580,Customer_6580,North,03-08-2018
6581,Customer_6581,West,14-12-2020
6582,Customer_6582,North,31-01-2018
6583,Customer_6583,West,28-01-2022
6584,Customer_6584,North,04-10-2020
6585,Customer_6585,North,18-02-2022
6586,Customer_6586,East,01-01-2018
6587,Customer_6587,East,04-02-2021
6588,Customer_6588,North,27-01-2023
6589,Customer_6589,West,22-04-2021
6590,Customer_6590,East,25-12-2021
6591,Customer_6591,North,03-07-2020
6592,Customer_6592,East,21-02-2021
6593,Customer_6593,South,30-11-2018
6594,Customer_6594,East,11-01-2018
6595,Customer_6595,North,26-04-2022
6596,Customer_6596,East,03-03-2021
6597,Customer_6597,West,04-10-2021
6598,Customer_6598,North,12-03-2023
6599,Customer_6599,South,28-02-2022
6600,Customer_6600,North,16-08-2019
6601,Customer_6601,North,09-02-2022
6602,Customer_6602,East,01-02-2023
6603,Customer_6603,East,20-05-2021
6604,Customer_6604,East,20-12-2019
6605,Customer_6605,West,05-10-2019
6606,Customer_6606,North,09-04-2018
6607,Customer_6607,North,15-04-2021
6608,Customer_6608,West,23-05-2019
6609,Customer_6609,North,04-06-2018
6610,Customer_6610,North,08-06-2018
6611,Customer_6611,East,04-04-2023
6612,Customer_6612,South,20-02-2022
6613,Customer_6613,West,24-04-2019
6614,Customer_6614,East,26-02-2019
6615,Customer_6615,South,31-12-2021
6616,Customer_6616,North,07-07-2020
6617,Customer_6617,South,19-08-2018
6618,Customer_6618,North,26-12-2022
6619,Customer_6619,South,12-07-2022
6620,Customer_6620,North,17-08-2018
6621,Customer_6621,West,29-03-2023
6622,Customer_6622,East,12-03-2021
6623,Customer_6623,North,24-07-2020
6624,Customer_6624,West,03-06-2022
6625,Customer_6625,West,21-01-2020
6626,Customer_6626,North,04-12-2018
6627,Customer_6627,West,24-01-2020
6628,Customer_6628,West,11-02-2022
6629,Customer_6629,West,29-12-2018
6630,Customer_6630,West,10-03-2023
6631,Customer_6631,East,14-05-2020
6632,Customer_6632,East,08-05-2023
6633,Customer_6633,South,04-06-2021
6634,Customer_6634,West,23-10-2020
6635,Customer_6635,South,10-02-2021
6636,Customer_6636,North,05-08-2022
6637,Customer_6637,North,06-03-2020
6638,Customer_6638,North,10-01-2023
6639,Customer_6639,West,16-12-2019
6640,Customer_6640,East,26-02-2020
6641,Customer_6641,North,11-02-2019
6642,Customer_6642,North,06-06-2023
6643,Customer_6643,West,22-05-2020
6644,Customer_6644,South,02-04-2021
6645,Customer_6645,West,22-02-2023
6646,Customer_6646,South,26-01-2021
6647,Customer_6647,North,22-06-2018
6648,Customer_6648,North,16-01-2021
6649,Customer_6649,East,28-08-2021
6650,Customer_6650,East,13-03-2018
6651,Customer_6651,East,29-06-2018
6652,Customer_6652,South,11-01-2018
6653,Customer_6653,North,26-08-2019
6654,Customer_6654,South,02-02-2018
6655,Customer_6655,North,25-08-2020
6656,Customer_6656,North,13-02-2022
6657,Customer_6657,West,01-03-2020
6658,Customer_6658,North,05-04-2023
6659,Customer_6659,South,03-09-2020
6660,Customer_6660,South,18-09-2019
6661,Customer_6661,South,28-10-2019
6662,Customer_6662,West,03-01-2022
6663,Customer_6663,East,07-06-2023
6664,Customer_6664,South,16-01-2022
6665,Customer_6665,South,15-12-2022
6666,Customer_6666,North,27-06-2020
6667,Customer_6667,North,15-02-2018
6668,Customer_6668,South,13-07-2018
6669,Customer_6669,South,29-09-2022
6670,Customer_6670,West,17-12-2021
6671,Customer_6671,East,11-01-2019
6672,Customer_6672,South,03-12-2020
6673,Customer_6673,West,10-07-2020
6674,Customer_6674,East,07-03-2018
6675,Customer_6675,West,12-02-2019
6676,Customer_6676,South,01-06-2020
6677,Customer_6677,South,31-12-2020
6678,Customer_6678,West,01-07-2022
6679,Customer_6679,North,17-01-2019
6680,Customer_6680,East,23-11-2021
6681,Customer_6681,South,03-11-2021
6682,Customer_6682,South,10-04-2018
6683,Customer_6683,North,23-12-2021
6684,Customer_6684,South,28-10-2022
6685,Customer_6685,West,27-01-2020
6686,Customer_6686,West,20-08-2021
6687,Customer_6687,East,08-05-2019
6688,Customer_6688,South,24-08-2018
6689,Customer_6689,South,29-08-2022
6690,Customer_6690,West,01-05-2021
6691,Customer_6691,South,10-05-2023
6692,Customer_6692,North,02-01-2021
6693,Customer_6693,South,19-03-2022
6694,Customer_6694,South,21-01-2018
6695,Customer_6695,North,10-12-2022
6696,Customer_6696,East,24-09-2022
6697,Customer_6697,North,01-02-2019
6698,Customer_6698,South,26-04-2023
6699,Customer_6699,West,10-12-2018
6700,Customer_6700,East,06-01-2020
6701,Customer_6701,West,19-07-2021
6702,Customer_6702,West,18-06-2021
6703,Customer_6703,West,31-05-2023
6704,Customer_6704,East,04-03-2023
6705,Customer_6705,West,18-11-2018
6706,Customer_6706,East,21-10-2018
6707,Customer_6707,West,04-06-2022
6708,Customer_6708,South,09-07-2022
6709,Customer_6709,East,12-01-2019
6710,Customer_6710,South,23-10-2019
6711,Customer_6711,South,22-05-2018
6712,Customer_6712,South,06-12-2022
6713,Customer_6713,South,24-09-2020
6714,Customer_6714,East,25-05-2020
6715,Customer_6715,North,03-07-2021
6716,Customer_6716,West,22-08-2021
6717,Customer_6717,East,17-12-2019
6718,Customer_6718,North,25-08-2021
6719,Customer_6719,South,27-03-2021
6720,Customer_6720,South,09-08-2022
6721,Customer_6721,East,04-05-2020
6722,Customer_6722,West,01-01-2018
6723,Customer_6723,North,24-09-2018
6724,Customer_6724,East,06-01-2018
6725,Customer_6725,East,22-08-2020
6726,Customer_6726,West,18-03-2022
6727,Customer_6727,South,12-08-2018
6728,Customer_6728,South,28-06-2018
6729,Customer_6729,West,15-10-2020
6730,Customer_6730,East,22-04-2022
6731,Customer_6731,South,07-05-2019
6732,Customer_6732,East,10-01-2018
6733,Customer_6733,East,09-06-2018
6734,Customer_6734,West,15-11-2019
6735,Customer_6735,East,27-05-2023
6736,Customer_6736,North,01-05-2023
6737,Customer_6737,East,06-08-2019
6738,Customer_6738,West,03-12-2022
6739,Customer_6739,South,21-01-2018
6740,Customer_6740,South,14-06-2022
6741,Customer_6741,West,09-04-2020
6742,Customer_6742,South,13-02-2023
6743,Customer_6743,West,13-07-2021
6744,Customer_6744,West,04-10-2021
6745,Customer_6745,South,30-07-2022
6746,Customer_6746,South,07-10-2020
6747,Customer_6747,East,06-03-2019
6748,Customer_6748,South,04-05-2018
6749,Customer_6749,South,05-06-2021
6750,Customer_6750,East,30-07-2020
6751,Customer_6751,West,22-01-2019
6752,Customer_6752,South,13-10-2020
6753,Customer_6753,East,17-01-2019
6754,Customer_6754,South,14-04-2018
6755,Customer_6755,West,16-01-2018
6756,Customer_6756,South,18-11-2019
6757,Customer_6757,South,17-11-2018
6758,Customer_6758,East,03-06-2019
6759,Customer_6759,South,21-02-2019
6760,Customer_6760,North,02-07-2021
6761,Customer_6761,North,30-03-2018
6762,Customer_6762,South,12-11-2018
6763,Customer_6763,South,13-06-2020
6764,Customer_6764,North,23-05-2018
6765,Customer_6765,North,13-11-2021
6766,Customer_6766,South,25-05-2019
6767,Customer_6767,East,04-03-2023
6768,Customer_6768,North,24-12-2022
6769,Customer_6769,North,22-09-2022
6770,Customer_6770,West,15-01-2021
6771,Customer_6771,South,27-12-2020
6772,Customer_6772,West,11-10-2021
6773,Customer_6773,North,21-08-2021
6774,Customer_6774,North,18-03-2022
6775,Customer_6775,West,26-04-2020
6776,Customer_6776,South,14-11-2021
6777,Customer_6777,West,20-11-2021
6778,Customer_6778,South,25-09-2019
6779,Customer_6779,East,31-05-2022
6780,Customer_6780,East,04-08-2019
6781,Customer_6781,South,23-02-2022
6782,Customer_6782,East,13-12-2021
6783,Customer_6783,South,16-05-2020
6784,Customer_6784,East,20-08-2022
6785,Customer_6785,South,15-02-2018
6786,Customer_6786,South,30-03-2020
6787,Customer_6787,South,25-01-2022
6788,Customer_6788,East,05-11-2020
6789,Customer_6789,North,22-07-2018
6790,Customer_6790,West,24-08-2020
6791,Customer_6791,East,26-02-2018
6792,Customer_6792,South,05-05-2021
6793,Customer_6793,East,22-11-2022
6794,Customer_6794,South,17-05-2019
6795,Customer_6795,East,11-12-2022
6796,Customer_6796,North,12-12-2021
6797,Customer_6797,North,23-12-2020
6798,Customer_6798,North,13-10-2019
6799,Customer_6799,South,29-11-2018
6800,Customer_6800,North,11-01-2019
6801,Customer_6801,East,20-07-2018
6802,Customer_6802,South,19-07-2020
6803,Customer_6803,West,04-12-2022
6804,Customer_6804,East,06-04-2021
6805,Customer_6805,East,19-05-2021
6806,Customer_6806,North,03-10-2020
6807,Customer_6807,North,12-02-2023
6808,Customer_6808,South,20-06-2023
6809,Customer_6809,West,25-02-2019
6810,Customer_6810,West,23-05-2020
6811,Customer_6811,North,29-01-2022
6812,Customer_6812,West,01-11-2019
6813,Customer_6813,South,11-08-2018
6814,Customer_6814,East,14-05-2020
6815,Customer_6815,West,25-02-2018
6816,Customer_6816,West,13-06-2020
6817,Customer_6817,North,25-09-2022
6818,Customer_6818,South,06-07-2022
6819,Customer_6819,West,16-05-2018
6820,Customer_6820,East,02-09-2022
6821,Customer_6821,East,25-12-2018
6822,Customer_6822,North,18-07-2018
6823,Customer_6823,North,19-08-2018
6824,Customer_6824,North,11-12-2022
6825,Customer_6825,West,09-02-2018
6826,Customer_6826,East,16-11-2020
6827,Customer_6827,South,26-09-2022
6828,Customer_6828,West,31-01-2020
6829,Customer_6829,North,24-04-2020
6830,Customer_6830,South,15-04-2018
6831,Customer_6831,West,01-01-2018
6832,Customer_6832,South,09-11-2019
6833,Customer_6833,North,04-05-2021
6834,Customer_6834,South,23-11-2021
6835,Customer_6835,South,06-04-2019
6836,Customer_6836,West,23-04-2018
6837,Customer_6837,South,01-01-2020
6838,Customer_6838,North,07-12-2020
6839,Customer_6839,East,07-07-2022
6840,Customer_6840,South,26-03-2018
6841,Customer_6841,West,20-09-2018
6842,Customer_6842,West,12-01-2019
6843,Customer_6843,South,28-02-2022
6844,Customer_6844,South,08-07-2018
6845,Customer_6845,South,16-02-2023
6846,Customer_6846,North,14-12-2021
6847,Customer_6847,East,14-11-2019
6848,Customer_6848,East,10-03-2018
6849,Customer_6849,South,23-09-2018
6850,Customer_6850,West,23-12-2021
6851,Customer_6851,North,11-04-2023
6852,Customer_6852,West,20-06-2022
6853,Customer_6853,North,07-02-2022
6854,Customer_6854,North,14-02-2022
6855,Customer_6855,East,28-07-2021
6856,Customer_6856,East,26-02-2022
6857,Customer_6857,South,03-11-2021
6858,Customer_6858,North,13-07-2022
6859,Customer_6859,South,27-08-2020
6860,Customer_6860,North,06-08-2020
6861,Customer_6861,West,04-07-2022
6862,Customer_6862,North,02-10-2019
6863,Customer_6863,West,22-07-2019
6864,Customer_6864,West,24-12-2021
6865,Customer_6865,West,11-02-2019
6866,Customer_6866,South,11-05-2022
6867,Customer_6867,East,28-08-2021
6868,Customer_6868,West,09-01-2022
6869,Customer_6869,West,11-02-2021
6870,Customer_6870,West,10-09-2018
6871,Customer_6871,North,20-07-2021
6872,Customer_6872,South,21-09-2018
6873,Customer_6873,West,09-05-2020
6874,Customer_6874,West,25-05-2019
6875,Customer_6875,South,17-11-2018
6876,Customer_6876,East,02-01-2022
6877,Customer_6877,East,11-02-2019
6878,Customer_6878,East,15-01-2022
6879,Customer_6879,East,27-04-2019
6880,Customer_6880,East,29-03-2023
6881,Customer_6881,South,03-01-2021
6882,Customer_6882,South,17-07-2021
6883,Customer_6883,South,14-02-2021
6884,Customer_6884,South,06-07-2020
6885,Customer_6885,East,28-01-2023
6886,Customer_6886,West,27-11-2021
6887,Customer_6887,East,13-10-2018
6888,Customer_6888,East,01-04-2020
6889,Customer_6889,South,22-06-2019
6890,Customer_6890,West,22-12-2022
6891,Customer_6891,North,05-08-2018
6892,Customer_6892,West,18-01-2020
6893,Customer_6893,South,24-03-2022
6894,Customer_6894,West,31-10-2021
6895,Customer_6895,East,05-03-2019
6896,Customer_6896,West,10-06-2023
6897,Customer_6897,North,28-08-2018
6898,Customer_6898,East,17-04-2019
6899,Customer_6899,West,01-04-2018
6900,Customer_6900,West,09-06-2023
6901,Customer_6901,South,23-09-2022
6902,Customer_6902,South,23-08-2018
6903,Customer_6903,East,24-06-2021
6904,Customer_6904,East,21-04-2022
6905,Customer_6905,East,25-01-2022
6906,Customer_6906,West,04-03-2019
6907,Customer_6907,South,09-02-2020
6908,Customer_6908,East,13-05-2018
6909,Customer_6909,East,09-05-2023
6910,Customer_6910,West,26-06-2020
6911,Customer_6911,East,15-08-2020
6912,Customer_6912,East,28-06-2018
6913,Customer_6913,South,18-01-2023
6914,Customer_6914,North,17-10-2020
6915,Customer_6915,East,09-07-2021
6916,Customer_6916,East,23-06-2021
6917,Customer_6917,North,24-11-2020
6918,Customer_6918,South,27-09-2022
6919,Customer_6919,North,11-12-2018
6920,Customer_6920,North,12-07-2022
6921,Customer_6921,East,30-04-2021
6922,Customer_6922,South,03-07-2022
6923,Customer_6923,North,26-01-2022
6924,Customer_6924,West,25-04-2023
6925,Customer_6925,South,26-05-2020
6926,Customer_6926,South,14-12-2021
6927,Customer_6927,East,03-07-2019
6928,Customer_6928,West,15-10-2019
6929,Customer_6929,South,23-01-2023
6930,Customer_6930,West,07-06-2021
6931,Customer_6931,West,06-08-2021
6932,Customer_6932,South,23-07-2022
6933,Customer_6933,West,15-03-2020
6934,Customer_6934,East,29-03-2022
6935,Customer_6935,South,17-12-2021
6936,Customer_6936,North,24-06-2019
6937,Customer_6937,East,08-07-2019
6938,Customer_6938,West,26-05-2021
6939,Customer_6939,West,20-06-2020
6940,Customer_6940,East,28-03-2022
6941,Customer_6941,North,31-03-2023
6942,Customer_6942,North,01-08-2022
6943,Customer_6943,North,24-10-2019
6944,Customer_6944,South,06-09-2019
6945,Customer_6945,North,06-10-2021
6946,Customer_6946,West,23-04-2023
6947,Customer_6947,North,28-02-2022
6948,Customer_6948,North,08-07-2019
6949,Customer_6949,West,07-08-2020
6950,Customer_6950,East,10-09-2019
6951,Customer_6951,West,22-11-2022
6952,Customer_6952,South,27-01-2020
6953,Customer_6953,North,30-07-2019
6954,Customer_6954,South,25-12-2018
6955,Customer_6955,North,10-07-2021
6956,Customer_6956,East,19-07-2020
6957,Customer_6957,North,27-11-2019
6958,Customer_6958,North,17-11-2022
6959,Customer_6959,West,23-03-2018
6960,Customer_6960,North,07-08-2019
6961,Customer_6961,West,17-04-2021
6962,Customer_6962,East,27-01-2019
6963,Customer_6963,South,14-07-2020
6964,Customer_6964,South,08-06-2023
6965,Customer_6965,West,25-06-2022
6966,Customer_6966,North,26-12-2018
6967,Customer_6967,South,23-03-2018
6968,Customer_6968,North,25-04-2022
6969,Customer_6969,East,04-12-2020
6970,Customer_6970,East,24-03-2022
6971,Customer_6971,West,25-02-2019
6972,Customer_6972,West,14-11-2020
6973,Customer_6973,South,02-06-2019
6974,Customer_6974,East,17-11-2022
6975,Customer_6975,South,06-07-2021
6976,Customer_6976,West,17-06-2022
6977,Customer_6977,East,06-07-2021
6978,Customer_6978,West,07-04-2021
6979,Customer_6979,North,08-08-2019
6980,Customer_6980,North,25-04-2023
6981,Customer_6981,North,24-09-2019
6982,Customer_6982,East,06-03-2018
6983,Customer_6983,South,13-12-2020
6984,Customer_6984,West,29-12-2019
6985,Customer_6985,East,03-12-2020
6986,Customer_6986,East,25-06-2022
6987,Customer_6987,South,03-10-2019
6988,Customer_6988,North,24-12-2022
6989,Customer_6989,East,01-04-2018
6990,Customer_6990,North,01-09-2018
6991,Customer_6991,West,31-03-2023
6992,Customer_6992,North,22-09-2018
6993,Customer_6993,East,25-01-2019
6994,Customer_6994,West,04-07-2022
6995,Customer_6995,West,17-02-2018
6996,Customer_6996,West,24-03-2022
6997,Customer_6997,West,21-04-2018
6998,Customer_6998,West,21-11-2022
6999,Customer_6999,East,18-03-2022
7000,Customer_7000,South,01-08-2019
7001,Customer_7001,North,16-04-2023
7002,Customer_7002,North,26-04-2021
7003,Customer_7003,North,25-08-2018
7004,Customer_7004,East,17-11-2019
7005,Customer_7005,South,28-06-2021
7006,Customer_7006,North,27-12-2018
7007,Customer_7007,West,19-03-2019
7008,Customer_7008,South,01-01-2018
7009,Customer_7009,West,23-03-2019
7010,Customer_7010,South,31-07-2018
7011,Customer_7011,West,07-11-2021
7012,Customer_7012,South,13-08-2020
7013,Customer_7013,West,15-10-2022
7014,Customer_7014,West,10-05-2021
7015,Customer_7015,South,07-06-2020
7016,Customer_7016,West,25-08-2020
7017,Customer_7017,West,03-08-2018
7018,Customer_7018,South,09-09-2020
7019,Customer_7019,South,08-11-2018
7020,Customer_7020,East,20-12-2020
7021,Customer_7021,West,05-06-2020
7022,Customer_7022,South,11-02-2023
7023,Customer_7023,West,10-10-2021
7024,Customer_7024,South,05-07-2019
7025,Customer_7025,West,20-05-2023
7026,Customer_7026,East,22-09-2022
7027,Customer_7027,South,13-04-2018
7028,Customer_7028,South,05-07-2021
7029,Customer_7029,East,14-07-2022
7030,Customer_7030,North,02-11-2021
7031,Customer_7031,West,29-12-2019
7032,Customer_7032,North,05-12-2018
7033,Customer_7033,West,14-03-2018
7034,Customer_7034,West,02-06-2018
7035,Customer_7035,North,24-04-2023
7036,Customer_7036,North,03-05-2020
7037,Customer_7037,East,21-07-2018
7038,Customer_7038,North,28-02-2018
7039,Customer_7039,North,05-06-2019
7040,Customer_7040,East,20-10-2019
7041,Customer_7041,North,01-09-2019
7042,Customer_7042,North,23-03-2018
7043,Customer_7043,East,02-02-2019
7044,Customer_7044,East,20-11-2019
7045,Customer_7045,South,27-01-2019
7046,Customer_7046,South,21-12-2021
7047,Customer_7047,East,13-10-2020
7048,Customer_7048,South,16-03-2022
7049,Customer_7049,South,26-12-2022
7050,Customer_7050,North,28-05-2020
7051,Customer_7051,East,14-08-2018
7052,Customer_7052,South,19-05-2021
7053,Customer_7053,North,04-02-2023
7054,Customer_7054,East,26-09-2022
7055,Customer_7055,North,21-08-2021
7056,Customer_7056,South,17-03-2023
7057,Customer_7057,East,11-03-2018
7058,Customer_7058,West,07-12-2022
7059,Customer_7059,West,16-04-2020
7060,Customer_7060,North,03-10-2022
7061,Customer_7061,East,28-04-2021
7062,Customer_7062,North,19-11-2018
7063,Customer_7063,East,22-12-2021
7064,Customer_7064,South,28-02-2022
7065,Customer_7065,West,20-03-2022
7066,Customer_7066,East,04-09-2019
7067,Customer_7067,North,01-04-2020
7068,Customer_7068,South,08-03-2021
7069,Customer_7069,North,27-11-2019
7070,Customer_7070,West,15-12-2020
7071,Customer_7071,South,01-03-2023
7072,Customer_7072,East,19-03-2021
7073,Customer_7073,North,10-04-2023
7074,Customer_7074,South,29-11-2019
7075,Customer_7075,West,24-04-2021
7076,Customer_7076,South,27-03-2023
7077,Customer_7077,South,14-09-2022
7078,Customer_7078,North,29-12-2019
7079,Customer_7079,East,31-03-2019
7080,Customer_7080,East,19-11-2022
7081,Customer_7081,North,11-06-2019
7082,Customer_7082,West,06-01-2022
7083,Customer_7083,East,05-06-2023
7084,Customer_7084,East,16-05-2018
7085,Customer_7085,North,21-06-2019
7086,Customer_7086,West,29-03-2021
7087,Customer_7087,South,14-08-2019
7088,Customer_7088,East,13-08-2021
7089,Customer_7089,North,26-08-2018
7090,Customer_7090,East,24-02-2021
7091,Customer_7091,North,22-02-2023
7092,Customer_7092,West,14-09-2022
7093,Customer_7093,East,27-11-2018
7094,Customer_7094,South,30-09-2018
7095,Customer_7095,West,09-01-2018
7096,Customer_7096,East,19-05-2019
7097,Customer_7097,South,08-10-2021
7098,Customer_7098,East,26-11-2018
7099,Customer_7099,South,11-03-2023
7100,Customer_7100,North,28-12-2022
7101,Customer_7101,South,01-12-2022
7102,Customer_7102,East,25-12-2021
7103,Customer_7103,North,25-08-2022
7104,Customer_7104,South,27-09-2022
7105,Customer_7105,South,08-06-2019
7106,Customer_7106,West,28-01-2021
7107,Customer_7107,East,18-01-2023
7108,Customer_7108,West,03-10-2021
7109,Customer_7109,North,09-12-2021
7110,Customer_7110,West,16-02-2018
7111,Customer_7111,South,29-09-2019
7112,Customer_7112,West,10-01-2020
7113,Customer_7113,East,13-05-2022
7114,Customer_7114,West,01-07-2018
7115,Customer_7115,West,27-08-2022
7116,Customer_7116,West,18-10-2021
7117,Customer_7117,North,20-11-2021
7118,Customer_7118,East,21-06-2021
7119,Customer_7119,East,01-01-2022
7120,Customer_7120,North,25-09-2018
7121,Customer_7121,South,27-02-2019
7122,Customer_7122,East,25-02-2022
7123,Customer_7123,East,11-02-2020
7124,Customer_7124,East,19-01-2020
7125,Customer_7125,North,18-01-2021
7126,Customer_7126,West,30-11-2018
7127,Customer_7127,South,26-02-2022
7128,Customer_7128,West,09-01-2019
7129,Customer_7129,North,24-06-2022
7130,Customer_7130,West,17-08-2019
7131,Customer_7131,East,10-03-2019
7132,Customer_7132,South,08-06-2022
7133,Customer_7133,East,30-03-2022
7134,Customer_7134,North,18-09-2018
7135,Customer_7135,North,13-02-2019
7136,Customer_7136,South,23-04-2020
7137,Customer_7137,East,16-09-2021
7138,Customer_7138,West,29-11-2021
7139,Customer_7139,South,08-07-2021
7140,Customer_7140,West,29-01-2019
7141,Customer_7141,North,16-04-2018
7142,Customer_7142,East,12-06-2019
7143,Customer_7143,North,22-11-2019
7144,Customer_7144,South,11-02-2023
7145,Customer_7145,West,25-02-2018
7146,Customer_7146,West,06-09-2018
7147,Customer_7147,North,21-02-2019
7148,Customer_7148,West,03-10-2018
7149,Customer_7149,West,31-03-2021
7150,Customer_7150,East,14-09-2022
7151,Customer_7151,South,25-06-2019
7152,Customer_7152,North,17-01-2021
7153,Customer_7153,West,24-03-2019
7154,Customer_7154,North,09-11-2019
7155,Customer_7155,West,06-03-2021
7156,Customer_7156,East,09-05-2021
7157,Customer_7157,North,07-03-2020
7158,Customer_7158,South,01-04-2023
7159,Customer_7159,East,12-07-2019
7160,Customer_7160,East,09-09-2018
7161,Customer_7161,East,22-12-2019
7162,Customer_7162,North,28-10-2022
7163,Customer_7163,North,07-12-2021
7164,Customer_7164,North,28-01-2021
7165,Customer_7165,East,24-11-2020
7166,Customer_7166,South,19-03-2023
7167,Customer_7167,North,21-11-2019
7168,Customer_7168,North,28-11-2022
7169,Customer_7169,South,22-12-2020
7170,Customer_7170,East,07-07-2018
7171,Customer_7171,North,19-04-2018
7172,Customer_7172,North,15-02-2018
7173,Customer_7173,West,27-02-2019
7174,Customer_7174,West,23-08-2019
7175,Customer_7175,North,27-02-2021
7176,Customer_7176,North,15-02-2020
7177,Customer_7177,East,03-03-2018
7178,Customer_7178,East,30-10-2021
7179,Customer_7179,South,12-04-2022
7180,Customer_7180,South,21-08-2018
7181,Customer_7181,West,02-09-2022
7182,Customer_7182,South,02-04-2020
7183,Customer_7183,West,22-09-2020
7184,Customer_7184,West,14-01-2020
7185,Customer_7185,South,22-02-2019
7186,Customer_7186,North,25-05-2020
7187,Customer_7187,East,02-01-2023
7188,Customer_7188,West,02-06-2018
7189,Customer_7189,East,14-04-2018
7190,Customer_7190,North,08-04-2022
7191,Customer_7191,North,20-03-2021
7192,Customer_7192,North,06-05-2018
7193,Customer_7193,West,31-08-2018
7194,Customer_7194,South,12-04-2022
7195,Customer_7195,South,10-04-2018
7196,Customer_7196,North,04-04-2019
7197,Customer_7197,South,26-06-2018
7198,Customer_7198,East,22-06-2022
7199,Customer_7199,South,10-02-2023
7200,Customer_7200,South,12-11-2020
7201,Customer_7201,East,12-09-2018
7202,Customer_7202,West,25-05-2023
7203,Customer_7203,North,25-03-2020
7204,Customer_7204,South,24-05-2018
7205,Customer_7205,South,25-10-2018
7206,Customer_7206,West,10-07-2020
7207,Customer_7207,South,04-03-2023
7208,Customer_7208,East,12-04-2019
7209,Customer_7209,South,27-11-2018
7210,Customer_7210,North,01-06-2021
7211,Customer_7211,South,31-10-2021
7212,Customer_7212,East,05-02-2021
7213,Customer_7213,East,03-01-2018
7214,Customer_7214,East,09-04-2019
7215,Customer_7215,South,27-12-2022
7216,Customer_7216,West,16-02-2018
7217,Customer_7217,North,29-06-2018
7218,Customer_7218,East,20-08-2018
7219,Customer_7219,East,06-11-2021
7220,Customer_7220,North,07-02-2022
7221,Customer_7221,North,15-06-2018
7222,Customer_7222,South,30-12-2020
7223,Customer_7223,East,13-02-2021
7224,Customer_7224,North,04-07-2021
7225,Customer_7225,South,11-01-2020
7226,Customer_7226,West,02-03-2018
7227,Customer_7227,North,14-12-2018
7228,Customer_7228,West,30-05-2018
7229,Customer_7229,South,10-09-2022
7230,Customer_7230,North,31-05-2020
7231,Customer_7231,West,06-07-2018
7232,Customer_7232,North,06-05-2023
7233,Customer_7233,North,19-05-2019
7234,Customer_7234,South,15-05-2020
7235,Customer_7235,South,10-04-2023
7236,Customer_7236,West,21-11-2021
7237,Customer_7237,West,25-07-2019
7238,Customer_7238,South,24-06-2020
7239,Customer_7239,West,08-08-2022
7240,Customer_7240,South,16-04-2018
7241,Customer_7241,South,10-07-2019
7242,Customer_7242,East,21-06-2018
7243,Customer_7243,South,06-10-2018
7244,Customer_7244,North,27-04-2020
7245,Customer_7245,East,12-05-2023
7246,Customer_7246,North,02-03-2020
7247,Customer_7247,East,01-05-2018
7248,Customer_7248,West,16-02-2020
7249,Customer_7249,East,12-07-2018
7250,Customer_7250,South,18-03-2022
7251,Customer_7251,North,15-09-2022
7252,Customer_7252,South,22-12-2022
7253,Customer_7253,West,08-11-2018
7254,Customer_7254,South,01-08-2021
7255,Customer_7255,West,08-08-2018
7256,Customer_7256,North,20-11-2019
7257,Customer_7257,East,02-08-2021
7258,Customer_7258,East,08-08-2020
7259,Customer_7259,West,02-02-2019
7260,Customer_7260,West,05-06-2020
7261,Customer_7261,East,19-05-2018
7262,Customer_7262,South,30-04-2021
7263,Customer_7263,South,29-10-2021
7264,Customer_7264,North,25-09-2020
7265,Customer_7265,North,04-06-2019
7266,Customer_7266,South,22-06-2019
7267,Customer_7267,North,16-04-2023
7268,Customer_7268,West,17-11-2019
7269,Customer_7269,South,02-02-2022
7270,Customer_7270,East,04-11-2022
7271,Customer_7271,South,03-05-2018
7272,Customer_7272,West,15-12-2021
7273,Customer_7273,West,08-06-2020
7274,Customer_7274,West,21-09-2021
7275,Customer_7275,South,18-01-2020
7276,Customer_7276,West,17-11-2018
7277,Customer_7277,North,06-02-2018
7278,Customer_7278,West,05-07-2022
7279,Customer_7279,West,17-01-2020
7280,Customer_7280,South,03-01-2023
7281,Customer_7281,North,13-02-2023
7282,Customer_7282,North,30-08-2020
7283,Customer_7283,East,20-01-2020
7284,Customer_7284,South,02-10-2018
7285,Customer_7285,East,30-05-2023
7286,Customer_7286,East,14-07-2021
7287,Customer_7287,South,04-01-2022
7288,Customer_7288,East,10-07-2018
7289,Customer_7289,South,21-12-2022
7290,Customer_7290,East,11-08-2020
7291,Customer_7291,South,09-10-2019
7292,Customer_7292,East,22-10-2021
7293,Customer_7293,South,03-06-2018
7294,Customer_7294,West,07-09-2018
7295,Customer_7295,North,19-06-2022
7296,Customer_7296,West,25-04-2023
7297,Customer_7297,North,07-02-2022
7298,Customer_7298,North,01-05-2023
7299,Customer_7299,East,16-10-2019
7300,Customer_7300,West,21-09-2021
7301,Customer_7301,North,30-11-2022
7302,Customer_7302,West,01-08-2019
7303,Customer_7303,South,07-10-2018
7304,Customer_7304,South,26-02-2019
7305,Customer_7305,South,11-05-2020
7306,Customer_7306,East,08-03-2021
7307,Customer_7307,South,24-04-2018
7308,Customer_7308,North,11-05-2018
7309,Customer_7309,North,19-12-2019
7310,Customer_7310,North,17-07-2019
7311,Customer_7311,East,01-04-2023
7312,Customer_7312,North,06-08-2021
7313,Customer_7313,East,25-09-2018
7314,Customer_7314,South,31-01-2022
7315,Customer_7315,North,27-01-2018
7316,Customer_7316,East,04-10-2022
7317,Customer_7317,East,14-08-2018
7318,Customer_7318,West,03-07-2018
7319,Customer_7319,North,25-11-2018
7320,Customer_7320,North,02-03-2021
7321,Customer_7321,South,24-06-2018
7322,Customer_7322,East,05-03-2019
7323,Customer_7323,West,21-06-2019
7324,Customer_7324,North,27-01-2023
7325,Customer_7325,North,11-08-2022
7326,Customer_7326,East,30-01-2021
7327,Customer_7327,South,26-06-2018
7328,Customer_7328,East,20-08-2018
7329,Customer_7329,North,30-10-2020
7330,Customer_7330,West,28-04-2021
7331,Customer_7331,South,12-07-2022
7332,Customer_7332,South,24-08-2022
7333,Customer_7333,East,19-03-2020
7334,Customer_7334,West,30-03-2018
7335,Customer_7335,West,17-05-2023
7336,Customer_7336,North,03-02-2019
7337,Customer_7337,West,13-12-2019
7338,Customer_7338,East,30-05-2021
7339,Customer_7339,South,27-05-2022
7340,Customer_7340,West,03-06-2022
7341,Customer_7341,North,07-06-2020
7342,Customer_7342,West,28-05-2019
7343,Customer_7343,West,12-09-2018
7344,Customer_7344,West,27-09-2022
7345,Customer_7345,East,30-05-2020
7346,Customer_7346,North,12-01-2020
7347,Customer_7347,East,26-01-2018
7348,Customer_7348,West,15-06-2018
7349,Customer_7349,South,06-10-2018
7350,Customer_7350,South,04-08-2020
7351,Customer_7351,South,04-03-2022
7352,Customer_7352,North,31-10-2022
7353,Customer_7353,South,31-05-2019
7354,Customer_7354,South,19-11-2018
7355,Customer_7355,South,04-06-2023
7356,Customer_7356,North,15-10-2021
7357,Customer_7357,East,06-04-2022
7358,Customer_7358,East,22-01-2020
7359,Customer_7359,North,19-02-2018
7360,Customer_7360,North,14-05-2021
7361,Customer_7361,North,28-04-2022
7362,Customer_7362,West,11-06-2018
7363,Customer_7363,South,20-01-2019
7364,Customer_7364,West,05-01-2020
7365,Customer_7365,East,10-07-2019
7366,Customer_7366,West,29-11-2020
7367,Customer_7367,South,13-05-2023
7368,Customer_7368,West,23-01-2019
7369,Customer_7369,North,14-07-2022
7370,Customer_7370,South,29-11-2020
7371,Customer_7371,East,22-01-2021
7372,Customer_7372,South,30-10-2020
7373,Customer_7373,West,22-07-2020
7374,Customer_7374,North,17-03-2022
7375,Customer_7375,North,21-03-2023
7376,Customer_7376,South,24-09-2022
7377,Customer_7377,South,14-01-2022
7378,Customer_7378,East,21-03-2022
7379,Customer_7379,East,21-04-2019
7380,Customer_7380,North,05-02-2018
7381,Customer_7381,West,04-11-2022
7382,Customer_7382,North,29-07-2020
7383,Customer_7383,West,13-06-2023
7384,Customer_7384,South,17-04-2023
7385,Customer_7385,East,06-10-2021
7386,Customer_7386,North,22-03-2022
7387,Customer_7387,North,08-12-2022
7388,Customer_7388,South,18-04-2018
7389,Customer_7389,East,04-12-2020
7390,Customer_7390,North,20-01-2022
7391,Customer_7391,West,20-11-2018
7392,Customer_7392,North,01-01-2023
7393,Customer_7393,East,11-04-2021
7394,Customer_7394,East,02-06-2022
7395,Customer_7395,West,18-08-2022
7396,Customer_7396,South,25-11-2020
7397,Customer_7397,North,27-09-2018
7398,Customer_7398,South,21-04-2022
7399,Customer_7399,North,10-05-2020
7400,Customer_7400,South,30-08-2020
7401,Customer_7401,West,05-05-2023
7402,Customer_7402,North,22-04-2020
7403,Customer_7403,South,30-01-2023
7404,Customer_7404,West,15-05-2023
7405,Customer_7405,East,05-10-2018
7406,Customer_7406,North,08-10-2022
7407,Customer_7407,South,12-02-2019
7408,Customer_7408,South,01-04-2018
7409,Customer_7409,East,01-05-2021
7410,Customer_7410,West,16-03-2023
7411,Customer_7411,South,15-07-2018
7412,Customer_7412,West,14-11-2022
7413,Customer_7413,South,23-08-2019
7414,Customer_7414,West,20-02-2023
7415,Customer_7415,North,19-01-2021
7416,Customer_7416,West,11-05-2022
7417,Customer_7417,South,15-08-2021
7418,Customer_7418,South,28-04-2021
7419,Customer_7419,West,18-07-2021
7420,Customer_7420,North,02-04-2020
7421,Customer_7421,East,24-02-2020
7422,Customer_7422,East,13-08-2018
7423,Customer_7423,South,31-12-2020
7424,Customer_7424,East,12-08-2020
7425,Customer_7425,East,01-05-2021
7426,Customer_7426,East,24-09-2021
7427,Customer_7427,South,02-08-2021
7428,Customer_7428,West,01-02-2019
7429,Customer_7429,South,13-11-2018
7430,Customer_7430,South,27-01-2022
7431,Customer_7431,East,11-07-2021
7432,Customer_7432,East,22-02-2019
7433,Customer_7433,South,02-05-2018
7434,Customer_7434,North,04-10-2022
7435,Customer_7435,South,02-08-2021
7436,Customer_7436,North,16-11-2020
7437,Customer_7437,West,28-11-2019
7438,Customer_7438,East,23-04-2019
7439,Customer_7439,North,10-11-2022
7440,Customer_7440,North,11-02-2022
7441,Customer_7441,East,14-08-2022
7442,Customer_7442,South,25-03-2020
7443,Customer_7443,East,08-02-2023
7444,Customer_7444,West,05-02-2019
7445,Customer_7445,West,16-02-2021
7446,Customer_7446,West,27-04-2020
7447,Customer_7447,South,24-07-2020
7448,Customer_7448,South,12-04-2019
7449,Customer_7449,West,04-11-2020
7450,Customer_7450,West,13-12-2018
7451,Customer_7451,East,14-02-2021
7452,Customer_7452,South,26-05-2020
7453,Customer_7453,West,27-05-2018
7454,Customer_7454,East,02-02-2021
7455,Customer_7455,East,19-09-2018
7456,Customer_7456,West,02-05-2021
7457,Customer_7457,North,01-06-2018
7458,Customer_7458,South,10-06-2018
7459,Customer_7459,North,21-11-2021
7460,Customer_7460,North,06-01-2021
7461,Customer_7461,North,24-02-2020
7462,Customer_7462,West,14-01-2022
7463,Customer_7463,East,05-12-2018
7464,Customer_7464,East,04-11-2021
7465,Customer_7465,West,02-01-2021
7466,Customer_7466,South,08-02-2021
7467,Customer_7467,North,12-11-2020
7468,Customer_7468,East,23-01-2019
7469,Customer_7469,South,28-03-2018
7470,Customer_7470,West,27-09-2019
7471,Customer_7471,East,28-05-2021
7472,Customer_7472,North,26-01-2021
7473,Customer_7473,East,05-09-2019
7474,Customer_7474,North,14-07-2019
7475,Customer_7475,North,14-04-2020
7476,Customer_7476,North,07-02-2019
7477,Customer_7477,West,23-11-2021
7478,Customer_7478,North,18-06-2020
7479,Customer_7479,North,12-10-2018
7480,Customer_7480,South,19-03-2023
7481,Customer_7481,South,04-06-2018
7482,Customer_7482,North,28-11-2022
7483,Customer_7483,South,06-04-2021
7484,Customer_7484,North,06-06-2019
7485,Customer_7485,East,27-03-2022
7486,Customer_7486,West,28-02-2022
7487,Customer_7487,West,28-02-2021
7488,Customer_7488,North,03-04-2021
7489,Customer_7489,East,21-08-2022
7490,Customer_7490,North,17-10-2018
7491,Customer_7491,South,14-09-2019
7492,Customer_7492,North,19-03-2022
7493,Customer_7493,North,04-01-2018
7494,Customer_7494,East,14-02-2019
7495,Customer_7495,West,28-11-2019
7496,Customer_7496,West,18-04-2021
7497,Customer_7497,East,09-05-2018
7498,Customer_7498,East,06-11-2019
7499,Customer_7499,West,11-08-2020
7500,Customer_7500,East,08-01-2021
7501,Customer_7501,East,30-04-2018
7502,Customer_7502,North,06-12-2021
7503,Customer_7503,South,19-05-2021
7504,Customer_7504,West,12-06-2018
7505,Customer_7505,East,22-05-2018
7506,Customer_7506,East,23-01-2018
7507,Customer_7507,West,25-07-2019
7508,Customer_7508,North,13-09-2019
7509,Customer_7509,West,30-05-2022
7510,Customer_7510,North,20-09-2019
7511,Customer_7511,South,18-05-2022
7512,Customer_7512,North,04-02-2021
7513,Customer_7513,East,21-07-2022
7514,Customer_7514,North,29-12-2018
7515,Customer_7515,West,12-10-2019
7516,Customer_7516,South,19-03-2018
7517,Customer_7517,West,16-09-2019
7518,Customer_7518,West,08-03-2021
7519,Customer_7519,North,26-09-2018
7520,Customer_7520,East,30-11-2020
7521,Customer_7521,East,20-08-2018
7522,Customer_7522,West,21-07-2022
7523,Customer_7523,North,04-02-2020
7524,Customer_7524,East,23-07-2022
7525,Customer_7525,East,07-10-2022
7526,Customer_7526,East,12-07-2022
7527,Customer_7527,North,23-11-2021
7528,Customer_7528,East,01-06-2021
7529,Customer_7529,East,17-04-2018
7530,Customer_7530,South,29-05-2022
7531,Customer_7531,East,06-11-2019
7532,Customer_7532,South,10-12-2022
7533,Customer_7533,South,09-07-2022
7534,Customer_7534,West,30-03-2021
7535,Customer_7535,South,21-02-2019
7536,Customer_7536,South,13-06-2019
7537,Customer_7537,North,18-10-2018
7538,Customer_7538,West,15-04-2018
7539,Customer_7539,South,18-03-2018
7540,Customer_7540,North,14-03-2020
7541,Customer_7541,East,28-01-2023
7542,Customer_7542,North,28-04-2023
7543,Customer_7543,West,08-09-2021
7544,Customer_7544,West,16-11-2019
7545,Customer_7545,West,21-11-2019
7546,Customer_7546,West,27-11-2020
7547,Customer_7547,South,09-11-2020
7548,Customer_7548,East,25-07-2018
7549,Customer_7549,North,15-11-2022
7550,Customer_7550,West,07-10-2020
7551,Customer_7551,South,09-11-2021
7552,Customer_7552,West,06-06-2022
7553,Customer_7553,South,01-08-2020
7554,Customer_7554,West,02-12-2019
7555,Customer_7555,West,07-06-2019
7556,Customer_7556,South,25-05-2020
7557,Customer_7557,South,06-05-2021
7558,Customer_7558,West,26-06-2020
7559,Customer_7559,West,28-03-2020
7560,Customer_7560,South,26-03-2019
7561,Customer_7561,West,14-03-2019
7562,Customer_7562,North,26-11-2021
7563,Customer_7563,West,04-07-2021
7564,Customer_7564,East,30-05-2020
7565,Customer_7565,East,31-03-2023
7566,Customer_7566,North,21-04-2021
7567,Customer_7567,East,16-05-2020
7568,Customer_7568,West,17-04-2023
7569,Customer_7569,West,20-06-2023
7570,Customer_7570,South,10-02-2021
7571,Customer_7571,West,09-05-2021
7572,Customer_7572,East,16-12-2021
7573,Customer_7573,West,22-11-2022
7574,Customer_7574,East,02-05-2018
7575,Customer_7575,West,08-06-2021
7576,Customer_7576,South,27-11-2021
7577,Customer_7577,East,06-05-2021
7578,Customer_7578,East,01-04-2020
7579,Customer_7579,North,14-01-2021
7580,Customer_7580,South,24-05-2021
7581,Customer_7581,East,19-03-2019
7582,Customer_7582,South,19-07-2019
7583,Customer_7583,East,19-08-2022
7584,Customer_7584,West,04-04-2023
7585,Customer_7585,West,13-01-2023
7586,Customer_7586,South,09-11-2022
7587,Customer_7587,North,22-01-2021
7588,Customer_7588,East,26-08-2021
7589,Customer_7589,South,09-06-2022
7590,Customer_7590,South,04-08-2019
7591,Customer_7591,West,02-09-2020
7592,Customer_7592,East,10-11-2019
7593,Customer_7593,East,23-02-2022
7594,Customer_7594,North,08-07-2022
7595,Customer_7595,North,14-02-2019
7596,Customer_7596,North,16-11-2022
7597,Customer_7597,East,26-12-2022
7598,Customer_7598,South,30-09-2018
7599,Customer_7599,North,20-02-2018
7600,Customer_7600,North,23-08-2021
7601,Customer_7601,East,16-04-2022
7602,Customer_7602,East,01-10-2018
7603,Customer_7603,North,01-04-2020
7604,Customer_7604,South,03-10-2019
7605,Customer_7605,North,24-11-2020
7606,Customer_7606,North,12-04-2019
7607,Customer_7607,North,28-10-2020
7608,Customer_7608,South,04-05-2023
7609,Customer_7609,South,15-08-2021
7610,Customer_7610,South,09-12-2020
7611,Customer_7611,East,29-07-2018
7612,Customer_7612,North,04-07-2021
7613,Customer_7613,West,15-08-2020
7614,Customer_7614,West,02-11-2021
7615,Customer_7615,North,27-03-2021
7616,Customer_7616,South,31-10-2021
7617,Customer_7617,South,22-12-2020
7618,Customer_7618,North,30-07-2019
7619,Customer_7619,North,24-10-2021
7620,Customer_7620,East,16-11-2020
7621,Customer_7621,North,26-06-2019
7622,Customer_7622,South,04-07-2019
7623,Customer_7623,West,22-10-2021
7624,Customer_7624,South,11-02-2022
7625,Customer_7625,East,28-05-2022
7626,Customer_7626,North,09-11-2021
7627,Customer_7627,South,26-12-2019
7628,Customer_7628,West,26-11-2020
7629,Customer_7629,South,08-12-2019
7630,Customer_7630,East,02-09-2018
7631,Customer_7631,North,19-11-2019
7632,Customer_7632,West,23-01-2018
7633,Customer_7633,South,12-05-2018
7634,Customer_7634,East,16-08-2018
7635,Customer_7635,East,20-10-2021
7636,Customer_7636,North,15-10-2019
7637,Customer_7637,West,22-07-2019
7638,Customer_7638,East,04-07-2019
7639,Customer_7639,East,23-02-2022
7640,Customer_7640,East,11-03-2018
7641,Customer_7641,North,14-11-2019
7642,Customer_7642,West,08-08-2022
7643,Customer_7643,South,30-05-2021
7644,Customer_7644,East,22-09-2019
7645,Customer_7645,North,21-10-2022
7646,Customer_7646,West,09-01-2019
7647,Customer_7647,North,23-04-2021
7648,Customer_7648,South,14-07-2022
7649,Customer_7649,South,27-12-2021
7650,Customer_7650,West,26-12-2018
7651,Customer_7651,West,31-03-2020
7652,Customer_7652,West,15-04-2023
7653,Customer_7653,West,17-01-2023
7654,Customer_7654,South,05-09-2019
7655,Customer_7655,West,24-12-2022
7656,Customer_7656,West,27-03-2021
7657,Customer_7657,West,14-05-2023
7658,Customer_7658,West,25-11-2018
7659,Customer_7659,East,04-06-2023
7660,Customer_7660,East,23-03-2023
7661,Customer_7661,South,01-01-2020
7662,Customer_7662,East,07-09-2020
7663,Customer_7663,West,22-06-2023
7664,Customer_7664,West,28-10-2018
7665,Customer_7665,West,02-11-2021
7666,Customer_7666,North,06-02-2022
7667,Customer_7667,North,08-08-2022
7668,Customer_7668,West,31-07-2020
7669,Customer_7669,South,04-06-2018
7670,Customer_7670,East,10-02-2020
7671,Customer_7671,West,24-10-2021
7672,Customer_7672,North,10-03-2023
7673,Customer_7673,West,24-02-2019
7674,Customer_7674,South,16-04-2020
7675,Customer_7675,West,30-03-2021
7676,Customer_7676,West,11-01-2020
7677,Customer_7677,West,07-01-2019
7678,Customer_7678,East,06-03-2018
7679,Customer_7679,North,24-02-2022
7680,Customer_7680,West,16-11-2019
7681,Customer_7681,South,16-05-2019
7682,Customer_7682,North,04-05-2019
7683,Customer_7683,East,05-10-2022
7684,Customer_7684,West,16-11-2020
7685,Customer_7685,South,20-06-2019
7686,Customer_7686,North,20-05-2021
7687,Customer_7687,East,17-04-2023
7688,Customer_7688,South,14-08-2022
7689,Customer_7689,West,30-10-2020
7690,Customer_7690,West,07-04-2023
7691,Customer_7691,South,04-04-2021
7692,Customer_7692,West,04-06-2022
7693,Customer_7693,North,06-12-2019
7694,Customer_7694,West,05-01-2020
7695,Customer_7695,East,27-06-2018
7696,Customer_7696,South,20-01-2023
7697,Customer_7697,South,13-05-2020
7698,Customer_7698,East,16-08-2018
7699,Customer_7699,North,15-04-2019
7700,Customer_7700,East,04-02-2018
7701,Customer_7701,East,20-12-2019
7702,Customer_7702,North,19-11-2019
7703,Customer_7703,South,29-07-2019
7704,Customer_7704,West,02-10-2019
7705,Customer_7705,North,17-07-2022
7706,Customer_7706,West,02-11-2018
7707,Customer_7707,South,01-01-2018
7708,Customer_7708,South,15-06-2023
7709,Customer_7709,South,21-10-2022
7710,Customer_7710,East,17-07-2019
7711,Customer_7711,West,15-11-2021
7712,Customer_7712,West,30-09-2018
7713,Customer_7713,West,19-08-2020
7714,Customer_7714,North,22-07-2019
7715,Customer_7715,North,16-05-2018
7716,Customer_7716,North,11-12-2020
7717,Customer_7717,East,25-09-2020
7718,Customer_7718,North,22-05-2021
7719,Customer_7719,South,07-05-2019
7720,Customer_7720,South,13-06-2020
7721,Customer_7721,East,03-06-2018
7722,Customer_7722,South,07-03-2019
7723,Customer_7723,North,23-07-2018
7724,Customer_7724,West,25-12-2022
7725,Customer_7725,East,10-08-2021
7726,Customer_7726,South,09-01-2018
7727,Customer_7727,South,06-08-2021
7728,Customer_7728,North,20-11-2022
7729,Customer_7729,South,03-05-2023
7730,Customer_7730,East,04-08-2018
7731,Customer_7731,South,16-05-2022
7732,Customer_7732,East,16-07-2020
7733,Customer_7733,South,05-06-2019
7734,Customer_7734,West,03-05-2022
7735,Customer_7735,West,17-04-2022
7736,Customer_7736,West,01-12-2018
7737,Customer_7737,East,01-10-2021
7738,Customer_7738,South,30-12-2021
7739,Customer_7739,West,05-04-2019
7740,Customer_7740,West,03-12-2022
7741,Customer_7741,East,03-04-2022
7742,Customer_7742,East,13-12-2020
7743,Customer_7743,South,12-10-2021
7744,Customer_7744,South,03-08-2018
7745,Customer_7745,West,10-06-2018
7746,Customer_7746,North,28-04-2023
7747,Customer_7747,North,01-04-2023
7748,Customer_7748,West,19-11-2018
7749,Customer_7749,South,29-10-2019
7750,Customer_7750,North,02-11-2018
7751,Customer_7751,North,01-04-2023
7752,Customer_7752,West,13-07-2020
7753,Customer_7753,East,20-01-2023
7754,Customer_7754,West,13-04-2021
7755,Customer_7755,West,18-12-2021
7756,Customer_7756,South,28-09-2020
7757,Customer_7757,North,24-06-2021
7758,Customer_7758,North,30-01-2020
7759,Customer_7759,North,01-01-2018
7760,Customer_7760,South,18-04-2021
7761,Customer_7761,East,09-01-2021
7762,Customer_7762,North,13-12-2019
7763,Customer_7763,South,13-05-2023
7764,Customer_7764,East,13-04-2019
7765,Customer_7765,West,16-12-2021
7766,Customer_7766,South,06-05-2023
7767,Customer_7767,South,17-11-2021
7768,Customer_7768,West,01-06-2018
7769,Customer_7769,North,01-05-2022
7770,Customer_7770,North,12-05-2022
7771,Customer_7771,North,27-09-2022
7772,Customer_7772,West,19-09-2018
7773,Customer_7773,West,04-03-2021
7774,Customer_7774,South,24-10-2022
7775,Customer_7775,North,03-09-2019
7776,Customer_7776,West,09-12-2020
7777,Customer_7777,West,04-01-2018
7778,Customer_7778,South,05-11-2019
7779,Customer_7779,South,04-03-2019
7780,Customer_7780,East,13-08-2021
7781,Customer_7781,South,07-11-2020
7782,Customer_7782,West,30-07-2018
7783,Customer_7783,South,09-08-2019
7784,Customer_7784,South,16-03-2018
7785,Customer_7785,East,06-07-2018
7786,Customer_7786,West,02-12-2018
7787,Customer_7787,South,13-11-2018
7788,Customer_7788,East,31-12-2019
7789,Customer_7789,South,03-03-2018
7790,Customer_7790,South,19-01-2021
7791,Customer_7791,South,18-07-2020
7792,Customer_7792,East,09-06-2021
7793,Customer_7793,East,09-09-2020
7794,Customer_7794,North,06-06-2019
7795,Customer_7795,South,28-12-2022
7796,Customer_7796,South,05-05-2020
7797,Customer_7797,East,29-08-2021
7798,Customer_7798,North,22-01-2020
7799,Customer_7799,West,05-10-2022
7800,Customer_7800,South,08-03-2022
7801,Customer_7801,South,16-01-2019
7802,Customer_7802,South,23-06-2021
7803,Customer_7803,South,23-02-2018
7804,Customer_7804,West,26-12-2021
7805,Customer_7805,North,12-07-2021
7806,Customer_7806,East,25-11-2021
7807,Customer_7807,West,25-10-2019
7808,Customer_7808,South,11-05-2022
7809,Customer_7809,North,19-07-2018
7810,Customer_7810,North,15-11-2019
7811,Customer_7811,West,20-03-2023
7812,Customer_7812,North,11-01-2023
7813,Customer_7813,South,19-11-2020
7814,Customer_7814,East,21-06-2019
7815,Customer_7815,East,18-04-2019
7816,Customer_7816,West,19-06-2023
7817,Customer_7817,West,29-05-2018
7818,Customer_7818,North,12-06-2021
7819,Customer_7819,East,21-08-2018
7820,Customer_7820,South,13-02-2020
7821,Customer_7821,North,26-01-2021
7822,Customer_7822,North,10-02-2021
7823,Customer_7823,South,09-05-2023
7824,Customer_7824,North,02-06-2020
7825,Customer_7825,East,10-05-2020
7826,Customer_7826,South,12-05-2018
7827,Customer_7827,East,26-06-2020
7828,Customer_7828,West,04-10-2018
7829,Customer_7829,East,28-11-2022
7830,Customer_7830,West,23-08-2021
7831,Customer_7831,North,02-02-2020
7832,Customer_7832,North,17-02-2023
7833,Customer_7833,East,31-05-2020
7834,Customer_7834,East,29-01-2018
7835,Customer_7835,West,05-06-2019
7836,Customer_7836,East,23-01-2019
7837,Customer_7837,West,11-02-2021
7838,Customer_7838,West,15-10-2018
7839,Customer_7839,North,25-03-2020
7840,Customer_7840,West,12-02-2020
7841,Customer_7841,South,08-10-2018
7842,Customer_7842,East,12-11-2022
7843,Customer_7843,West,04-11-2019
7844,Customer_7844,North,29-06-2019
7845,Customer_7845,West,24-05-2023
7846,Customer_7846,East,29-07-2021
7847,Customer_7847,East,18-12-2021
7848,Customer_7848,East,07-06-2020
7849,Customer_7849,East,30-07-2018
7850,Customer_7850,South,24-11-2022
7851,Customer_7851,North,27-12-2022
7852,Customer_7852,West,18-07-2022
7853,Customer_7853,South,16-05-2023
7854,Customer_7854,North,18-01-2023
7855,Customer_7855,North,06-05-2023
7856,Customer_7856,South,29-09-2021
7857,Customer_7857,North,17-04-2018
7858,Customer_7858,East,15-04-2021
7859,Customer_7859,East,21-02-2022
7860,Customer_7860,South,04-09-2018
7861,Customer_7861,East,13-03-2022
7862,Customer_7862,South,04-07-2019
7863,Customer_7863,West,20-07-2022
7864,Customer_7864,East,12-05-2023
7865,Customer_7865,East,18-02-2019
7866,Customer_7866,East,25-07-2019
7867,Customer_7867,South,02-09-2020
7868,Customer_7868,West,14-03-2020
7869,Customer_7869,South,06-09-2019
7870,Customer_7870,South,26-03-2023
7871,Customer_7871,South,14-05-2021
7872,Customer_7872,West,23-09-2022
7873,Customer_7873,West,16-08-2022
7874,Customer_7874,West,28-01-2018
7875,Customer_7875,West,13-11-2022
7876,Customer_7876,West,17-12-2021
7877,Customer_7877,North,29-07-2020
7878,Customer_7878,South,03-03-2020
7879,Customer_7879,West,27-02-2023
7880,Customer_7880,West,13-07-2019
7881,Customer_7881,South,01-01-2020
7882,Customer_7882,South,08-10-2020
7883,Customer_7883,East,01-12-2021
7884,Customer_7884,South,09-04-2022
7885,Customer_7885,East,24-03-2023
7886,Customer_7886,South,10-09-2021
7887,Customer_7887,South,06-04-2022
7888,Customer_7888,North,20-05-2019
7889,Customer_7889,West,18-06-2020
7890,Customer_7890,West,21-02-2018
7891,Customer_7891,East,23-06-2020
7892,Customer_7892,South,15-04-2023
7893,Customer_7893,North,06-08-2018
7894,Customer_7894,North,18-09-2020
7895,Customer_7895,South,27-09-2022
7896,Customer_7896,West,28-03-2021
7897,Customer_7897,North,21-03-2022
7898,Customer_7898,West,07-10-2019
7899,Customer_7899,East,05-09-2022
7900,Customer_7900,North,06-03-2021
7901,Customer_7901,West,19-09-2020
7902,Customer_7902,North,29-04-2021
7903,Customer_7903,West,30-01-2019
7904,Customer_7904,East,02-10-2020
7905,Customer_7905,South,19-01-2018
7906,Customer_7906,West,17-02-2019
7907,Customer_7907,North,06-03-2023
7908,Customer_7908,South,19-11-2018
7909,Customer_7909,East,20-08-2018
7910,Customer_7910,West,16-01-2021
7911,Customer_7911,South,25-01-2023
7912,Customer_7912,South,21-02-2020
7913,Customer_7913,West,02-12-2019
7914,Customer_7914,West,10-09-2021
7915,Customer_7915,South,18-05-2020
7916,Customer_7916,West,11-01-2023
7917,Customer_7917,South,25-05-2023
7918,Customer_7918,East,31-03-2020
7919,Customer_7919,North,19-12-2019
7920,Customer_7920,North,27-12-2022
7921,Customer_7921,North,01-09-2021
7922,Customer_7922,West,26-09-2018
7923,Customer_7923,East,03-05-2022
7924,Customer_7924,South,12-06-2022
7925,Customer_7925,East,26-05-2021
7926,Customer_7926,South,20-03-2021
7927,Customer_7927,East,23-11-2019
7928,Customer_7928,West,04-02-2020
7929,Customer_7929,East,13-05-2019
7930,Customer_7930,East,23-08-2018
7931,Customer_7931,West,08-06-2019
7932,Customer_7932,North,13-08-2021
7933,Customer_7933,West,14-11-2018
7934,Customer_7934,North,16-01-2022
7935,Customer_7935,West,24-08-2019
7936,Customer_7936,East,25-02-2019
7937,Customer_7937,South,14-07-2020
7938,Customer_7938,West,18-08-2022
7939,Customer_7939,West,09-08-2018
7940,Customer_7940,East,19-07-2022
7941,Customer_7941,West,08-09-2022
7942,Customer_7942,East,29-11-2021
7943,Customer_7943,East,05-03-2018
7944,Customer_7944,North,10-12-2020
7945,Customer_7945,South,31-08-2018
7946,Customer_7946,West,11-06-2019
7947,Customer_7947,South,25-02-2021
7948,Customer_7948,South,27-01-2021
7949,Customer_7949,West,10-07-2019
7950,Customer_7950,South,31-10-2022
7951,Customer_7951,South,22-09-2022
7952,Customer_7952,North,18-02-2019
7953,Customer_7953,West,13-11-2022
7954,Customer_7954,South,04-06-2022
7955,Customer_7955,West,20-07-2022
7956,Customer_7956,East,05-08-2020
7957,Customer_7957,North,25-06-2019
7958,Customer_7958,North,22-02-2023
7959,Customer_7959,West,04-12-2020
7960,Customer_7960,South,15-04-2018
7961,Customer_7961,South,02-08-2020
7962,Customer_7962,South,16-02-2019
7963,Customer_7963,South,19-11-2022
7964,Customer_7964,South,03-02-2020
7965,Customer_7965,West,16-11-2020
7966,Customer_7966,South,16-10-2018
7967,Customer_7967,North,29-06-2020
7968,Customer_7968,East,13-06-2022
7969,Customer_7969,East,23-03-2023
7970,Customer_7970,South,29-06-2019
7971,Customer_7971,West,01-03-2022
7972,Customer_7972,North,26-11-2022
7973,Customer_7973,East,26-08-2022
7974,Customer_7974,South,30-07-2020
7975,Customer_7975,East,28-03-2023
7976,Customer_7976,West,03-06-2022
7977,Customer_7977,South,22-05-2018
7978,Customer_7978,East,06-12-2021
7979,Customer_7979,South,19-03-2019
7980,Customer_7980,South,09-03-2022
7981,Customer_7981,West,22-09-2022
7982,Customer_7982,East,25-03-2019
7983,Customer_7983,North,03-08-2022
7984,Customer_7984,East,03-01-2021
7985,Customer_7985,North,20-07-2018
7986,Customer_7986,East,28-11-2019
7987,Customer_7987,South,13-12-2021
7988,Customer_7988,North,29-10-2022
7989,Customer_7989,West,23-12-2021
7990,Customer_7990,South,06-04-2020
7991,Customer_7991,East,01-11-2022
7992,Customer_7992,East,01-05-2023
7993,Customer_7993,East,17-01-2023
7994,Customer_7994,North,04-09-2019
7995,Customer_7995,West,01-02-2018
7996,Customer_7996,South,17-06-2023
7997,Customer_7997,North,12-08-2019
7998,Customer_7998,North,15-04-2020
7999,Customer_7999,North,10-12-2019
8000,Customer_8000,East,17-08-2021
8001,Customer_8001,East,09-02-2020
8002,Customer_8002,North,29-04-2018
8003,Customer_8003,East,13-10-2021
8004,Customer_8004,East,19-05-2023
8005,Customer_8005,South,18-01-2020
8006,Customer_8006,West,03-12-2022
8007,Customer_8007,West,22-03-2018
8008,Customer_8008,West,20-04-2018
8009,Customer_8009,East,15-12-2018
8010,Customer_8010,South,17-11-2019
8011,Customer_8011,North,25-08-2020
8012,Customer_8012,North,18-07-2021
8013,Customer_8013,West,16-11-2022
8014,Customer_8014,West,29-06-2018
8015,Customer_8015,North,14-09-2020
8016,Customer_8016,West,12-12-2019
8017,Customer_8017,West,24-02-2023
8018,Customer_8018,South,16-05-2018
8019,Customer_8019,East,16-08-2018
8020,Customer_8020,South,04-12-2022
8021,Customer_8021,East,11-12-2020
8022,Customer_8022,East,15-12-2022
8023,Customer_8023,South,15-10-2022
8024,Customer_8024,West,01-04-2020
8025,Customer_8025,South,10-12-2019
8026,Customer_8026,North,06-01-2020
8027,Customer_8027,West,07-09-2021
8028,Customer_8028,South,13-12-2020
8029,Customer_8029,North,19-07-2021
8030,Customer_8030,East,24-10-2018
8031,Customer_8031,North,17-04-2018
8032,Customer_8032,West,20-06-2023
8033,Customer_8033,West,23-10-2020
8034,Customer_8034,South,16-03-2023
8035,Customer_8035,North,04-06-2022
8036,Customer_8036,West,15-04-2020
8037,Customer_8037,West,26-09-2019
8038,Customer_8038,North,22-11-2018
8039,Customer_8039,South,25-09-2020
8040,Customer_8040,North,26-03-2018
8041,Customer_8041,North,21-09-2021
8042,Customer_8042,South,13-01-2023
8043,Customer_8043,West,04-05-2020
8044,Customer_8044,North,07-01-2020
8045,Customer_8045,West,23-02-2022
8046,Customer_8046,West,15-03-2019
8047,Customer_8047,North,31-07-2021
8048,Customer_8048,North,29-08-2020
8049,Customer_8049,East,08-10-2021
8050,Customer_8050,South,05-10-2022
8051,Customer_8051,East,27-09-2020
8052,Customer_8052,South,20-02-2022
8053,Customer_8053,West,02-01-2021
8054,Customer_8054,East,18-05-2020
8055,Customer_8055,West,03-04-2022
8056,Customer_8056,East,17-09-2019
8057,Customer_8057,North,21-11-2018
8058,Customer_8058,West,20-09-2019
8059,Customer_8059,North,18-01-2021
8060,Customer_8060,North,21-02-2018
8061,Customer_8061,North,11-07-2019
8062,Customer_8062,West,29-04-2021
8063,Customer_8063,South,28-02-2022
8064,Customer_8064,West,05-03-2021
8065,Customer_8065,South,16-02-2022
8066,Customer_8066,East,31-12-2020
8067,Customer_8067,North,12-02-2019
8068,Customer_8068,West,23-06-2022
8069,Customer_8069,East,25-08-2021
8070,Customer_8070,South,04-11-2022
8071,Customer_8071,North,21-08-2021
8072,Customer_8072,South,24-11-2020
8073,Customer_8073,West,07-10-2020
8074,Customer_8074,West,29-04-2019
8075,Customer_8075,West,05-12-2021
8076,Customer_8076,West,07-08-2020
8077,Customer_8077,West,30-11-2018
8078,Customer_8078,West,30-04-2018
8079,Customer_8079,West,24-10-2018
8080,Customer_8080,North,15-01-2020
8081,Customer_8081,West,20-03-2022
8082,Customer_8082,East,09-10-2019
8083,Customer_8083,North,12-11-2018
8084,Customer_8084,West,07-06-2023
8085,Customer_8085,North,07-02-2022
8086,Customer_8086,North,27-02-2019
8087,Customer_8087,South,05-07-2020
8088,Customer_8088,North,28-02-2022
8089,Customer_8089,South,26-12-2018
8090,Customer_8090,South,07-10-2022
8091,Customer_8091,North,07-05-2019
8092,Customer_8092,West,18-03-2018
8093,Customer_8093,East,30-10-2018
8094,Customer_8094,North,06-03-2019
8095,Customer_8095,South,11-04-2018
8096,Customer_8096,South,12-04-2019
8097,Customer_8097,East,03-05-2021
8098,Customer_8098,North,01-03-2023
8099,Customer_8099,North,12-08-2022
8100,Customer_8100,North,14-11-2021
8101,Customer_8101,North,15-05-2019
8102,Customer_8102,South,06-03-2021
8103,Customer_8103,West,27-09-2018
8104,Customer_8104,East,17-09-2019
8105,Customer_8105,West,17-03-2019
8106,Customer_8106,West,22-07-2020
8107,Customer_8107,East,11-06-2023
8108,Customer_8108,North,07-01-2020
8109,Customer_8109,South,25-11-2019
8110,Customer_8110,East,06-01-2019
8111,Customer_8111,West,27-03-2018
8112,Customer_8112,North,07-01-2021
8113,Customer_8113,North,10-02-2021
8114,Customer_8114,South,07-08-2021
8115,Customer_8115,West,12-10-2019
8116,Customer_8116,West,14-07-2019
8117,Customer_8117,South,06-01-2020
8118,Customer_8118,East,25-09-2019
8119,Customer_8119,West,07-11-2018
8120,Customer_8120,North,19-06-2020
8121,Customer_8121,North,07-05-2019
8122,Customer_8122,East,24-01-2019
8123,Customer_8123,West,22-09-2022
8124,Customer_8124,North,05-12-2018
8125,Customer_8125,East,21-07-2020
8126,Customer_8126,West,30-06-2019
8127,Customer_8127,North,03-07-2020
8128,Customer_8128,North,14-05-2023
8129,Customer_8129,East,25-06-2022
8130,Customer_8130,South,18-06-2023
8131,Customer_8131,South,05-05-2022
8132,Customer_8132,South,15-03-2023
8133,Customer_8133,North,12-02-2019
8134,Customer_8134,South,11-10-2021
8135,Customer_8135,East,03-05-2022
8136,Customer_8136,West,20-04-2020
8137,Customer_8137,North,15-01-2023
8138,Customer_8138,South,11-04-2019
8139,Customer_8139,West,16-03-2023
8140,Customer_8140,South,07-04-2019
8141,Customer_8141,North,22-07-2021
8142,Customer_8142,North,25-08-2021
8143,Customer_8143,North,13-03-2021
8144,Customer_8144,North,25-07-2022
8145,Customer_8145,East,09-12-2022
8146,Customer_8146,West,08-07-2018
8147,Customer_8147,South,29-12-2018
8148,Customer_8148,East,09-10-2018
8149,Customer_8149,South,02-12-2020
8150,Customer_8150,South,01-04-2020
8151,Customer_8151,West,20-06-2022
8152,Customer_8152,South,08-01-2019
8153,Customer_8153,West,15-12-2018
8154,Customer_8154,East,10-09-2022
8155,Customer_8155,East,18-05-2021
8156,Customer_8156,East,10-06-2023
8157,Customer_8157,East,20-07-2018
8158,Customer_8158,East,11-05-2020
8159,Customer_8159,East,13-10-2019
8160,Customer_8160,North,20-03-2021
8161,Customer_8161,South,27-06-2020
8162,Customer_8162,West,18-11-2018
8163,Customer_8163,North,18-02-2022
8164,Customer_8164,South,17-10-2021
8165,Customer_8165,West,16-01-2021
8166,Customer_8166,North,18-12-2020
8167,Customer_8167,South,14-11-2020
8168,Customer_8168,East,21-06-2019
8169,Customer_8169,West,19-06-2021
8170,Customer_8170,East,01-07-2021
8171,Customer_8171,West,04-04-2018
8172,Customer_8172,East,29-01-2023
8173,Customer_8173,East,19-05-2023
8174,Customer_8174,East,30-03-2022
8175,Customer_8175,East,13-05-2021
8176,Customer_8176,East,05-02-2021
8177,Customer_8177,West,31-12-2022
8178,Customer_8178,West,29-12-2022
8179,Customer_8179,North,11-08-2022
8180,Customer_8180,North,23-01-2021
8181,Customer_8181,South,17-07-2021
8182,Customer_8182,West,15-11-2019
8183,Customer_8183,North,07-04-2019
8184,Customer_8184,East,01-07-2019
8185,Customer_8185,South,05-12-2021
8186,Customer_8186,North,14-04-2023
8187,Customer_8187,South,13-11-2022
8188,Customer_8188,West,12-06-2018
8189,Customer_8189,North,29-01-2021
8190,Customer_8190,West,08-08-2019
8191,Customer_8191,East,13-04-2018
8192,Customer_8192,North,22-02-2022
8193,Customer_8193,West,01-12-2022
8194,Customer_8194,North,27-07-2020
8195,Customer_8195,West,24-11-2022
8196,Customer_8196,East,20-06-2020
8197,Customer_8197,East,11-02-2020
8198,Customer_8198,East,13-09-2021
8199,Customer_8199,South,14-08-2020
8200,Customer_8200,East,01-11-2020
8201,Customer_8201,West,07-04-2022
8202,Customer_8202,East,11-09-2021
8203,Customer_8203,South,08-01-2018
8204,Customer_8204,West,02-06-2023
8205,Customer_8205,South,29-01-2020
8206,Customer_8206,North,27-01-2021
8207,Customer_8207,South,23-11-2021
8208,Customer_8208,West,22-01-2021
8209,Customer_8209,North,11-05-2020
8210,Customer_8210,East,19-04-2023
8211,Customer_8211,South,04-11-2021
8212,Customer_8212,North,08-02-2021
8213,Customer_8213,West,23-04-2023
8214,Customer_8214,South,15-01-2019
8215,Customer_8215,South,05-05-2019
8216,Customer_8216,East,04-12-2021
8217,Customer_8217,South,02-01-2021
8218,Customer_8218,South,26-12-2021
8219,Customer_8219,North,05-10-2020
8220,Customer_8220,South,31-05-2018
8221,Customer_8221,North,08-01-2020
8222,Customer_8222,West,25-07-2018
8223,Customer_8223,West,26-06-2019
8224,Customer_8224,North,20-04-2018
8225,Customer_8225,West,25-01-2021
8226,Customer_8226,North,06-06-2021
8227,Customer_8227,South,04-12-2021
8228,Customer_8228,South,09-01-2023
8229,Customer_8229,West,02-05-2019
8230,Customer_8230,South,12-06-2020
8231,Customer_8231,South,15-07-2021
8232,Customer_8232,North,14-08-2022
8233,Customer_8233,North,10-10-2019
8234,Customer_8234,West,29-04-2021
8235,Customer_8235,East,21-01-2021
8236,Customer_8236,East,22-09-2019
8237,Customer_8237,West,12-09-2021
8238,Customer_8238,West,28-02-2019
8239,Customer_8239,West,14-07-2018
8240,Customer_8240,South,08-04-2023
8241,Customer_8241,West,20-09-2021
8242,Customer_8242,West,03-09-2022
8243,Customer_8243,West,09-03-2019
8244,Customer_8244,North,15-01-2022
8245,Customer_8245,North,28-09-2021
8246,Customer_8246,West,17-05-2018
8247,Customer_8247,South,31-08-2022
8248,Customer_8248,South,12-09-2020
8249,Customer_8249,East,02-06-2019
8250,Customer_8250,North,09-06-2019
8251,Customer_8251,North,09-03-2023
8252,Customer_8252,East,22-07-2022
8253,Customer_8253,South,14-11-2020
8254,Customer_8254,North,31-03-2023
8255,Customer_8255,South,25-02-2019
8256,Customer_8256,West,07-04-2020
8257,Customer_8257,South,20-04-2019
8258,Customer_8258,South,22-07-2020
8259,Customer_8259,South,02-01-2019
8260,Customer_8260,North,15-04-2018
8261,Customer_8261,South,27-12-2022
8262,Customer_8262,North,27-09-2022
8263,Customer_8263,East,26-04-2020
8264,Customer_8264,West,18-01-2022
8265,Customer_8265,West,10-02-2020
8266,Customer_8266,West,20-04-2022
8267,Customer_8267,North,16-01-2018
8268,Customer_8268,North,24-08-2021
8269,Customer_8269,North,18-01-2019
8270,Customer_8270,North,18-02-2023
8271,Customer_8271,South,22-01-2020
8272,Customer_8272,South,26-12-2019
8273,Customer_8273,West,25-04-2023
8274,Customer_8274,South,29-03-2019
8275,Customer_8275,North,01-04-2018
8276,Customer_8276,East,01-03-2019
8277,Customer_8277,East,03-05-2022
8278,Customer_8278,West,06-08-2020
8279,Customer_8279,South,19-05-2020
8280,Customer_8280,East,12-02-2020
8281,Customer_8281,West,11-11-2019
8282,Customer_8282,West,15-06-2023
8283,Customer_8283,South,15-06-2018
8284,Customer_8284,South,04-10-2022
8285,Customer_8285,West,28-10-2018
8286,Customer_8286,West,01-09-2021
8287,Customer_8287,South,11-03-2020
8288,Customer_8288,West,18-10-2020
8289,Customer_8289,North,26-04-2020
8290,Customer_8290,East,13-12-2018
8291,Customer_8291,South,04-07-2021
8292,Customer_8292,North,27-07-2020
8293,Customer_8293,East,03-08-2022
8294,Customer_8294,West,27-03-2022
8295,Customer_8295,West,26-11-2018
8296,Customer_8296,West,21-03-2018
8297,Customer_8297,West,03-04-2020
8298,Customer_8298,West,01-04-2020
8299,Customer_8299,West,18-12-2021
8300,Customer_8300,West,23-02-2020
8301,Customer_8301,North,13-03-2021
8302,Customer_8302,West,16-10-2019
8303,Customer_8303,East,12-09-2021
8304,Customer_8304,South,21-10-2018
8305,Customer_8305,South,05-02-2022
8306,Customer_8306,East,29-06-2020
8307,Customer_8307,North,25-05-2020
8308,Customer_8308,East,23-07-2022
8309,Customer_8309,South,02-08-2020
8310,Customer_8310,North,29-01-2018
8311,Customer_8311,West,09-05-2020
8312,Customer_8312,East,26-06-2021
8313,Customer_8313,South,15-03-2020
8314,Customer_8314,North,07-06-2019
8315,Customer_8315,East,04-04-2018
8316,Customer_8316,North,28-05-2021
8317,Customer_8317,West,18-08-2019
8318,Customer_8318,North,20-07-2021
8319,Customer_8319,South,24-07-2019
8320,Customer_8320,West,28-07-2018
8321,Customer_8321,South,04-07-2019
8322,Customer_8322,North,05-04-2018
8323,Customer_8323,East,28-05-2019
8324,Customer_8324,West,24-08-2019
8325,Customer_8325,South,17-01-2019
8326,Customer_8326,East,18-07-2022
8327,Customer_8327,South,02-09-2022
8328,Customer_8328,South,28-03-2022
8329,Customer_8329,North,12-01-2022
8330,Customer_8330,West,12-01-2023
8331,Customer_8331,South,29-05-2023
8332,Customer_8332,West,12-12-2019
8333,Customer_8333,East,26-07-2018
8334,Customer_8334,West,23-11-2020
8335,Customer_8335,South,29-11-2020
8336,Customer_8336,West,13-08-2018
8337,Customer_8337,South,12-04-2018
8338,Customer_8338,North,15-01-2018
8339,Customer_8339,South,15-05-2019
8340,Customer_8340,North,03-11-2018
8341,Customer_8341,East,05-07-2021
8342,Customer_8342,East,12-07-2018
8343,Customer_8343,West,04-02-2023
8344,Customer_8344,West,20-10-2019
8345,Customer_8345,North,01-01-2021
8346,Customer_8346,East,22-02-2019
8347,Customer_8347,North,18-03-2023
8348,Customer_8348,South,28-09-2022
8349,Customer_8349,South,30-08-2019
8350,Customer_8350,North,28-08-2018
8351,Customer_8351,East,21-11-2019
8352,Customer_8352,North,13-06-2020
8353,Customer_8353,East,04-08-2018
8354,Customer_8354,North,19-08-2021
8355,Customer_8355,East,24-09-2022
8356,Customer_8356,East,26-09-2019
8357,Customer_8357,East,05-09-2018
8358,Customer_8358,West,02-06-2021
8359,Customer_8359,East,07-04-2021
8360,Customer_8360,North,11-09-2018
8361,Customer_8361,North,13-02-2023
8362,Customer_8362,East,16-03-2022
8363,Customer_8363,North,30-06-2022
8364,Customer_8364,North,01-10-2018
8365,Customer_8365,North,18-02-2019
8366,Customer_8366,West,29-04-2021
8367,Customer_8367,South,02-10-2021
8368,Customer_8368,West,15-08-2018
8369,Customer_8369,North,25-04-2019
8370,Customer_8370,South,31-12-2018
8371,Customer_8371,West,08-12-2020
8372,Customer_8372,West,11-06-2019
8373,Customer_8373,West,22-09-2018
8374,Customer_8374,East,09-01-2021
8375,Customer_8375,East,19-09-2021
8376,Customer_8376,North,08-03-2020
8377,Customer_8377,South,31-03-2020
8378,Customer_8378,North,02-11-2022
8379,Customer_8379,East,18-11-2019
8380,Customer_8380,North,07-03-2020
8381,Customer_8381,South,07-12-2022
8382,Customer_8382,East,05-09-2022
8383,Customer_8383,East,19-09-2021
8384,Customer_8384,West,08-11-2019
8385,Customer_8385,East,28-12-2018
8386,Customer_8386,North,20-06-2019
8387,Customer_8387,South,12-03-2021
8388,Customer_8388,East,25-01-2019
8389,Customer_8389,West,16-12-2019
8390,Customer_8390,East,06-05-2022
8391,Customer_8391,North,03-04-2019
8392,Customer_8392,West,27-12-2019
8393,Customer_8393,West,30-04-2020
8394,Customer_8394,South,24-04-2020
8395,Customer_8395,West,11-02-2022
8396,Customer_8396,North,31-10-2018
8397,Customer_8397,North,22-01-2023
8398,Customer_8398,West,28-06-2021
8399,Customer_8399,West,30-06-2018
8400,Customer_8400,West,29-06-2020
8401,Customer_8401,West,23-05-2021
8402,Customer_8402,West,18-03-2019
8403,Customer_8403,East,21-01-2019
8404,Customer_8404,North,05-08-2018
8405,Customer_8405,South,20-04-2021
8406,Customer_8406,South,13-04-2019
8407,Customer_8407,North,19-03-2021
8408,Customer_8408,East,19-11-2021
8409,Customer_8409,South,10-02-2022
8410,Customer_8410,East,09-11-2021
8411,Customer_8411,East,22-09-2018
8412,Customer_8412,South,18-10-2019
8413,Customer_8413,South,22-01-2023
8414,Customer_8414,North,09-09-2020
8415,Customer_8415,West,04-06-2018
8416,Customer_8416,East,20-03-2021
8417,Customer_8417,South,05-05-2020
8418,Customer_8418,South,17-07-2019
8419,Customer_8419,South,24-05-2022
8420,Customer_8420,West,19-07-2022
8421,Customer_8421,East,15-10-2020
8422,Customer_8422,North,02-06-2021
8423,Customer_8423,West,12-12-2022
8424,Customer_8424,West,17-03-2023
8425,Customer_8425,South,11-07-2021
8426,Customer_8426,South,16-05-2019
8427,Customer_8427,North,13-01-2018
8428,Customer_8428,West,21-10-2018
8429,Customer_8429,North,02-06-2018
8430,Customer_8430,South,08-03-2022
8431,Customer_8431,West,23-04-2019
8432,Customer_8432,West,23-08-2022
8433,Customer_8433,West,06-01-2019
8434,Customer_8434,South,01-04-2020
8435,Customer_8435,West,22-04-2021
8436,Customer_8436,South,04-01-2022
8437,Customer_8437,South,27-03-2018
8438,Customer_8438,West,24-03-2018
8439,Customer_8439,South,25-01-2021
8440,Customer_8440,East,26-05-2022
8441,Customer_8441,West,10-01-2023
8442,Customer_8442,South,16-04-2018
8443,Customer_8443,East,18-09-2018
8444,Customer_8444,South,23-08-2022
8445,Customer_8445,East,03-01-2022
8446,Customer_8446,South,14-03-2021
8447,Customer_8447,North,18-03-2022
8448,Customer_8448,West,03-12-2022
8449,Customer_8449,North,20-02-2018
8450,Customer_8450,East,23-09-2021
8451,Customer_8451,West,03-03-2020
8452,Customer_8452,North,31-01-2019
8453,Customer_8453,North,03-03-2018
8454,Customer_8454,South,13-05-2022
8455,Customer_8455,North,28-02-2018
8456,Customer_8456,West,22-04-2020
8457,Customer_8457,North,29-10-2019
8458,Customer_8458,West,07-04-2022
8459,Customer_8459,East,18-04-2019
8460,Customer_8460,South,03-04-2018
8461,Customer_8461,South,21-04-2019
8462,Customer_8462,North,06-02-2023
8463,Customer_8463,East,03-04-2021
8464,Customer_8464,West,22-10-2019
8465,Customer_8465,East,13-06-2022
8466,Customer_8466,East,23-07-2019
8467,Customer_8467,East,29-08-2020
8468,Customer_8468,South,07-06-2022
8469,Customer_8469,East,01-12-2018
8470,Customer_8470,North,23-02-2023
8471,Customer_8471,East,19-10-2019
8472,Customer_8472,East,25-05-2023
8473,Customer_8473,South,29-01-2021
8474,Customer_8474,North,17-12-2022
8475,Customer_8475,West,02-02-2019
8476,Customer_8476,North,05-06-2020
8477,Customer_8477,South,12-03-2018
8478,Customer_8478,South,19-06-2023
8479,Customer_8479,South,11-09-2019
8480,Customer_8480,South,12-01-2022
8481,Customer_8481,North,24-02-2022
8482,Customer_8482,South,24-04-2018
8483,Customer_8483,West,14-09-2020
8484,Customer_8484,West,07-05-2022
8485,Customer_8485,North,06-09-2020
8486,Customer_8486,East,02-06-2023
8487,Customer_8487,North,15-11-2020
8488,Customer_8488,West,07-03-2022
8489,Customer_8489,South,30-04-2019
8490,Customer_8490,North,29-11-2021
8491,Customer_8491,North,09-02-2023
8492,Customer_8492,North,14-04-2020
8493,Customer_8493,South,10-12-2018
8494,Customer_8494,West,26-07-2022
8495,Customer_8495,East,10-10-2021
8496,Customer_8496,North,07-01-2018
8497,Customer_8497,West,18-05-2018
8498,Customer_8498,East,24-04-2020
8499,Customer_8499,South,21-06-2022
8500,Customer_8500,North,17-04-2023
8501,Customer_8501,North,05-04-2021
8502,Customer_8502,West,06-03-2020
8503,Customer_8503,East,29-07-2021
8504,Customer_8504,North,10-10-2022
8505,Customer_8505,South,27-12-2020
8506,Customer_8506,West,03-11-2021
8507,Customer_8507,West,08-06-2023
8508,Customer_8508,West,13-09-2018
8509,Customer_8509,South,26-05-2020
8510,Customer_8510,East,22-07-2018
8511,Customer_8511,East,28-05-2019
8512,Customer_8512,West,17-12-2020
8513,Customer_8513,South,06-03-2020
8514,Customer_8514,West,12-09-2018
8515,Customer_8515,West,16-02-2020
8516,Customer_8516,South,15-12-2022
8517,Customer_8517,West,07-09-2020
8518,Customer_8518,North,19-02-2023
8519,Customer_8519,West,23-02-2018
8520,Customer_8520,West,29-06-2022
8521,Customer_8521,West,23-08-2022
8522,Customer_8522,East,11-10-2019
8523,Customer_8523,North,05-06-2018
8524,Customer_8524,South,02-06-2022
8525,Customer_8525,South,23-12-2022
8526,Customer_8526,West,24-03-2019
8527,Customer_8527,West,18-09-2022
8528,Customer_8528,South,20-01-2022
8529,Customer_8529,South,05-08-2022
8530,Customer_8530,East,19-07-2021
8531,Customer_8531,East,05-05-2020
8532,Customer_8532,East,04-12-2019
8533,Customer_8533,North,03-07-2021
8534,Customer_8534,North,06-03-2018
8535,Customer_8535,North,02-03-2019
8536,Customer_8536,East,13-01-2023
8537,Customer_8537,West,25-03-2021
8538,Customer_8538,North,25-05-2021
8539,Customer_8539,South,18-07-2021
8540,Customer_8540,East,18-06-2022
8541,Customer_8541,West,05-06-2019
8542,Customer_8542,South,16-01-2022
8543,Customer_8543,West,15-10-2018
8544,Customer_8544,West,25-01-2019
8545,Customer_8545,East,27-10-2021
8546,Customer_8546,East,06-01-2022
8547,Customer_8547,West,09-02-2023
8548,Customer_8548,East,15-01-2023
8549,Customer_8549,North,08-12-2019
8550,Customer_8550,South,04-10-2021
8551,Customer_8551,South,27-11-2022
8552,Customer_8552,East,04-05-2023
8553,Customer_8553,South,28-11-2019
8554,Customer_8554,South,04-06-2018
8555,Customer_8555,East,24-05-2021
8556,Customer_8556,South,20-04-2021
8557,Customer_8557,South,06-06-2023
8558,Customer_8558,West,16-01-2019
8559,Customer_8559,East,05-06-2023
8560,Customer_8560,North,02-06-2023
8561,Customer_8561,North,12-04-2021
8562,Customer_8562,North,07-10-2021
8563,Customer_8563,South,15-12-2020
8564,Customer_8564,North,30-09-2021
8565,Customer_8565,South,16-01-2022
8566,Customer_8566,South,04-09-2018
8567,Customer_8567,West,20-05-2018
8568,Customer_8568,North,03-12-2018
8569,Customer_8569,South,20-04-2018
8570,Customer_8570,South,22-01-2020
8571,Customer_8571,North,14-03-2019
8572,Customer_8572,East,30-12-2021
8573,Customer_8573,North,12-12-2021
8574,Customer_8574,West,21-06-2021
8575,Customer_8575,West,17-11-2018
8576,Customer_8576,South,30-10-2019
8577,Customer_8577,North,10-07-2019
8578,Customer_8578,East,26-04-2018
8579,Customer_8579,North,06-04-2018
8580,Customer_8580,East,05-12-2019
8581,Customer_8581,West,14-08-2020
8582,Customer_8582,East,20-06-2018
8583,Customer_8583,East,30-05-2023
8584,Customer_8584,West,04-02-2021
8585,Customer_8585,South,27-01-2023
8586,Customer_8586,West,08-03-2019
8587,Customer_8587,North,06-07-2020
8588,Customer_8588,East,25-04-2021
8589,Customer_8589,East,26-04-2018
8590,Customer_8590,East,31-05-2019
8591,Customer_8591,East,25-09-2019
8592,Customer_8592,West,03-04-2021
8593,Customer_8593,West,14-11-2021
8594,Customer_8594,West,12-11-2020
8595,Customer_8595,West,14-03-2023
8596,Customer_8596,West,04-09-2022
8597,Customer_8597,East,09-03-2023
8598,Customer_8598,North,18-06-2023
8599,Customer_8599,South,06-07-2019
8600,Customer_8600,South,24-11-2020
8601,Customer_8601,West,06-06-2020
8602,Customer_8602,West,30-12-2018
8603,Customer_8603,East,06-09-2019
8604,Customer_8604,West,11-05-2023
8605,Customer_8605,North,06-10-2021
8606,Customer_8606,South,09-06-2018
8607,Customer_8607,West,03-03-2018
8608,Customer_8608,East,04-02-2018
8609,Customer_8609,West,24-04-2020
8610,Customer_8610,South,25-02-2023
8611,Customer_8611,North,12-10-2019
8612,Customer_8612,East,30-11-2018
8613,Customer_8613,South,01-04-2022
8614,Customer_8614,West,29-08-2020
8615,Customer_8615,North,17-09-2018
8616,Customer_8616,East,25-04-2022
8617,Customer_8617,West,11-09-2021
8618,Customer_8618,East,28-05-2021
8619,Customer_8619,East,08-07-2018
8620,Customer_8620,South,14-09-2021
8621,Customer_8621,East,04-10-2018
8622,Customer_8622,North,15-11-2019
8623,Customer_8623,North,22-10-2018
8624,Customer_8624,East,06-02-2023
8625,Customer_8625,East,09-07-2022
8626,Customer_8626,North,19-10-2022
8627,Customer_8627,West,26-02-2020
8628,Customer_8628,South,23-11-2019
8629,Customer_8629,East,18-02-2021
8630,Customer_8630,West,05-09-2020
8631,Customer_8631,North,10-03-2023
8632,Customer_8632,West,28-09-2022
8633,Customer_8633,North,15-03-2018
8634,Customer_8634,West,17-01-2020
8635,Customer_8635,North,15-06-2020
8636,Customer_8636,East,04-10-2020
8637,Customer_8637,North,28-08-2021
8638,Customer_8638,North,03-07-2018
8639,Customer_8639,South,09-02-2019
8640,Customer_8640,West,15-07-2020
8641,Customer_8641,East,08-06-2019
8642,Customer_8642,South,05-04-2018
8643,Customer_8643,North,17-11-2018
8644,Customer_8644,South,22-09-2019
8645,Customer_8645,West,23-10-2020
8646,Customer_8646,West,08-07-2019
8647,Customer_8647,South,03-09-2019
8648,Customer_8648,West,16-09-2018
8649,Customer_8649,West,28-02-2023
8650,Customer_8650,East,16-04-2022
8651,Customer_8651,East,08-02-2021
8652,Customer_8652,North,21-10-2020
8653,Customer_8653,South,03-10-2018
8654,Customer_8654,South,17-11-2020
8655,Customer_8655,North,11-11-2022
8656,Customer_8656,West,26-03-2023
8657,Customer_8657,North,02-05-2022
8658,Customer_8658,North,14-04-2019
8659,Customer_8659,South,01-04-2018
8660,Customer_8660,West,24-09-2019
8661,Customer_8661,South,21-02-2019
8662,Customer_8662,North,30-07-2020
8663,Customer_8663,East,19-08-2019
8664,Customer_8664,North,05-05-2023
8665,Customer_8665,East,26-01-2021
8666,Customer_8666,West,18-11-2021
8667,Customer_8667,East,05-11-2019
8668,Customer_8668,South,11-04-2022
8669,Customer_8669,North,24-12-2018
8670,Customer_8670,North,04-11-2018
8671,Customer_8671,West,26-07-2019
8672,Customer_8672,North,13-11-2021
8673,Customer_8673,South,08-06-2022
8674,Customer_8674,East,07-04-2021
8675,Customer_8675,North,10-09-2021
8676,Customer_8676,North,02-04-2023
8677,Customer_8677,East,22-07-2020
8678,Customer_8678,East,19-10-2021
8679,Customer_8679,West,08-01-2018
8680,Customer_8680,North,02-06-2022
8681,Customer_8681,East,08-05-2023
8682,Customer_8682,South,04-12-2021
8683,Customer_8683,East,16-10-2018
8684,Customer_8684,South,27-02-2018
8685,Customer_8685,West,12-11-2019
8686,Customer_8686,North,05-04-2021
8687,Customer_8687,West,25-04-2022
8688,Customer_8688,North,11-06-2019
8689,Customer_8689,North,14-06-2023
8690,Customer_8690,North,24-10-2021
8691,Customer_8691,East,09-02-2018
8692,Customer_8692,South,05-02-2023
8693,Customer_8693,North,04-12-2022
8694,Customer_8694,East,20-02-2021
8695,Customer_8695,South,01-12-2021
8696,Customer_8696,East,26-08-2022
8697,Customer_8697,East,02-08-2018
8698,Customer_8698,West,27-01-2019
8699,Customer_8699,South,01-10-2018
8700,Customer_8700,West,11-03-2023
8701,Customer_8701,East,30-10-2022
8702,Customer_8702,East,21-07-2022
8703,Customer_8703,North,04-12-2022
8704,Customer_8704,South,19-05-2020
8705,Customer_8705,North,15-02-2022
8706,Customer_8706,West,02-07-2019
8707,Customer_8707,East,24-01-2023
8708,Customer_8708,North,09-01-2019
8709,Customer_8709,South,10-09-2019
8710,Customer_8710,West,07-08-2019
8711,Customer_8711,East,06-12-2021
8712,Customer_8712,North,26-11-2021
8713,Customer_8713,North,02-03-2020
8714,Customer_8714,West,12-03-2022
8715,Customer_8715,East,21-06-2020
8716,Customer_8716,East,08-03-2020
8717,Customer_8717,West,01-12-2018
8718,Customer_8718,North,09-09-2022
8719,Customer_8719,East,21-03-2019
8720,Customer_8720,North,24-09-2018
8721,Customer_8721,North,19-03-2022
8722,Customer_8722,North,06-05-2023
8723,Customer_8723,North,30-12-2020
8724,Customer_8724,North,13-10-2020
8725,Customer_8725,East,18-12-2019
8726,Customer_8726,South,26-02-2023
8727,Customer_8727,West,18-01-2022
8728,Customer_8728,South,09-05-2021
8729,Customer_8729,West,27-06-2022
8730,Customer_8730,West,26-05-2023
8731,Customer_8731,East,22-08-2018
8732,Customer_8732,North,28-11-2018
8733,Customer_8733,East,03-11-2020
8734,Customer_8734,West,12-10-2021
8735,Customer_8735,West,30-12-2019
8736,Customer_8736,West,22-08-2021
8737,Customer_8737,East,21-04-2020
8738,Customer_8738,South,09-09-2019
8739,Customer_8739,South,06-01-2023
8740,Customer_8740,East,18-07-2021
8741,Customer_8741,West,24-10-2020
8742,Customer_8742,South,05-01-2023
8743,Customer_8743,West,20-05-2022
8744,Customer_8744,South,09-05-2020
8745,Customer_8745,East,23-02-2022
8746,Customer_8746,South,23-07-2019
8747,Customer_8747,West,23-05-2020
8748,Customer_8748,West,11-08-2022
8749,Customer_8749,East,07-05-2019
8750,Customer_8750,West,18-01-2021
8751,Customer_8751,East,19-03-2021
8752,Customer_8752,North,19-10-2018
8753,Customer_8753,West,08-03-2020
8754,Customer_8754,West,31-05-2020
8755,Customer_8755,South,04-07-2020
8756,Customer_8756,North,05-07-2021
8757,Customer_8757,West,11-07-2021
8758,Customer_8758,West,14-02-2022
8759,Customer_8759,West,31-07-2021
8760,Customer_8760,East,17-06-2023
8761,Customer_8761,North,27-02-2022
8762,Customer_8762,North,03-03-2022
8763,Customer_8763,South,22-09-2021
8764,Customer_8764,North,23-10-2018
8765,Customer_8765,North,03-10-2020
8766,Customer_8766,East,18-08-2018
8767,Customer_8767,North,23-03-2021
8768,Customer_8768,South,15-02-2018
8769,Customer_8769,South,07-10-2022
8770,Customer_8770,South,09-05-2019
8771,Customer_8771,North,10-07-2022
8772,Customer_8772,North,18-12-2019
8773,Customer_8773,West,06-02-2019
8774,Customer_8774,South,07-01-2021
8775,Customer_8775,North,15-07-2022
8776,Customer_8776,West,17-01-2018
8777,Customer_8777,East,22-09-2018
8778,Customer_8778,South,23-08-2021
8779,Customer_8779,South,24-01-2018
8780,Customer_8780,East,04-08-2022
8781,Customer_8781,South,05-08-2019
8782,Customer_8782,West,29-09-2022
8783,Customer_8783,North,26-09-2020
8784,Customer_8784,South,24-11-2022
8785,Customer_8785,East,15-09-2022
8786,Customer_8786,North,11-03-2018
8787,Customer_8787,East,24-11-2021
8788,Customer_8788,West,06-03-2018
8789,Customer_8789,West,30-10-2020
8790,Customer_8790,South,15-12-2022
8791,Customer_8791,North,16-03-2019
8792,Customer_8792,West,22-08-2018
8793,Customer_8793,East,27-04-2021
8794,Customer_8794,East,08-08-2022
8795,Customer_8795,West,28-07-2019
8796,Customer_8796,North,31-10-2022
8797,Customer_8797,North,28-12-2022
8798,Customer_8798,South,10-07-2019
8799,Customer_8799,East,22-05-2023
8800,Customer_8800,North,22-07-2022
8801,Customer_8801,East,25-07-2021
8802,Customer_8802,North,04-06-2023
8803,Customer_8803,North,13-04-2022
8804,Customer_8804,North,16-05-2022
8805,Customer_8805,West,17-04-2023
8806,Customer_8806,North,06-05-2019
8807,Customer_8807,East,16-07-2018
8808,Customer_8808,West,20-04-2021
8809,Customer_8809,East,17-06-2018
8810,Customer_8810,North,20-05-2020
8811,Customer_8811,East,02-03-2019
8812,Customer_8812,East,25-08-2019
8813,Customer_8813,South,01-11-2022
8814,Customer_8814,South,15-09-2021
8815,Customer_8815,North,10-07-2020
8816,Customer_8816,West,28-03-2021
8817,Customer_8817,West,13-03-2022
8818,Customer_8818,North,21-07-2021
8819,Customer_8819,East,20-04-2021
8820,Customer_8820,East,02-07-2020
8821,Customer_8821,East,09-05-2023
8822,Customer_8822,South,09-05-2022
8823,Customer_8823,North,21-06-2018
8824,Customer_8824,North,07-09-2022
8825,Customer_8825,South,02-11-2021
8826,Customer_8826,North,20-09-2019
8827,Customer_8827,North,27-01-2021
8828,Customer_8828,East,16-05-2021
8829,Customer_8829,South,07-11-2018
8830,Customer_8830,North,16-03-2018
8831,Customer_8831,East,25-03-2019
8832,Customer_8832,North,17-10-2018
8833,Customer_8833,South,26-04-2022
8834,Customer_8834,East,11-12-2019
8835,Customer_8835,West,26-05-2022
8836,Customer_8836,West,01-01-2023
8837,Customer_8837,North,18-05-2020
8838,Customer_8838,East,09-01-2020
8839,Customer_8839,East,05-02-2021
8840,Customer_8840,West,11-06-2019
8841,Customer_8841,East,20-04-2021
8842,Customer_8842,East,05-08-2021
8843,Customer_8843,West,05-09-2022
8844,Customer_8844,East,25-04-2018
8845,Customer_8845,North,02-06-2023
8846,Customer_8846,East,23-11-2020
8847,Customer_8847,South,08-07-2018
8848,Customer_8848,North,08-05-2022
8849,Customer_8849,North,14-04-2018
8850,Customer_8850,North,18-02-2022
8851,Customer_8851,East,24-05-2021
8852,Customer_8852,West,12-07-2018
8853,Customer_8853,North,19-08-2022
8854,Customer_8854,West,02-08-2020
8855,Customer_8855,North,11-10-2022
8856,Customer_8856,North,16-09-2018
8857,Customer_8857,South,21-09-2021
8858,Customer_8858,South,09-03-2020
8859,Customer_8859,North,14-01-2018
8860,Customer_8860,West,21-11-2022
8861,Customer_8861,East,09-09-2019
8862,Customer_8862,North,31-01-2018
8863,Customer_8863,East,07-12-2020
8864,Customer_8864,West,01-10-2020
8865,Customer_8865,West,18-10-2020
8866,Customer_8866,East,25-12-2019
8867,Customer_8867,North,11-02-2022
8868,Customer_8868,North,07-01-2019
8869,Customer_8869,West,28-01-2021
8870,Customer_8870,South,23-06-2020
8871,Customer_8871,East,08-10-2020
8872,Customer_8872,South,16-03-2023
8873,Customer_8873,South,30-09-2022
8874,Customer_8874,West,23-08-2020
8875,Customer_8875,West,25-04-2019
8876,Customer_8876,West,10-03-2019
8877,Customer_8877,East,03-04-2022
8878,Customer_8878,East,25-02-2018
8879,Customer_8879,West,29-12-2022
8880,Customer_8880,South,28-12-2020
8881,Customer_8881,North,09-10-2021
8882,Customer_8882,West,12-06-2023
8883,Customer_8883,North,15-12-2021
8884,Customer_8884,South,13-12-2018
8885,Customer_8885,North,20-11-2021
8886,Customer_8886,South,14-09-2018
8887,Customer_8887,East,19-09-2019
8888,Customer_8888,West,07-06-2018
8889,Customer_8889,South,26-04-2023
8890,Customer_8890,East,30-10-2019
8891,Customer_8891,East,30-09-2020
8892,Customer_8892,North,27-03-2022
8893,Customer_8893,South,30-05-2019
8894,Customer_8894,West,27-05-2022
8895,Customer_8895,South,26-05-2021
8896,Customer_8896,West,04-07-2018
8897,Customer_8897,South,08-01-2023
8898,Customer_8898,West,16-06-2021
8899,Customer_8899,West,20-10-2021
8900,Customer_8900,West,22-06-2022
8901,Customer_8901,West,18-05-2019
8902,Customer_8902,South,28-09-2022
8903,Customer_8903,North,02-06-2023
8904,Customer_8904,South,05-03-2020
8905,Customer_8905,North,29-06-2018
8906,Customer_8906,North,27-05-2018
8907,Customer_8907,East,13-06-2022
8908,Customer_8908,North,09-03-2021
8909,Customer_8909,East,12-11-2021
8910,Customer_8910,North,23-02-2023
8911,Customer_8911,South,12-07-2020
8912,Customer_8912,West,31-08-2022
8913,Customer_8913,East,23-09-2022
8914,Customer_8914,North,04-02-2018
8915,Customer_8915,North,13-05-2018
8916,Customer_8916,North,02-03-2022
8917,Customer_8917,North,12-03-2023
8918,Customer_8918,North,13-09-2020
8919,Customer_8919,East,18-02-2019
8920,Customer_8920,East,17-03-2022
8921,Customer_8921,North,22-03-2022
8922,Customer_8922,North,28-10-2019
8923,Customer_8923,North,22-11-2019
8924,Customer_8924,South,04-11-2019
8925,Customer_8925,West,24-09-2018
8926,Customer_8926,West,17-06-2018
8927,Customer_8927,West,12-01-2021
8928,Customer_8928,West,28-11-2022
8929,Customer_8929,North,24-12-2018
8930,Customer_8930,North,04-01-2023
8931,Customer_8931,North,16-08-2019
8932,Customer_8932,West,24-10-2021
8933,Customer_8933,East,11-06-2018
8934,Customer_8934,South,30-10-2019
8935,Customer_8935,East,09-07-2020
8936,Customer_8936,West,15-12-2019
8937,Customer_8937,East,24-11-2019
8938,Customer_8938,West,14-06-2018
8939,Customer_8939,East,09-06-2022
8940,Customer_8940,North,10-09-2022
8941,Customer_8941,East,01-11-2018
8942,Customer_8942,South,09-10-2020
8943,Customer_8943,South,27-11-2020
8944,Customer_8944,South,31-10-2021
8945,Customer_8945,East,07-04-2019
8946,Customer_8946,South,04-11-2021
8947,Customer_8947,North,15-12-2021
8948,Customer_8948,East,25-03-2018
8949,Customer_8949,West,17-01-2019
8950,Customer_8950,East,27-09-2020
8951,Customer_8951,South,03-05-2018
8952,Customer_8952,East,05-09-2021
8953,Customer_8953,South,12-05-2023
8954,Customer_8954,East,10-02-2021
8955,Customer_8955,North,11-08-2020
8956,Customer_8956,South,10-07-2021
8957,Customer_8957,North,15-04-2020
8958,Customer_8958,South,17-05-2018
8959,Customer_8959,West,18-10-2021
8960,Customer_8960,East,09-07-2021
8961,Customer_8961,West,22-07-2022
8962,Customer_8962,West,08-02-2019
8963,Customer_8963,North,02-10-2019
8964,Customer_8964,East,22-08-2020
8965,Customer_8965,South,19-10-2018
8966,Customer_8966,North,25-12-2019
8967,Customer_8967,North,24-03-2020
8968,Customer_8968,North,09-11-2019
8969,Customer_8969,North,15-01-2019
8970,Customer_8970,North,14-05-2023
8971,Customer_8971,East,01-05-2022
8972,Customer_8972,North,23-05-2020
8973,Customer_8973,North,20-07-2019
8974,Customer_8974,South,23-04-2022
8975,Customer_8975,North,19-05-2019
8976,Customer_8976,West,19-11-2021
8977,Customer_8977,North,31-08-2018
8978,Customer_8978,West,18-11-2022
8979,Customer_8979,North,30-03-2022
8980,Customer_8980,North,01-06-2022
8981,Customer_8981,East,28-11-2021
8982,Customer_8982,East,26-07-2022
8983,Customer_8983,South,11-09-2018
8984,Customer_8984,East,18-02-2018
8985,Customer_8985,West,14-05-2018
8986,Customer_8986,East,11-01-2021
8987,Customer_8987,West,02-03-2019
8988,Customer_8988,East,06-02-2022
8989,Customer_8989,East,04-04-2023
8990,Customer_8990,South,26-09-2021
8991,Customer_8991,West,25-06-2019
8992,Customer_8992,West,23-03-2019
8993,Customer_8993,West,04-06-2020
8994,Customer_8994,West,20-12-2021
8995,Customer_8995,South,28-11-2020
8996,Customer_8996,North,04-05-2018
8997,Customer_8997,East,18-06-2021
8998,Customer_8998,West,25-09-2019
8999,Customer_8999,North,10-05-2020
9000,Customer_9000,South,24-01-2023
9001,Customer_9001,East,03-08-2019
9002,Customer_9002,West,04-05-2023
9003,Customer_9003,South,28-03-2021
9004,Customer_9004,South,10-07-2019
9005,Customer_9005,North,29-08-2022
9006,Customer_9006,West,25-12-2022
9007,Customer_9007,South,28-02-2020
9008,Customer_9008,South,23-03-2019
9009,Customer_9009,East,25-11-2020
9010,Customer_9010,East,05-07-2019
9011,Customer_9011,West,12-04-2022
9012,Customer_9012,East,12-12-2021
9013,Customer_9013,North,14-11-2019
9014,Customer_9014,West,10-01-2020
9015,Customer_9015,South,06-03-2020
9016,Customer_9016,North,08-12-2019
9017,Customer_9017,North,15-10-2021
9018,Customer_9018,North,04-10-2020
9019,Customer_9019,East,05-05-2021
9020,Customer_9020,East,03-07-2020
9021,Customer_9021,West,12-11-2020
9022,Customer_9022,South,19-09-2020
9023,Customer_9023,South,15-06-2022
9024,Customer_9024,South,08-10-2022
9025,Customer_9025,North,09-06-2019
9026,Customer_9026,South,13-12-2020
9027,Customer_9027,East,24-06-2022
9028,Customer_9028,North,16-11-2018
9029,Customer_9029,South,07-05-2023
9030,Customer_9030,South,06-02-2020
9031,Customer_9031,West,24-06-2018
9032,Customer_9032,North,03-04-2020
9033,Customer_9033,East,13-04-2018
9034,Customer_9034,West,18-01-2018
9035,Customer_9035,East,25-10-2019
9036,Customer_9036,West,02-05-2019
9037,Customer_9037,North,28-12-2022
9038,Customer_9038,North,28-08-2019
9039,Customer_9039,South,07-09-2018
9040,Customer_9040,North,19-12-2022
9041,Customer_9041,South,11-03-2019
9042,Customer_9042,East,05-03-2019
9043,Customer_9043,West,28-06-2022
9044,Customer_9044,West,10-07-2019
9045,Customer_9045,North,31-10-2020
9046,Customer_9046,South,12-05-2019
9047,Customer_9047,South,07-01-2018
9048,Customer_9048,South,07-01-2018
9049,Customer_9049,East,04-02-2023
9050,Customer_9050,West,08-06-2020
9051,Customer_9051,South,22-04-2020
9052,Customer_9052,North,04-08-2022
9053,Customer_9053,North,04-05-2019
9054,Customer_9054,North,12-09-2021
9055,Customer_9055,North,12-02-2023
9056,Customer_9056,West,26-08-2018
9057,Customer_9057,East,22-11-2021
9058,Customer_9058,East,11-01-2020
9059,Customer_9059,South,30-08-2022
9060,Customer_9060,West,06-04-2021
9061,Customer_9061,North,23-02-2019
9062,Customer_9062,North,29-01-2023
9063,Customer_9063,North,14-05-2023
9064,Customer_9064,East,25-05-2022
9065,Customer_9065,West,16-03-2022
9066,Customer_9066,North,03-06-2021
9067,Customer_9067,South,05-02-2021
9068,Customer_9068,West,01-05-2023
9069,Customer_9069,East,06-01-2022
9070,Customer_9070,West,09-01-2023
9071,Customer_9071,West,28-03-2022
9072,Customer_9072,East,17-08-2020
9073,Customer_9073,East,16-03-2018
9074,Customer_9074,West,01-10-2019
9075,Customer_9075,North,02-07-2020
9076,Customer_9076,West,12-06-2021
9077,Customer_9077,South,23-10-2022
9078,Customer_9078,East,07-07-2019
9079,Customer_9079,South,01-06-2019
9080,Customer_9080,East,18-05-2023
9081,Customer_9081,East,11-04-2022
9082,Customer_9082,West,22-01-2023
9083,Customer_9083,West,21-09-2021
9084,Customer_9084,North,25-01-2022
9085,Customer_9085,North,11-01-2018
9086,Customer_9086,North,20-06-2023
9087,Customer_9087,North,07-10-2022
9088,Customer_9088,East,21-04-2018
9089,Customer_9089,East,13-01-2021
9090,Customer_9090,South,31-05-2019
9091,Customer_9091,North,11-08-2019
9092,Customer_9092,West,04-08-2021
9093,Customer_9093,North,23-06-2021
9094,Customer_9094,East,02-03-2019
9095,Customer_9095,East,25-06-2020
9096,Customer_9096,East,06-03-2018
9097,Customer_9097,South,13-03-2021
9098,Customer_9098,North,09-11-2018
9099,Customer_9099,North,21-08-2018
9100,Customer_9100,North,14-10-2020
9101,Customer_9101,South,07-10-2020
9102,Customer_9102,South,29-03-2019
9103,Customer_9103,North,21-09-2022
9104,Customer_9104,North,24-04-2019
9105,Customer_9105,West,13-09-2018
9106,Customer_9106,North,01-03-2018
9107,Customer_9107,South,17-02-2021
9108,Customer_9108,North,21-11-2021
9109,Customer_9109,East,01-08-2020
9110,Customer_9110,North,06-05-2021
9111,Customer_9111,East,23-08-2022
9112,Customer_9112,South,03-05-2019
9113,Customer_9113,East,22-06-2022
9114,Customer_9114,North,11-10-2019
9115,Customer_9115,North,26-01-2023
9116,Customer_9116,South,02-07-2019
9117,Customer_9117,North,20-02-2023
9118,Customer_9118,South,22-07-2021
9119,Customer_9119,East,22-10-2021
9120,Customer_9120,South,17-10-2019
9121,Customer_9121,South,05-11-2019
9122,Customer_9122,East,14-01-2023
9123,Customer_9123,East,17-06-2019
9124,Customer_9124,West,09-09-2021
9125,Customer_9125,East,18-07-2021
9126,Customer_9126,North,28-12-2021
9127,Customer_9127,North,24-02-2019
9128,Customer_9128,South,18-05-2018
9129,Customer_9129,East,20-05-2021
9130,Customer_9130,East,02-05-2018
9131,Customer_9131,North,09-02-2021
9132,Customer_9132,South,03-03-2021
9133,Customer_9133,North,13-05-2022
9134,Customer_9134,South,05-03-2022
9135,Customer_9135,North,07-04-2018
9136,Customer_9136,East,06-08-2022
9137,Customer_9137,South,03-12-2018
9138,Customer_9138,South,21-06-2022
9139,Customer_9139,West,11-05-2020
9140,Customer_9140,North,03-07-2022
9141,Customer_9141,West,05-07-2022
9142,Customer_9142,South,20-11-2022
9143,Customer_9143,West,26-02-2022
9144,Customer_9144,North,22-04-2022
9145,Customer_9145,East,15-04-2020
9146,Customer_9146,South,08-01-2023
9147,Customer_9147,South,23-02-2019
9148,Customer_9148,West,11-10-2018
9149,Customer_9149,North,24-03-2021
9150,Customer_9150,North,03-09-2022
9151,Customer_9151,West,21-02-2021
9152,Customer_9152,West,24-10-2018
9153,Customer_9153,East,25-02-2021
9154,Customer_9154,South,22-11-2022
9155,Customer_9155,East,11-08-2021
9156,Customer_9156,North,06-04-2021
9157,Customer_9157,East,28-05-2020
9158,Customer_9158,North,06-03-2019
9159,Customer_9159,West,14-12-2019
9160,Customer_9160,West,11-03-2022
9161,Customer_9161,North,25-08-2019
9162,Customer_9162,West,07-06-2018
9163,Customer_9163,South,02-10-2019
9164,Customer_9164,South,19-11-2020
9165,Customer_9165,East,08-09-2020
9166,Customer_9166,South,11-04-2020
9167,Customer_9167,South,25-06-2018
9168,Customer_9168,North,09-11-2018
9169,Customer_9169,East,05-01-2020
9170,Customer_9170,West,27-12-2021
9171,Customer_9171,East,28-02-2021
9172,Customer_9172,West,10-04-2019
9173,Customer_9173,East,06-05-2020
9174,Customer_9174,South,16-04-2019
9175,Customer_9175,South,21-07-2022
9176,Customer_9176,East,01-06-2019
9177,Customer_9177,North,03-09-2022
9178,Customer_9178,West,16-12-2018
9179,Customer_9179,South,24-11-2020
9180,Customer_9180,East,29-12-2020
9181,Customer_9181,West,18-01-2019
9182,Customer_9182,East,14-09-2022
9183,Customer_9183,East,22-01-2023
9184,Customer_9184,South,01-11-2021
9185,Customer_9185,South,23-02-2019
9186,Customer_9186,North,02-05-2019
9187,Customer_9187,West,29-04-2021
9188,Customer_9188,West,03-11-2020
9189,Customer_9189,North,20-10-2019
9190,Customer_9190,North,03-07-2022
9191,Customer_9191,West,26-01-2022
9192,Customer_9192,South,24-04-2019
9193,Customer_9193,West,29-10-2022
9194,Customer_9194,North,20-09-2021
9195,Customer_9195,West,26-05-2020
9196,Customer_9196,East,18-03-2018
9197,Customer_9197,West,05-03-2023
9198,Customer_9198,West,25-05-2023
9199,Customer_9199,West,12-03-2020
9200,Customer_9200,West,18-01-2020
9201,Customer_9201,West,04-05-2018
9202,Customer_9202,South,05-04-2019
9203,Customer_9203,East,22-06-2019
9204,Customer_9204,West,15-07-2018
9205,Customer_9205,West,18-09-2018
9206,Customer_9206,South,13-09-2022
9207,Customer_9207,East,17-03-2023
9208,Customer_9208,East,28-02-2018
9209,Customer_9209,West,15-03-2020
9210,Customer_9210,South,14-02-2020
9211,Customer_9211,East,22-04-2023
9212,Customer_9212,West,11-04-2023
9213,Customer_9213,South,15-05-2019
9214,Customer_9214,East,17-06-2021
9215,Customer_9215,North,13-03-2018
9216,Customer_9216,North,06-12-2018
9217,Customer_9217,North,18-04-2018
9218,Customer_9218,South,01-10-2019
9219,Customer_9219,South,12-03-2023
9220,Customer_9220,East,11-01-2020
9221,Customer_9221,East,22-05-2018
9222,Customer_9222,North,21-12-2022
9223,Customer_9223,East,15-01-2022
9224,Customer_9224,South,13-11-2022
9225,Customer_9225,South,17-03-2021
9226,Customer_9226,South,25-04-2020
9227,Customer_9227,South,12-11-2020
9228,Customer_9228,East,04-06-2018
9229,Customer_9229,North,21-08-2021
9230,Customer_9230,West,30-06-2018
9231,Customer_9231,West,23-09-2018
9232,Customer_9232,West,01-08-2018
9233,Customer_9233,East,21-08-2019
9234,Customer_9234,North,10-08-2020
9235,Customer_9235,South,27-03-2022
9236,Customer_9236,West,13-01-2021
9237,Customer_9237,West,24-05-2023
9238,Customer_9238,West,17-11-2020
9239,Customer_9239,East,20-12-2020
9240,Customer_9240,West,07-11-2018
9241,Customer_9241,North,14-10-2020
9242,Customer_9242,South,23-04-2020
9243,Customer_9243,West,06-05-2021
9244,Customer_9244,South,24-05-2020
9245,Customer_9245,West,25-12-2018
9246,Customer_9246,North,01-02-2019
9247,Customer_9247,West,06-09-2022
9248,Customer_9248,South,21-06-2021
9249,Customer_9249,East,22-05-2023
9250,Customer_9250,West,04-03-2023
9251,Customer_9251,East,18-01-2020
9252,Customer_9252,East,16-01-2023
9253,Customer_9253,North,30-11-2020
9254,Customer_9254,North,14-11-2019
9255,Customer_9255,North,05-11-2020
9256,Customer_9256,South,18-01-2021
9257,Customer_9257,South,17-01-2022
9258,Customer_9258,East,25-12-2020
9259,Customer_9259,North,23-04-2019
9260,Customer_9260,West,14-05-2021
9261,Customer_9261,West,26-11-2022
9262,Customer_9262,South,21-01-2023
9263,Customer_9263,West,26-12-2020
9264,Customer_9264,South,21-08-2018
9265,Customer_9265,North,21-11-2019
9266,Customer_9266,South,17-06-2021
9267,Customer_9267,West,13-07-2018
9268,Customer_9268,South,19-04-2020
9269,Customer_9269,West,13-06-2023
9270,Customer_9270,South,27-08-2021
9271,Customer_9271,North,08-04-2021
9272,Customer_9272,South,07-06-2022
9273,Customer_9273,South,03-06-2020
9274,Customer_9274,South,31-08-2021
9275,Customer_9275,South,14-05-2018
9276,Customer_9276,West,24-10-2019
9277,Customer_9277,East,07-10-2020
9278,Customer_9278,West,30-08-2019
9279,Customer_9279,South,14-10-2020
9280,Customer_9280,West,21-03-2019
9281,Customer_9281,West,03-12-2019
9282,Customer_9282,South,10-11-2022
9283,Customer_9283,East,10-05-2022
9284,Customer_9284,East,28-01-2021
9285,Customer_9285,South,21-09-2021
9286,Customer_9286,North,22-06-2023
9287,Customer_9287,South,14-10-2020
9288,Customer_9288,West,02-04-2020
9289,Customer_9289,South,02-04-2023
9290,Customer_9290,South,18-09-2020
9291,Customer_9291,East,21-06-2020
9292,Customer_9292,South,13-01-2022
9293,Customer_9293,South,12-02-2018
9294,Customer_9294,West,26-08-2020
9295,Customer_9295,North,11-12-2022
9296,Customer_9296,West,13-09-2021
9297,Customer_9297,South,04-06-2019
9298,Customer_9298,West,22-01-2020
9299,Customer_9299,West,04-09-2021
9300,Customer_9300,West,19-10-2019
9301,Customer_9301,North,09-08-2020
9302,Customer_9302,East,07-04-2018
9303,Customer_9303,South,14-07-2021
9304,Customer_9304,South,19-10-2022
9305,Customer_9305,North,20-08-2020
9306,Customer_9306,North,24-11-2018
9307,Customer_9307,West,17-06-2022
9308,Customer_9308,East,07-08-2020
9309,Customer_9309,South,15-11-2018
9310,Customer_9310,North,26-08-2019
9311,Customer_9311,North,28-09-2021
9312,Customer_9312,West,20-05-2022
9313,Customer_9313,South,19-04-2021
9314,Customer_9314,North,14-02-2023
9315,Customer_9315,East,03-02-2018
9316,Customer_9316,South,17-05-2023
9317,Customer_9317,West,27-01-2022
9318,Customer_9318,West,15-06-2019
9319,Customer_9319,North,31-08-2020
9320,Customer_9320,South,06-04-2018
9321,Customer_9321,East,12-02-2021
9322,Customer_9322,West,11-01-2023
9323,Customer_9323,North,28-01-2021
9324,Customer_9324,North,23-04-2018
9325,Customer_9325,South,17-02-2019
9326,Customer_9326,East,03-08-2019
9327,Customer_9327,South,13-06-2020
9328,Customer_9328,South,16-02-2020
9329,Customer_9329,South,15-02-2022
9330,Customer_9330,East,28-12-2022
9331,Customer_9331,West,20-12-2018
9332,Customer_9332,East,11-05-2020
9333,Customer_9333,South,07-12-2019
9334,Customer_9334,South,15-12-2021
9335,Customer_9335,East,09-05-2023
9336,Customer_9336,North,25-09-2021
9337,Customer_9337,South,23-08-2019
9338,Customer_9338,West,01-04-2019
9339,Customer_9339,South,31-10-2018
9340,Customer_9340,North,04-10-2022
9341,Customer_9341,East,05-02-2020
9342,Customer_9342,North,11-08-2021
9343,Customer_9343,North,09-07-2021
9344,Customer_9344,South,14-08-2020
9345,Customer_9345,West,24-12-2020
9346,Customer_9346,North,26-07-2018
9347,Customer_9347,South,23-01-2019
9348,Customer_9348,North,09-11-2019
9349,Customer_9349,East,17-05-2018
9350,Customer_9350,East,16-08-2020
9351,Customer_9351,North,09-10-2018
9352,Customer_9352,South,08-05-2022
9353,Customer_9353,East,26-07-2021
9354,Customer_9354,East,02-02-2018
9355,Customer_9355,West,20-01-2022
9356,Customer_9356,South,15-03-2023
9357,Customer_9357,South,02-07-2018
9358,Customer_9358,North,06-07-2020
9359,Customer_9359,North,04-02-2019
9360,Customer_9360,West,11-01-2022
9361,Customer_9361,North,15-12-2019
9362,Customer_9362,West,12-07-2022
9363,Customer_9363,West,24-09-2018
9364,Customer_9364,West,07-04-2023
9365,Customer_9365,East,27-08-2022
9366,Customer_9366,East,08-05-2019
9367,Customer_9367,North,22-04-2018
9368,Customer_9368,South,24-02-2021
9369,Customer_9369,South,23-08-2019
9370,Customer_9370,West,27-06-2022
9371,Customer_9371,East,29-12-2018
9372,Customer_9372,East,29-06-2022
9373,Customer_9373,East,09-05-2019
9374,Customer_9374,West,19-01-2018
9375,Customer_9375,East,18-06-2021
9376,Customer_9376,West,19-12-2021
9377,Customer_9377,South,01-07-2020
9378,Customer_9378,North,13-03-2023
9379,Customer_9379,West,01-12-2022
9380,Customer_9380,South,13-01-2019
9381,Customer_9381,East,15-01-2018
9382,Customer_9382,East,12-08-2022
9383,Customer_9383,East,13-04-2023
9384,Customer_9384,West,14-11-2018
9385,Customer_9385,North,01-01-2021
9386,Customer_9386,West,18-12-2019
9387,Customer_9387,East,12-01-2022
9388,Customer_9388,East,09-04-2020
9389,Customer_9389,North,31-01-2022
9390,Customer_9390,West,16-02-2019
9391,Customer_9391,West,10-04-2020
9392,Customer_9392,West,16-11-2021
9393,Customer_9393,North,06-02-2019
9394,Customer_9394,South,08-02-2019
9395,Customer_9395,South,24-06-2018
9396,Customer_9396,East,07-04-2021
9397,Customer_9397,South,25-11-2020
9398,Customer_9398,North,27-08-2018
9399,Customer_9399,East,11-04-2022
9400,Customer_9400,East,12-04-2021
9401,Customer_9401,South,07-08-2019
9402,Customer_9402,South,09-10-2021
9403,Customer_9403,West,16-07-2021
9404,Customer_9404,North,11-02-2022
9405,Customer_9405,South,06-06-2022
9406,Customer_9406,West,17-08-2020
9407,Customer_9407,West,08-01-2018
9408,Customer_9408,South,23-03-2019
9409,Customer_9409,West,16-12-2022
9410,Customer_9410,South,12-02-2020
9411,Customer_9411,West,01-04-2022
9412,Customer_9412,East,30-08-2018
9413,Customer_9413,West,24-02-2023
9414,Customer_9414,South,27-10-2020
9415,Customer_9415,North,24-08-2018
9416,Customer_9416,West,02-04-2021
9417,Customer_9417,East,11-04-2021
9418,Customer_9418,West,01-02-2023
9419,Customer_9419,East,26-11-2018
9420,Customer_9420,North,31-07-2019
9421,Customer_9421,East,08-05-2020
9422,Customer_9422,East,25-01-2022
9423,Customer_9423,East,13-09-2018
9424,Customer_9424,North,05-07-2022
9425,Customer_9425,South,27-08-2020
9426,Customer_9426,East,04-02-2023
9427,Customer_9427,East,15-06-2021
9428,Customer_9428,West,16-02-2020
9429,Customer_9429,East,28-04-2021
9430,Customer_9430,North,18-05-2020
9431,Customer_9431,South,24-10-2020
9432,Customer_9432,West,04-01-2021
9433,Customer_9433,South,28-12-2022
9434,Customer_9434,East,09-02-2023
9435,Customer_9435,South,12-10-2021
9436,Customer_9436,North,17-09-2018
9437,Customer_9437,West,14-01-2020
9438,Customer_9438,West,14-11-2020
9439,Customer_9439,East,29-09-2021
9440,Customer_9440,North,29-09-2019
9441,Customer_9441,North,13-01-2023
9442,Customer_9442,West,23-12-2019
9443,Customer_9443,East,13-01-2021
9444,Customer_9444,East,22-04-2018
9445,Customer_9445,West,21-11-2021
9446,Customer_9446,West,06-05-2021
9447,Customer_9447,North,13-06-2023
9448,Customer_9448,South,06-09-2021
9449,Customer_9449,South,19-10-2019
9450,Customer_9450,South,13-02-2020
9451,Customer_9451,North,02-08-2022
9452,Customer_9452,South,30-08-2020
9453,Customer_9453,East,09-06-2023
9454,Customer_9454,West,06-10-2020
9455,Customer_9455,West,14-12-2022
9456,Customer_9456,North,17-05-2020
9457,Customer_9457,East,25-12-2022
9458,Customer_9458,South,12-12-2018
9459,Customer_9459,North,14-02-2023
9460,Customer_9460,West,10-07-2020
9461,Customer_9461,South,25-09-2020
9462,Customer_9462,North,11-01-2023
9463,Customer_9463,North,28-08-2021
9464,Customer_9464,South,06-11-2018
9465,Customer_9465,West,26-03-2018
9466,Customer_9466,West,22-09-2018
9467,Customer_9467,West,26-03-2022
9468,Customer_9468,North,16-06-2023
9469,Customer_9469,West,04-02-2023
9470,Customer_9470,South,21-04-2021
9471,Customer_9471,North,24-08-2021
9472,Customer_9472,North,01-01-2022
9473,Customer_9473,North,28-10-2020
9474,Customer_9474,West,14-02-2021
9475,Customer_9475,West,29-05-2022
9476,Customer_9476,East,27-07-2022
9477,Customer_9477,South,25-11-2020
9478,Customer_9478,West,05-03-2020
9479,Customer_9479,South,15-03-2019
9480,Customer_9480,South,19-12-2020
9481,Customer_9481,South,16-02-2021
9482,Customer_9482,North,29-12-2022
9483,Customer_9483,North,03-01-2023
9484,Customer_9484,South,04-10-2021
9485,Customer_9485,North,20-10-2022
9486,Customer_9486,North,19-05-2018
9487,Customer_9487,West,10-01-2021
9488,Customer_9488,North,31-12-2021
9489,Customer_9489,West,23-01-2022
9490,Customer_9490,North,21-12-2018
9491,Customer_9491,North,18-06-2022
9492,Customer_9492,North,18-06-2019
9493,Customer_9493,South,24-02-2018
9494,Customer_9494,South,12-01-2020
9495,Customer_9495,North,10-12-2020
9496,Customer_9496,South,14-02-2019
9497,Customer_9497,West,13-03-2020
9498,Customer_9498,West,04-11-2018
9499,Customer_9499,North,26-09-2021
9500,Customer_9500,North,28-08-2019
9501,Customer_9501,North,14-10-2019
9502,Customer_9502,West,10-11-2020
9503,Customer_9503,West,14-09-2019
9504,Customer_9504,West,20-08-2021
9505,Customer_9505,North,13-04-2021
9506,Customer_9506,North,07-05-2021
9507,Customer_9507,South,26-10-2021
9508,Customer_9508,North,21-12-2021
9509,Customer_9509,South,15-12-2021
9510,Customer_9510,North,01-09-2020
9511,Customer_9511,West,28-04-2021
9512,Customer_9512,North,10-03-2020
9513,Customer_9513,West,05-05-2023
9514,Customer_9514,South,16-05-2022
9515,Customer_9515,North,02-10-2019
9516,Customer_9516,South,16-01-2019
9517,Customer_9517,West,22-03-2022
9518,Customer_9518,North,08-11-2022
9519,Customer_9519,North,26-12-2021
9520,Customer_9520,East,22-12-2018
9521,Customer_9521,South,12-02-2019
9522,Customer_9522,South,24-04-2023
9523,Customer_9523,South,28-07-2018
9524,Customer_9524,South,11-06-2018
9525,Customer_9525,East,09-12-2020
9526,Customer_9526,East,19-04-2021
9527,Customer_9527,North,19-08-2022
9528,Customer_9528,South,29-05-2020
9529,Customer_9529,East,31-03-2023
9530,Customer_9530,West,24-01-2020
9531,Customer_9531,West,10-10-2021
9532,Customer_9532,West,08-03-2021
9533,Customer_9533,South,06-06-2018
9534,Customer_9534,South,15-10-2020
9535,Customer_9535,East,22-06-2020
9536,Customer_9536,North,24-07-2022
9537,Customer_9537,West,23-02-2019
9538,Customer_9538,West,11-10-2018
9539,Customer_9539,North,31-08-2018
9540,Customer_9540,West,02-09-2020
9541,Customer_9541,West,04-05-2023
9542,Customer_9542,West,03-07-2018
9543,Customer_9543,East,29-04-2019
9544,Customer_9544,North,03-09-2018
9545,Customer_9545,West,02-07-2018
9546,Customer_9546,East,12-11-2022
9547,Customer_9547,West,04-10-2019
9548,Customer_9548,South,09-03-2018
9549,Customer_9549,East,31-03-2023
9550,Customer_9550,East,09-07-2019
9551,Customer_9551,West,04-03-2023
9552,Customer_9552,East,05-03-2019
9553,Customer_9553,South,28-07-2018
9554,Customer_9554,South,29-10-2021
9555,Customer_9555,West,22-07-2019
9556,Customer_9556,South,04-11-2018
9557,Customer_9557,South,19-01-2023
9558,Customer_9558,North,26-03-2019
9559,Customer_9559,East,04-07-2019
9560,Customer_9560,East,27-05-2018
9561,Customer_9561,North,31-12-2019
9562,Customer_9562,East,17-02-2019
9563,Customer_9563,East,18-08-2021
9564,Customer_9564,West,06-04-2021
9565,Customer_9565,North,30-10-2019
9566,Customer_9566,South,28-12-2019
9567,Customer_9567,South,25-06-2020
9568,Customer_9568,South,24-07-2018
9569,Customer_9569,South,20-06-2022
9570,Customer_9570,West,04-07-2018
9571,Customer_9571,East,18-04-2023
9572,Customer_9572,South,27-03-2023
9573,Customer_9573,South,09-01-2018
9574,Customer_9574,West,24-10-2022
9575,Customer_9575,West,10-10-2022
9576,Customer_9576,West,10-07-2021
9577,Customer_9577,West,20-10-2018
9578,Customer_9578,East,16-10-2022
9579,Customer_9579,North,20-04-2023
9580,Customer_9580,West,04-03-2021
9581,Customer_9581,South,20-05-2022
9582,Customer_9582,West,30-07-2020
9583,Customer_9583,North,18-01-2022
9584,Customer_9584,West,06-03-2020
9585,Customer_9585,East,10-04-2020
9586,Customer_9586,North,03-04-2023
9587,Customer_9587,North,11-02-2022
9588,Customer_9588,West,04-09-2021
9589,Customer_9589,South,24-08-2021
9590,Customer_9590,North,21-08-2018
9591,Customer_9591,North,22-06-2022
9592,Customer_9592,South,29-08-2020
9593,Customer_9593,East,07-03-2018
9594,Customer_9594,West,20-06-2022
9595,Customer_9595,South,24-05-2019
9596,Customer_9596,West,26-02-2020
9597,Customer_9597,North,31-07-2019
9598,Customer_9598,South,27-12-2022
9599,Customer_9599,East,28-01-2019
9600,Customer_9600,North,23-03-2019
9601,Customer_9601,South,07-01-2023
9602,Customer_9602,South,30-01-2020
9603,Customer_9603,East,11-05-2021
9604,Customer_9604,South,29-10-2020
9605,Customer_9605,West,17-04-2021
9606,Customer_9606,South,16-02-2018
9607,Customer_9607,East,06-10-2020
9608,Customer_9608,West,01-10-2018
9609,Customer_9609,East,15-09-2021
9610,Customer_9610,West,12-03-2019
9611,Customer_9611,East,09-12-2022
9612,Customer_9612,East,08-04-2022
9613,Customer_9613,North,19-04-2018
9614,Customer_9614,East,05-03-2023
9615,Customer_9615,North,06-02-2018
9616,Customer_9616,East,02-08-2020
9617,Customer_9617,East,11-08-2018
9618,Customer_9618,East,27-01-2022
9619,Customer_9619,South,27-02-2019
9620,Customer_9620,South,11-03-2023
9621,Customer_9621,West,29-06-2020
9622,Customer_9622,West,27-06-2020
9623,Customer_9623,West,19-03-2020
9624,Customer_9624,North,08-09-2019
9625,Customer_9625,South,25-03-2021
9626,Customer_9626,South,09-01-2018
9627,Customer_9627,South,21-08-2021
9628,Customer_9628,West,12-02-2018
9629,Customer_9629,South,09-08-2021
9630,Customer_9630,North,04-07-2022
9631,Customer_9631,West,21-03-2019
9632,Customer_9632,South,03-07-2021
9633,Customer_9633,East,01-11-2021
9634,Customer_9634,West,10-09-2020
9635,Customer_9635,South,13-11-2019
9636,Customer_9636,South,11-04-2023
9637,Customer_9637,East,02-05-2018
9638,Customer_9638,West,20-06-2021
9639,Customer_9639,North,12-03-2020
9640,Customer_9640,South,09-11-2018
9641,Customer_9641,South,29-08-2018
9642,Customer_9642,West,08-09-2022
9643,Customer_9643,North,06-09-2022
9644,Customer_9644,East,19-01-2018
9645,Customer_9645,East,03-10-2019
9646,Customer_9646,West,03-08-2018
9647,Customer_9647,South,05-09-2019
9648,Customer_9648,North,19-02-2020
9649,Customer_9649,West,23-12-2022
9650,Customer_9650,West,05-10-2022
9651,Customer_9651,North,07-09-2021
9652,Customer_9652,North,09-12-2018
9653,Customer_9653,South,31-01-2020
9654,Customer_9654,South,24-08-2019
9655,Customer_9655,East,29-01-2019
9656,Customer_9656,West,12-05-2018
9657,Customer_9657,South,24-02-2022
9658,Customer_9658,East,26-02-2021
9659,Customer_9659,East,24-11-2021
9660,Customer_9660,South,03-07-2020
9661,Customer_9661,North,14-05-2020
9662,Customer_9662,East,13-02-2023
9663,Customer_9663,West,15-02-2018
9664,Customer_9664,South,13-10-2018
9665,Customer_9665,North,25-11-2019
9666,Customer_9666,West,25-06-2019
9667,Customer_9667,South,19-05-2023
9668,Customer_9668,East,23-12-2019
9669,Customer_9669,East,04-08-2022
9670,Customer_9670,North,08-01-2021
9671,Customer_9671,West,15-03-2020
9672,Customer_9672,East,31-08-2019
9673,Customer_9673,South,01-11-2019
9674,Customer_9674,West,05-05-2023
9675,Customer_9675,East,19-09-2021
9676,Customer_9676,East,30-01-2022
9677,Customer_9677,West,12-03-2022
9678,Customer_9678,South,12-04-2021
9679,Customer_9679,East,10-01-2018
9680,Customer_9680,South,08-05-2020
9681,Customer_9681,East,07-07-2018
9682,Customer_9682,North,19-05-2023
9683,Customer_9683,East,26-02-2019
9684,Customer_9684,East,30-09-2021
9685,Customer_9685,West,01-04-2023
9686,Customer_9686,West,15-02-2019
9687,Customer_9687,North,18-05-2022
9688,Customer_9688,South,21-03-2021
9689,Customer_9689,West,28-09-2021
9690,Customer_9690,East,16-04-2018
9691,Customer_9691,East,09-12-2020
9692,Customer_9692,South,22-03-2022
9693,Customer_9693,West,26-04-2018
9694,Customer_9694,South,02-05-2019
9695,Customer_9695,West,02-12-2018
9696,Customer_9696,North,15-07-2021
9697,Customer_9697,East,03-08-2022
9698,Customer_9698,West,16-06-2021
9699,Customer_9699,South,24-05-2021
9700,Customer_9700,West,15-05-2020
9701,Customer_9701,South,26-09-2021
9702,Customer_9702,North,14-09-2022
9703,Customer_9703,South,21-07-2018
9704,Customer_9704,North,28-07-2018
9705,Customer_9705,East,30-11-2019
9706,Customer_9706,South,03-06-2019
9707,Customer_9707,South,15-12-2018
9708,Customer_9708,East,14-09-2022
9709,Customer_9709,South,14-07-2020
9710,Customer_9710,North,01-09-2022
9711,Customer_9711,North,17-05-2020
9712,Customer_9712,South,23-12-2021
9713,Customer_9713,East,25-08-2022
9714,Customer_9714,West,29-10-2018
9715,Customer_9715,South,04-03-2019
9716,Customer_9716,East,07-08-2019
9717,Customer_9717,East,08-08-2020
9718,Customer_9718,South,17-09-2022
9719,Customer_9719,South,06-04-2023
9720,Customer_9720,West,16-01-2022
9721,Customer_9721,North,18-05-2019
9722,Customer_9722,North,24-09-2022
9723,Customer_9723,North,20-02-2019
9724,Customer_9724,East,07-01-2022
9725,Customer_9725,South,26-10-2020
9726,Customer_9726,South,16-07-2020
9727,Customer_9727,North,18-01-2022
9728,Customer_9728,North,29-08-2020
9729,Customer_9729,East,23-12-2019
9730,Customer_9730,East,22-11-2020
9731,Customer_9731,West,15-01-2020
9732,Customer_9732,East,25-02-2018
9733,Customer_9733,South,23-06-2019
9734,Customer_9734,East,19-12-2019
9735,Customer_9735,South,15-08-2019
9736,Customer_9736,North,22-01-2022
9737,Customer_9737,West,30-01-2018
9738,Customer_9738,North,01-05-2023
9739,Customer_9739,North,04-09-2018
9740,Customer_9740,West,13-05-2023
9741,Customer_9741,South,14-12-2018
9742,Customer_9742,North,18-05-2023
9743,Customer_9743,East,11-04-2018
9744,Customer_9744,South,26-06-2021
9745,Customer_9745,North,02-08-2021
9746,Customer_9746,East,12-08-2022
9747,Customer_9747,West,30-07-2019
9748,Customer_9748,South,30-05-2023
9749,Customer_9749,North,31-05-2019
9750,Customer_9750,North,15-07-2019
9751,Customer_9751,North,31-07-2019
9752,Customer_9752,South,06-03-2023
9753,Customer_9753,East,20-06-2020
9754,Customer_9754,North,24-03-2020
9755,Customer_9755,West,29-12-2022
9756,Customer_9756,East,18-09-2019
9757,Customer_9757,North,15-05-2023
9758,Customer_9758,East,30-10-2019
9759,Customer_9759,West,21-07-2021
9760,Customer_9760,North,23-04-2023
9761,Customer_9761,East,26-02-2019
9762,Customer_9762,North,15-03-2020
9763,Customer_9763,West,14-02-2018
9764,Customer_9764,South,18-08-2022
9765,Customer_9765,South,25-09-2020
9766,Customer_9766,West,24-05-2018
9767,Customer_9767,South,30-10-2021
9768,Customer_9768,South,23-08-2020
9769,Customer_9769,South,14-10-2019
9770,Customer_9770,South,17-02-2018
9771,Customer_9771,East,30-06-2019
9772,Customer_9772,South,05-06-2020
9773,Customer_9773,East,04-04-2023
9774,Customer_9774,East,29-03-2019
9775,Customer_9775,West,11-02-2019
9776,Customer_9776,West,19-12-2020
9777,Customer_9777,North,08-02-2023
9778,Customer_9778,East,19-06-2023
9779,Customer_9779,North,08-07-2021
9780,Customer_9780,West,09-03-2021
9781,Customer_9781,South,10-10-2020
9782,Customer_9782,North,02-06-2019
9783,Customer_9783,South,16-08-2022
9784,Customer_9784,East,07-10-2022
9785,Customer_9785,South,24-09-2019
9786,Customer_9786,North,21-10-2020
9787,Customer_9787,West,03-12-2022
9788,Customer_9788,West,09-04-2023
9789,Customer_9789,West,05-10-2018
9790,Customer_9790,South,25-08-2019
9791,Customer_9791,East,11-02-2022
9792,Customer_9792,North,16-02-2022
9793,Customer_9793,North,09-10-2019
9794,Customer_9794,East,15-06-2020
9795,Customer_9795,East,02-08-2020
9796,Customer_9796,South,08-03-2018
9797,Customer_9797,West,02-01-2020
9798,Customer_9798,West,22-03-2019
9799,Customer_9799,South,22-05-2023
9800,Customer_9800,South,07-05-2023
9801,Customer_9801,East,25-08-2021
9802,Customer_9802,North,09-08-2019
9803,Customer_9803,West,05-04-2018
9804,Customer_9804,West,27-10-2022
9805,Customer_9805,South,17-02-2022
9806,Customer_9806,West,12-12-2022
9807,Customer_9807,South,02-11-2018
9808,Customer_9808,North,01-03-2023
9809,Customer_9809,West,04-01-2022
9810,Customer_9810,West,27-12-2022
9811,Customer_9811,South,13-11-2020
9812,Customer_9812,South,17-02-2022
9813,Customer_9813,North,29-11-2018
9814,Customer_9814,West,06-11-2020
9815,Customer_9815,West,11-10-2019
9816,Customer_9816,North,07-12-2018
9817,Customer_9817,East,28-12-2019
9818,Customer_9818,East,30-04-2018
9819,Customer_9819,East,22-05-2022
9820,Customer_9820,South,08-06-2019
9821,Customer_9821,East,05-10-2019
9822,Customer_9822,West,10-05-2022
9823,Customer_9823,South,15-10-2020
9824,Customer_9824,East,13-02-2023
9825,Customer_9825,West,05-07-2020
9826,Customer_9826,South,29-12-2019
9827,Customer_9827,North,12-11-2020
9828,Customer_9828,West,07-06-2020
9829,Customer_9829,West,23-06-2018
9830,Customer_9830,West,26-07-2022
9831,Customer_9831,East,26-05-2018
9832,Customer_9832,West,06-01-2020
9833,Customer_9833,South,18-01-2018
9834,Customer_9834,North,29-04-2021
9835,Customer_9835,South,30-03-2018
9836,Customer_9836,East,08-09-2022
9837,Customer_9837,South,10-02-2023
9838,Customer_9838,East,05-01-2019
9839,Customer_9839,South,28-02-2022
9840,Customer_9840,East,31-01-2023
9841,Customer_9841,South,26-12-2019
9842,Customer_9842,West,22-01-2023
9843,Customer_9843,North,26-08-2022
9844,Customer_9844,East,09-04-2019
9845,Customer_9845,South,12-06-2018
9846,Customer_9846,South,22-12-2022
9847,Customer_9847,South,31-12-2022
9848,Customer_9848,South,24-06-2020
9849,Customer_9849,North,05-11-2019
9850,Customer_9850,North,26-10-2018
9851,Customer_9851,South,01-12-2019
9852,Customer_9852,South,13-09-2022
9853,Customer_9853,East,06-10-2022
9854,Customer_9854,North,18-10-2018
9855,Customer_9855,East,12-07-2020
9856,Customer_9856,South,30-05-2018
9857,Customer_9857,North,17-11-2021
9858,Customer_9858,North,04-02-2018
9859,Customer_9859,South,05-12-2019
9860,Customer_9860,East,06-03-2021
9861,Customer_9861,North,04-08-2020
9862,Customer_9862,South,26-11-2018
9863,Customer_9863,South,29-06-2018
9864,Customer_9864,South,30-06-2019
9865,Customer_9865,North,19-02-2020
9866,Customer_9866,South,30-06-2021
9867,Customer_9867,East,21-08-2018
9868,Customer_9868,North,31-08-2020
9869,Customer_9869,South,24-09-2021
9870,Customer_9870,North,27-02-2020
9871,Customer_9871,South,11-05-2022
9872,Customer_9872,West,19-06-2023
9873,Customer_9873,South,26-03-2021
9874,Customer_9874,North,24-07-2020
9875,Customer_9875,North,03-02-2020
9876,Customer_9876,North,25-04-2023
9877,Customer_9877,North,08-05-2023
9878,Customer_9878,North,31-05-2023
9879,Customer_9879,East,28-10-2022
9880,Customer_9880,West,28-10-2018
9881,Customer_9881,South,08-08-2022
9882,Customer_9882,North,12-09-2019
9883,Customer_9883,South,31-03-2022
9884,Customer_9884,East,22-12-2018
9885,Customer_9885,East,05-07-2022
9886,Customer_9886,North,19-09-2019
9887,Customer_9887,West,23-11-2020
9888,Customer_9888,East,21-11-2020
9889,Customer_9889,West,15-05-2021
9890,Customer_9890,South,04-06-2018
9891,Customer_9891,North,13-01-2023
9892,Customer_9892,West,25-05-2022
9893,Customer_9893,North,06-03-2021
9894,Customer_9894,South,30-12-2019
9895,Customer_9895,West,19-10-2018
9896,Customer_9896,West,22-04-2022
9897,Customer_9897,West,17-05-2022
9898,Customer_9898,North,04-09-2018
9899,Customer_9899,East,18-03-2018
9900,Customer_9900,East,26-01-2019
9901,Customer_9901,East,25-12-2021
9902,Customer_9902,East,01-09-2019
9903,Customer_9903,South,02-04-2023
9904,Customer_9904,South,28-11-2022
9905,Customer_9905,East,12-06-2022
9906,Customer_9906,East,02-02-2023
9907,Customer_9907,North,01-05-2020
9908,Customer_9908,West,29-11-2020
9909,Customer_9909,South,26-10-2018
9910,Customer_9910,West,24-06-2019
9911,Customer_9911,North,02-04-2019
9912,Customer_9912,West,05-04-2019
9913,Customer_9913,West,27-03-2023
9914,Customer_9914,East,25-11-2021
9915,Customer_9915,South,13-05-2022
9916,Customer_9916,West,17-01-2021
9917,Customer_9917,North,31-07-2021
9918,Customer_9918,East,02-06-2020
9919,Customer_9919,North,02-02-2020
9920,Customer_9920,East,08-08-2019
9921,Customer_9921,East,25-07-2018
9922,Customer_9922,North,12-07-2019
9923,Customer_9923,East,31-05-2019
9924,Customer_9924,North,29-07-2019
9925,Customer_9925,South,24-08-2018
9926,Customer_9926,North,18-04-2018
9927,Customer_9927,South,20-03-2023
9928,Customer_9928,South,11-06-2021
9929,Customer_9929,South,27-12-2019
9930,Customer_9930,South,27-08-2022
9931,Customer_9931,East,15-08-2022
9932,Customer_9932,North,27-03-2022
9933,Customer_9933,South,17-05-2021
9934,Customer_9934,North,12-03-2021
9935,Customer_9935,East,28-08-2021
9936,Customer_9936,East,25-10-2022
9937,Customer_9937,East,06-10-2022
9938,Customer_9938,West,08-05-2020
9939,Customer_9939,South,17-04-2020
9940,Customer_9940,North,19-03-2023
9941,Customer_9941,North,05-01-2020
9942,Customer_9942,West,15-11-2020
9943,Customer_9943,West,02-11-2022
9944,Customer_9944,East,26-07-2020
9945,Customer_9945,South,20-09-2020
9946,Customer_9946,East,15-04-2021
9947,Customer_9947,North,27-12-2021
9948,Customer_9948,South,30-11-2020
9949,Customer_9949,North,12-03-2019
9950,Customer_9950,South,28-02-2019
9951,Customer_9951,North,01-11-2022
9952,Customer_9952,North,15-08-2021
9953,Customer_9953,East,06-08-2021
9954,Customer_9954,North,05-05-2020
9955,Customer_9955,South,04-06-2019
9956,Customer_9956,South,18-02-2018
9957,Customer_9957,East,27-09-2020
9958,Customer_9958,West,08-05-2022
9959,Customer_9959,East,20-06-2022
9960,Customer_9960,East,01-01-2023
9961,Customer_9961,South,19-06-2020
9962,Customer_9962,North,05-03-2021
9963,Customer_9963,North,14-08-2020
9964,Customer_9964,West,23-02-2020
9965,Customer_9965,East,09-08-2019
9966,Customer_9966,North,13-09-2022
9967,Customer_9967,East,14-04-2022
9968,Customer_9968,North,22-07-2021
9969,Customer_9969,South,07-05-2021
9970,Customer_9970,East,06-01-2018
9971,Customer_9971,North,08-04-2022
9972,Customer_9972,North,01-11-2021
9973,Customer_9973,West,25-06-2022
9974,Customer_9974,East,10-05-2019
9975,Customer_9975,North,15-08-2019
9976,Customer_9976,North,03-06-2022
9977,Customer_9977,North,27-01-2023
9978,Customer_9978,North,19-08-2022
9979,Customer_9979,South,14-03-2021
9980,Customer_9980,South,14-05-2022
9981,Customer_9981,West,10-09-2022
9982,Customer_9982,North,19-06-2023
9983,Customer_9983,West,07-03-2022
9984,Customer_9984,East,03-02-2022
9985,Customer_9985,South,24-01-2022
9986,Customer_9986,East,06-03-2019
9987,Customer_9987,South,08-05-2022
9988,Customer_9988,South,19-10-2019
9989,Customer_9989,West,08-05-2020
9990,Customer_9990,South,11-11-2020
9991,Customer_9991,South,22-02-2018
9992,Customer_9992,East,23-02-2020
9993,Customer_9993,East,24-02-2021
9994,Customer_9994,North,13-10-2020
9995,Customer_9995,South,10-08-2020
9996,Customer_9996,South,09-05-2022
9997,Customer_9997,South,23-11-2021
9998,Customer_9998,East,03-02-2018
9999,Customer_9999,South,02-01-2022
10000,Customer_10000,West,18-03-2020
10001,Customer_10001,East,16-08-2019
10002,Customer_10002,South,13-05-2020
10003,Customer_10003,North,07-06-2021
10004,Customer_10004,West,01-07-2021
10005,Customer_10005,North,25-05-2023
10006,Customer_10006,South,27-05-2019
10007,Customer_10007,East,06-01-2022
10008,Customer_10008,East,07-07-2020
10009,Customer_10009,South,25-09-2018
10010,Customer_10010,South,12-12-2018
10011,Customer_10011,South,18-10-2022
10012,Customer_10012,North,13-02-2019
10013,Customer_10013,North,05-12-2019
10014,Customer_10014,North,20-12-2021
10015,Customer_10015,West,02-04-2019
10016,Customer_10016,West,20-01-2023
10017,Customer_10017,West,25-10-2022
10018,Customer_10018,South,15-02-2018
10019,Customer_10019,North,22-01-2020
10020,Customer_10020,South,26-04-2020
10021,Customer_10021,South,13-06-2019
10022,Customer_10022,South,11-12-2019
10023,Customer_10023,West,01-04-2021
10024,Customer_10024,North,27-07-2022
10025,Customer_10025,South,09-05-2023
10026,Customer_10026,East,14-02-2019
10027,Customer_10027,West,16-08-2020
10028,Customer_10028,South,27-03-2022
10029,Customer_10029,West,30-07-2020
10030,Customer_10030,South,02-07-2020
10031,Customer_10031,West,05-04-2019
10032,Customer_10032,West,05-01-2019
10033,Customer_10033,East,30-08-2020
10034,Customer_10034,North,20-08-2020
10035,Customer_10035,East,20-05-2021
10036,Customer_10036,East,07-09-2021
10037,Customer_10037,North,06-06-2023
10038,Customer_10038,North,24-06-2021
10039,Customer_10039,East,19-10-2018
10040,Customer_10040,North,22-06-2022
10041,Customer_10041,West,14-04-2018
10042,Customer_10042,North,01-02-2023
10043,Customer_10043,East,03-12-2022
10044,Customer_10044,North,12-08-2022
10045,Customer_10045,North,04-07-2019
10046,Customer_10046,East,02-05-2023
10047,Customer_10047,South,24-01-2020
10048,Customer_10048,North,21-12-2019
10049,Customer_10049,South,05-07-2019
10050,Customer_10050,South,18-07-2020
10051,Customer_10051,North,27-12-2019
10052,Customer_10052,East,26-06-2022
10053,Customer_10053,North,21-05-2020
10054,Customer_10054,South,17-04-2023
10055,Customer_10055,South,23-12-2019
10056,Customer_10056,East,24-03-2022
10057,Customer_10057,North,11-02-2019
10058,Customer_10058,East,30-01-2022
10059,Customer_10059,West,22-07-2018
10060,Customer_10060,South,23-05-2021
10061,Customer_10061,West,14-07-2018
10062,Customer_10062,North,13-01-2022
10063,Customer_10063,North,07-04-2022
10064,Customer_10064,South,22-11-2019
10065,Customer_10065,North,26-02-2021
10066,Customer_10066,East,27-07-2022
10067,Customer_10067,East,28-02-2022
10068,Customer_10068,West,23-01-2022
10069,Customer_10069,North,26-04-2020
10070,Customer_10070,South,29-06-2019
10071,Customer_10071,East,30-05-2020
10072,Customer_10072,West,30-12-2019
10073,Customer_10073,East,19-06-2022
10074,Customer_10074,East,01-08-2018
10075,Customer_10075,West,04-04-2018
10076,Customer_10076,West,14-11-2019
10077,Customer_10077,East,16-06-2020
10078,Customer_10078,East,13-10-2022
10079,Customer_10079,North,21-08-2022
10080,Customer_10080,East,02-10-2018
10081,Customer_10081,East,15-03-2018
10082,Customer_10082,East,04-08-2021
10083,Customer_10083,East,18-10-2020
10084,Customer_10084,West,14-07-2018
10085,Customer_10085,South,06-11-2022
10086,Customer_10086,East,06-08-2022
10087,Customer_10087,North,22-06-2018
10088,Customer_10088,West,30-05-2019
10089,Customer_10089,North,10-04-2020
10090,Customer_10090,West,06-10-2018
10091,Customer_10091,South,03-05-2021
10092,Customer_10092,North,24-06-2019
10093,Customer_10093,South,12-10-2018
10094,Customer_10094,North,03-10-2021
10095,Customer_10095,North,19-06-2022
10096,Customer_10096,West,26-04-2019
10097,Customer_10097,West,19-02-2019
10098,Customer_10098,West,17-04-2023
10099,Customer_10099,East,03-07-2020
10100,Customer_10100,North,31-05-2021
10101,Customer_10101,West,04-04-2021
10102,Customer_10102,North,02-01-2022
10103,Customer_10103,North,27-03-2021
10104,Customer_10104,West,18-10-2018
10105,Customer_10105,East,16-09-2018
10106,Customer_10106,East,31-05-2022
10107,Customer_10107,North,19-04-2021
10108,Customer_10108,North,04-07-2020
10109,Customer_10109,West,08-04-2020
10110,Customer_10110,South,13-03-2019
10111,Customer_10111,West,09-06-2019
10112,Customer_10112,South,01-02-2022
10113,Customer_10113,North,10-01-2023
10114,Customer_10114,East,05-11-2021
10115,Customer_10115,East,01-09-2018
10116,Customer_10116,North,22-02-2018
10117,Customer_10117,South,05-01-2023
10118,Customer_10118,North,29-09-2019
10119,Customer_10119,South,23-03-2018
10120,Customer_10120,West,04-01-2019
10121,Customer_10121,West,12-11-2021
10122,Customer_10122,North,16-01-2020
10123,Customer_10123,North,25-10-2021
10124,Customer_10124,West,05-06-2018
10125,Customer_10125,North,20-03-2018
10126,Customer_10126,North,20-05-2020
10127,Customer_10127,East,15-01-2023
10128,Customer_10128,South,27-02-2022
10129,Customer_10129,North,19-01-2020
10130,Customer_10130,North,31-03-2023
10131,Customer_10131,West,19-10-2020
10132,Customer_10132,North,05-03-2021
10133,Customer_10133,North,11-11-2018
10134,Customer_10134,West,23-03-2022
10135,Customer_10135,East,30-04-2023
10136,Customer_10136,South,22-01-2023
10137,Customer_10137,South,15-02-2020
10138,Customer_10138,West,19-10-2022
10139,Customer_10139,East,21-06-2022
10140,Customer_10140,North,15-02-2020
10141,Customer_10141,East,11-06-2021
10142,Customer_10142,West,06-02-2023
10143,Customer_10143,East,31-10-2019
10144,Customer_10144,East,21-11-2018
10145,Customer_10145,West,24-05-2023
10146,Customer_10146,North,12-12-2020
10147,Customer_10147,West,28-01-2019
10148,Customer_10148,North,02-04-2021
10149,Customer_10149,West,07-03-2019
10150,Customer_10150,South,25-01-2021
10151,Customer_10151,West,06-05-2020
10152,Customer_10152,South,06-06-2023
10153,Customer_10153,South,07-01-2019
10154,Customer_10154,North,10-06-2021
10155,Customer_10155,East,08-02-2023
10156,Customer_10156,East,21-08-2018
10157,Customer_10157,North,06-03-2020
10158,Customer_10158,North,12-09-2018
10159,Customer_10159,North,09-03-2022
10160,Customer_10160,South,06-11-2020
10161,Customer_10161,East,31-07-2021
10162,Customer_10162,West,29-07-2018
10163,Customer_10163,West,29-09-2021
10164,Customer_10164,North,03-10-2021
10165,Customer_10165,South,28-08-2021
10166,Customer_10166,North,16-11-2018
10167,Customer_10167,North,05-04-2020
10168,Customer_10168,East,19-05-2021
10169,Customer_10169,South,24-03-2023
10170,Customer_10170,North,11-07-2020
10171,Customer_10171,South,26-08-2019
10172,Customer_10172,North,05-04-2020
10173,Customer_10173,South,14-12-2018
10174,Customer_10174,South,12-08-2022
10175,Customer_10175,North,15-08-2021
10176,Customer_10176,West,26-10-2020
10177,Customer_10177,North,18-03-2021
10178,Customer_10178,South,28-02-2018
10179,Customer_10179,East,24-07-2018
10180,Customer_10180,West,05-02-2023
10181,Customer_10181,North,11-05-2020
10182,Customer_10182,West,21-01-2018
10183,Customer_10183,North,22-02-2020
10184,Customer_10184,West,14-06-2022
10185,Customer_10185,South,29-06-2022
10186,Customer_10186,South,07-07-2021
10187,Customer_10187,East,13-11-2019
10188,Customer_10188,West,11-10-2021
10189,Customer_10189,East,03-09-2021
10190,Customer_10190,West,12-05-2021
10191,Customer_10191,East,18-10-2022
10192,Customer_10192,South,23-04-2021
10193,Customer_10193,East,20-08-2019
10194,Customer_10194,West,10-03-2020
10195,Customer_10195,West,18-06-2023
10196,Customer_10196,North,21-01-2022
10197,Customer_10197,North,26-01-2018
10198,Customer_10198,West,06-10-2020
10199,Customer_10199,East,22-10-2021
10200,Customer_10200,West,24-12-2022
10201,Customer_10201,South,04-09-2019
10202,Customer_10202,East,04-01-2021
10203,Customer_10203,East,13-12-2019
10204,Customer_10204,South,05-06-2020
10205,Customer_10205,North,15-09-2022
10206,Customer_10206,South,23-11-2022
10207,Customer_10207,West,26-08-2019
10208,Customer_10208,East,27-02-2019
10209,Customer_10209,North,07-05-2020
10210,Customer_10210,North,04-04-2023
10211,Customer_10211,East,03-05-2022
10212,Customer_10212,North,31-08-2020
10213,Customer_10213,South,10-09-2020
10214,Customer_10214,South,05-07-2018
10215,Customer_10215,West,27-05-2018
10216,Customer_10216,South,16-07-2022
10217,Customer_10217,North,23-05-2019
10218,Customer_10218,North,26-12-2022
10219,Customer_10219,North,29-05-2021
10220,Customer_10220,West,09-06-2020
10221,Customer_10221,South,18-09-2021
10222,Customer_10222,South,22-12-2020
10223,Customer_10223,South,04-06-2023
10224,Customer_10224,North,13-06-2021
10225,Customer_10225,East,10-10-2021
10226,Customer_10226,North,26-01-2022
10227,Customer_10227,South,13-01-2021
10228,Customer_10228,North,01-09-2022
10229,Customer_10229,East,06-07-2018
10230,Customer_10230,West,20-06-2022
10231,Customer_10231,South,06-07-2020
10232,Customer_10232,West,28-04-2019
10233,Customer_10233,South,22-07-2018
10234,Customer_10234,West,09-08-2021
10235,Customer_10235,East,17-04-2019
10236,Customer_10236,North,23-04-2021
10237,Customer_10237,West,23-11-2021
10238,Customer_10238,East,22-06-2018
10239,Customer_10239,South,28-03-2022
10240,Customer_10240,South,15-10-2018
10241,Customer_10241,West,17-02-2019
10242,Customer_10242,East,29-09-2020
10243,Customer_10243,North,08-06-2019
10244,Customer_10244,East,29-07-2020
10245,Customer_10245,East,21-03-2022
10246,Customer_10246,North,19-02-2020
10247,Customer_10247,East,13-08-2019
10248,Customer_10248,North,21-09-2018
10249,Customer_10249,South,11-07-2022
10250,Customer_10250,South,03-06-2018
10251,Customer_10251,South,20-08-2021
10252,Customer_10252,South,05-12-2021
10253,Customer_10253,South,22-07-2021
10254,Customer_10254,West,05-09-2021
10255,Customer_10255,East,08-02-2019
10256,Customer_10256,East,07-06-2019
10257,Customer_10257,North,13-02-2020
10258,Customer_10258,South,22-11-2021
10259,Customer_10259,West,16-05-2023
10260,Customer_10260,South,11-06-2018
10261,Customer_10261,North,08-08-2019
10262,Customer_10262,East,23-10-2020
10263,Customer_10263,South,09-07-2020
10264,Customer_10264,North,13-02-2023
10265,Customer_10265,North,20-04-2020
10266,Customer_10266,North,22-10-2020
10267,Customer_10267,East,10-12-2022
10268,Customer_10268,South,10-08-2021
10269,Customer_10269,West,10-04-2018
10270,Customer_10270,West,04-08-2020
10271,Customer_10271,South,26-09-2018
10272,Customer_10272,South,11-08-2019
10273,Customer_10273,East,01-04-2019
10274,Customer_10274,South,14-06-2019
10275,Customer_10275,West,15-12-2018
10276,Customer_10276,North,11-10-2018
10277,Customer_10277,West,20-10-2018
10278,Customer_10278,North,11-05-2020
10279,Customer_10279,South,26-04-2019
10280,Customer_10280,West,30-12-2019
10281,Customer_10281,West,27-12-2019
10282,Customer_10282,East,16-06-2019
10283,Customer_10283,North,31-10-2020
10284,Customer_10284,West,19-01-2021
10285,Customer_10285,South,03-05-2019
10286,Customer_10286,South,26-05-2022
10287,Customer_10287,South,28-03-2021
10288,Customer_10288,West,25-05-2020
10289,Customer_10289,West,02-07-2021
10290,Customer_10290,South,19-02-2018
10291,Customer_10291,West,30-03-2021
10292,Customer_10292,East,27-03-2022
10293,Customer_10293,West,13-11-2018
10294,Customer_10294,North,05-11-2020
10295,Customer_10295,East,23-05-2022
10296,Customer_10296,North,07-12-2021
10297,Customer_10297,East,04-06-2018
10298,Customer_10298,East,20-09-2021
10299,Customer_10299,East,02-10-2019
10300,Customer_10300,North,31-10-2019
10301,Customer_10301,East,26-07-2022
10302,Customer_10302,East,12-08-2022
10303,Customer_10303,South,23-08-2020
10304,Customer_10304,North,15-06-2021
10305,Customer_10305,North,29-10-2019
10306,Customer_10306,North,23-09-2019
10307,Customer_10307,West,17-07-2019
10308,Customer_10308,North,06-05-2021
10309,Customer_10309,South,26-09-2020
10310,Customer_10310,East,30-03-2018
10311,Customer_10311,North,18-07-2019
10312,Customer_10312,North,07-03-2020
10313,Customer_10313,West,30-11-2021
10314,Customer_10314,South,25-10-2018
10315,Customer_10315,West,06-03-2022
10316,Customer_10316,East,18-04-2020
10317,Customer_10317,East,08-07-2018
10318,Customer_10318,South,30-01-2023
10319,Customer_10319,West,23-01-2019
10320,Customer_10320,East,23-12-2020
10321,Customer_10321,South,16-06-2023
10322,Customer_10322,East,05-02-2018
10323,Customer_10323,South,28-07-2019
10324,Customer_10324,East,06-06-2020
10325,Customer_10325,West,24-02-2019
10326,Customer_10326,West,16-05-2019
10327,Customer_10327,South,20-02-2018
10328,Customer_10328,South,17-10-2019
10329,Customer_10329,East,30-06-2019
10330,Customer_10330,South,22-09-2022
10331,Customer_10331,East,24-01-2023
10332,Customer_10332,East,10-09-2018
10333,Customer_10333,East,29-12-2021
10334,Customer_10334,South,07-05-2018
10335,Customer_10335,South,25-05-2023
10336,Customer_10336,North,17-01-2018
10337,Customer_10337,East,22-08-2021
10338,Customer_10338,North,29-07-2021
10339,Customer_10339,South,25-03-2020
10340,Customer_10340,North,04-07-2021
10341,Customer_10341,East,31-01-2018
10342,Customer_10342,West,11-07-2018
10343,Customer_10343,West,20-04-2021
10344,Customer_10344,West,21-09-2021
10345,Customer_10345,South,25-07-2018
10346,Customer_10346,South,03-12-2020
10347,Customer_10347,South,12-11-2022
10348,Customer_10348,East,07-01-2020
10349,Customer_10349,West,11-12-2022
10350,Customer_10350,South,21-06-2018
10351,Customer_10351,South,03-06-2019
10352,Customer_10352,East,10-07-2020
10353,Customer_10353,West,05-11-2019
10354,Customer_10354,East,03-04-2021
10355,Customer_10355,North,04-11-2021
10356,Customer_10356,West,25-12-2022
10357,Customer_10357,East,17-02-2018
10358,Customer_10358,North,06-05-2019
10359,Customer_10359,East,13-06-2019
10360,Customer_10360,East,07-12-2020
10361,Customer_10361,West,29-03-2019
10362,Customer_10362,East,29-01-2021
10363,Customer_10363,North,27-06-2022
10364,Customer_10364,South,22-07-2020
10365,Customer_10365,East,08-04-2019
10366,Customer_10366,West,07-10-2019
10367,Customer_10367,South,18-11-2018
10368,Customer_10368,North,12-04-2021
10369,Customer_10369,South,02-07-2022
10370,Customer_10370,South,26-01-2020
10371,Customer_10371,North,11-11-2019
10372,Customer_10372,West,11-02-2019
10373,Customer_10373,South,21-11-2020
10374,Customer_10374,North,08-07-2018
10375,Customer_10375,East,12-05-2019
10376,Customer_10376,North,02-03-2023
10377,Customer_10377,East,26-02-2020
10378,Customer_10378,West,26-06-2022
10379,Customer_10379,North,18-06-2019
10380,Customer_10380,North,11-08-2022
10381,Customer_10381,North,02-12-2019
10382,Customer_10382,West,02-04-2018
10383,Customer_10383,East,03-02-2022
10384,Customer_10384,East,29-11-2018
10385,Customer_10385,East,10-11-2018
10386,Customer_10386,North,28-02-2021
10387,Customer_10387,East,26-12-2019
10388,Customer_10388,East,29-12-2022
10389,Customer_10389,West,27-06-2020
10390,Customer_10390,North,15-02-2022
10391,Customer_10391,East,01-12-2022
10392,Customer_10392,West,24-02-2023
10393,Customer_10393,South,07-08-2020
10394,Customer_10394,East,28-01-2020
10395,Customer_10395,North,02-08-2021
10396,Customer_10396,South,31-10-2022
10397,Customer_10397,East,19-11-2020
10398,Customer_10398,North,11-08-2019
10399,Customer_10399,West,05-06-2018
10400,Customer_10400,North,20-06-2022
10401,Customer_10401,West,06-09-2020
10402,Customer_10402,South,10-06-2020
10403,Customer_10403,East,30-01-2018
10404,Customer_10404,West,26-04-2021
10405,Customer_10405,North,16-08-2019
10406,Customer_10406,South,06-08-2018
10407,Customer_10407,West,15-03-2021
10408,Customer_10408,West,21-01-2023
10409,Customer_10409,West,10-06-2021
10410,Customer_10410,East,18-11-2020
10411,Customer_10411,West,21-01-2019
10412,Customer_10412,South,20-06-2019
10413,Customer_10413,South,18-06-2022
10414,Customer_10414,East,07-07-2019
10415,Customer_10415,North,05-08-2018
10416,Customer_10416,South,23-02-2018
10417,Customer_10417,East,23-04-2022
10418,Customer_10418,North,22-01-2018
10419,Customer_10419,East,06-01-2021
10420,Customer_10420,North,18-10-2019
10421,Customer_10421,East,06-06-2023
10422,Customer_10422,South,03-06-2021
10423,Customer_10423,East,11-02-2023
10424,Customer_10424,West,18-08-2020
10425,Customer_10425,East,14-12-2022
10426,Customer_10426,East,27-10-2018
10427,Customer_10427,South,03-01-2023
10428,Customer_10428,South,28-07-2021
10429,Customer_10429,East,27-04-2023
10430,Customer_10430,North,21-02-2022
10431,Customer_10431,West,03-09-2018
10432,Customer_10432,West,17-02-2018
10433,Customer_10433,North,03-07-2021
10434,Customer_10434,South,04-08-2020
10435,Customer_10435,South,29-07-2018
10436,Customer_10436,North,10-05-2021
10437,Customer_10437,North,10-09-2018
10438,Customer_10438,West,22-11-2018
10439,Customer_10439,West,31-07-2021
10440,Customer_10440,East,27-05-2023
10441,Customer_10441,North,31-10-2018
10442,Customer_10442,South,18-05-2019
10443,Customer_10443,West,01-08-2019
10444,Customer_10444,North,15-05-2018
10445,Customer_10445,West,29-03-2023
10446,Customer_10446,East,29-09-2018
10447,Customer_10447,West,30-01-2019
10448,Customer_10448,South,23-07-2020
10449,Customer_10449,North,09-06-2020
10450,Customer_10450,South,14-03-2019
10451,Customer_10451,West,05-11-2018
10452,Customer_10452,East,26-10-2018
10453,Customer_10453,East,23-05-2023
10454,Customer_10454,North,16-07-2018
10455,Customer_10455,South,21-06-2020
10456,Customer_10456,North,05-02-2021
10457,Customer_10457,West,24-01-2019
10458,Customer_10458,North,16-03-2019
10459,Customer_10459,West,10-02-2019
10460,Customer_10460,South,30-03-2020
10461,Customer_10461,North,25-09-2020
10462,Customer_10462,West,26-07-2022
10463,Customer_10463,North,10-05-2021
10464,Customer_10464,South,31-05-2018
10465,Customer_10465,North,21-01-2018
10466,Customer_10466,South,06-07-2022
10467,Customer_10467,West,25-06-2020
10468,Customer_10468,East,12-01-2019
10469,Customer_10469,South,15-10-2019
10470,Customer_10470,East,15-08-2020
10471,Customer_10471,East,07-04-2018
10472,Customer_10472,East,28-09-2018
10473,Customer_10473,North,12-03-2019
10474,Customer_10474,East,14-09-2019
10475,Customer_10475,North,25-10-2021
10476,Customer_10476,South,26-08-2021
10477,Customer_10477,North,29-11-2019
10478,Customer_10478,North,07-09-2018
10479,Customer_10479,East,18-11-2021
10480,Customer_10480,East,25-08-2022
10481,Customer_10481,North,16-01-2021
10482,Customer_10482,South,23-05-2022
10483,Customer_10483,North,08-05-2019
10484,Customer_10484,East,12-06-2021
10485,Customer_10485,West,08-10-2018
10486,Customer_10486,South,19-11-2022
10487,Customer_10487,East,02-01-2019
10488,Customer_10488,West,25-12-2020
10489,Customer_10489,West,03-07-2022
10490,Customer_10490,North,10-06-2019
10491,Customer_10491,South,21-03-2021
10492,Customer_10492,East,14-01-2023
10493,Customer_10493,South,21-07-2022
10494,Customer_10494,North,25-04-2021
10495,Customer_10495,North,13-06-2020
10496,Customer_10496,East,30-03-2019
10497,Customer_10497,East,30-08-2018
10498,Customer_10498,East,01-05-2020
10499,Customer_10499,East,05-11-2021
10500,Customer_10500,South,16-02-2019
10501,Customer_10501,North,16-05-2022
10502,Customer_10502,West,15-02-2019
10503,Customer_10503,South,02-10-2018
10504,Customer_10504,West,20-01-2020
10505,Customer_10505,West,07-04-2019
10506,Customer_10506,West,17-01-2022
10507,Customer_10507,East,31-05-2020
10508,Customer_10508,North,17-06-2018
10509,Customer_10509,West,12-07-2021
10510,Customer_10510,West,18-11-2022
10511,Customer_10511,East,20-09-2019
10512,Customer_10512,East,22-11-2019
10513,Customer_10513,North,21-01-2023
10514,Customer_10514,North,07-02-2022
10515,Customer_10515,South,01-11-2021
10516,Customer_10516,South,07-01-2020
10517,Customer_10517,South,03-01-2021
10518,Customer_10518,South,26-01-2019
10519,Customer_10519,South,07-12-2018
10520,Customer_10520,West,08-06-2020
10521,Customer_10521,North,19-12-2022
10522,Customer_10522,East,19-03-2018
10523,Customer_10523,West,31-03-2022
10524,Customer_10524,South,20-09-2019
10525,Customer_10525,West,21-12-2020
10526,Customer_10526,South,16-02-2021
10527,Customer_10527,North,31-05-2020
10528,Customer_10528,North,09-06-2021
10529,Customer_10529,South,24-10-2018
10530,Customer_10530,East,22-03-2019
10531,Customer_10531,East,28-04-2022
10532,Customer_10532,East,29-09-2020
10533,Customer_10533,South,14-02-2022
10534,Customer_10534,North,12-08-2022
10535,Customer_10535,North,01-11-2022
10536,Customer_10536,West,23-06-2023
10537,Customer_10537,East,01-11-2020
10538,Customer_10538,North,14-08-2022
10539,Customer_10539,North,12-06-2021
10540,Customer_10540,West,14-02-2021
10541,Customer_10541,North,16-04-2020
10542,Customer_10542,North,17-11-2021
10543,Customer_10543,West,02-02-2021
10544,Customer_10544,East,31-10-2019
10545,Customer_10545,South,05-07-2020
10546,Customer_10546,South,07-03-2021
10547,Customer_10547,West,10-12-2018
10548,Customer_10548,North,03-01-2022
10549,Customer_10549,East,19-02-2022
10550,Customer_10550,West,06-11-2021
10551,Customer_10551,West,27-12-2018
10552,Customer_10552,West,13-01-2021
10553,Customer_10553,East,25-05-2018
10554,Customer_10554,South,19-06-2020
10555,Customer_10555,South,11-05-2021
10556,Customer_10556,North,13-05-2022
10557,Customer_10557,East,24-12-2019
10558,Customer_10558,South,03-12-2018
10559,Customer_10559,South,23-02-2023
10560,Customer_10560,West,17-12-2018
10561,Customer_10561,East,27-05-2019
10562,Customer_10562,North,20-07-2021
10563,Customer_10563,South,15-07-2018
10564,Customer_10564,West,05-06-2021
10565,Customer_10565,South,03-02-2023
10566,Customer_10566,West,04-09-2018
10567,Customer_10567,East,16-08-2019
10568,Customer_10568,West,13-06-2018
10569,Customer_10569,South,13-05-2023
10570,Customer_10570,South,16-08-2020
10571,Customer_10571,East,13-05-2020
10572,Customer_10572,South,21-10-2018
10573,Customer_10573,South,17-09-2021
10574,Customer_10574,West,23-08-2019
10575,Customer_10575,North,12-04-2022
10576,Customer_10576,West,26-04-2021
10577,Customer_10577,North,10-01-2022
10578,Customer_10578,West,09-05-2019
10579,Customer_10579,South,16-02-2020
10580,Customer_10580,East,06-03-2021
10581,Customer_10581,West,12-05-2023
10582,Customer_10582,West,17-08-2021
10583,Customer_10583,East,17-02-2018
10584,Customer_10584,South,11-11-2022
10585,Customer_10585,West,09-11-2022
10586,Customer_10586,East,07-02-2020
10587,Customer_10587,East,08-05-2023
10588,Customer_10588,West,29-12-2019
10589,Customer_10589,North,29-12-2022
10590,Customer_10590,West,16-02-2022
10591,Customer_10591,South,26-10-2022
10592,Customer_10592,South,09-01-2018
10593,Customer_10593,East,05-02-2018
10594,Customer_10594,East,04-12-2022
10595,Customer_10595,West,02-12-2019
10596,Customer_10596,North,31-10-2022
10597,Customer_10597,East,20-10-2021
10598,Customer_10598,North,13-10-2021
10599,Customer_10599,West,20-07-2019
10600,Customer_10600,West,26-05-2022
10601,Customer_10601,South,12-11-2020
10602,Customer_10602,West,01-05-2020
10603,Customer_10603,South,11-05-2020
10604,Customer_10604,North,12-01-2023
10605,Customer_10605,South,19-01-2019
10606,Customer_10606,North,03-08-2020
10607,Customer_10607,South,03-11-2021
10608,Customer_10608,North,27-02-2019
10609,Customer_10609,North,13-03-2018
10610,Customer_10610,South,01-08-2020
10611,Customer_10611,South,14-04-2021
10612,Customer_10612,North,04-06-2023
10613,Customer_10613,West,11-11-2021
10614,Customer_10614,East,15-11-2018
10615,Customer_10615,East,30-01-2022
10616,Customer_10616,West,07-09-2019
10617,Customer_10617,East,13-04-2018
10618,Customer_10618,East,14-10-2020
10619,Customer_10619,East,14-01-2019
10620,Customer_10620,East,26-12-2021
10621,Customer_10621,North,13-10-2020
10622,Customer_10622,North,25-12-2019
10623,Customer_10623,West,21-07-2021
10624,Customer_10624,West,25-09-2018
10625,Customer_10625,South,27-05-2022
10626,Customer_10626,South,18-03-2023
10627,Customer_10627,West,09-10-2018
10628,Customer_10628,North,08-04-2019
10629,Customer_10629,East,27-11-2022
10630,Customer_10630,West,18-06-2018
10631,Customer_10631,South,06-06-2022
10632,Customer_10632,South,03-02-2023
10633,Customer_10633,East,24-06-2020
10634,Customer_10634,West,13-04-2022
10635,Customer_10635,West,23-09-2020
10636,Customer_10636,East,05-11-2018
10637,Customer_10637,West,21-02-2019
10638,Customer_10638,South,20-12-2022
10639,Customer_10639,North,30-03-2022
10640,Customer_10640,North,13-12-2018
10641,Customer_10641,South,01-04-2019
10642,Customer_10642,East,18-02-2019
10643,Customer_10643,East,08-07-2019
10644,Customer_10644,South,16-02-2020
10645,Customer_10645,North,18-12-2019
10646,Customer_10646,East,05-05-2019
10647,Customer_10647,East,20-05-2022
10648,Customer_10648,North,08-08-2018
10649,Customer_10649,South,05-01-2019
10650,Customer_10650,East,08-06-2018
10651,Customer_10651,East,12-01-2018
10652,Customer_10652,East,06-12-2018
10653,Customer_10653,West,22-10-2021
10654,Customer_10654,East,12-07-2022
10655,Customer_10655,East,26-06-2020
10656,Customer_10656,North,01-12-2021
10657,Customer_10657,North,14-06-2019
10658,Customer_10658,West,30-07-2021
10659,Customer_10659,East,30-09-2021
10660,Customer_10660,South,19-03-2021
10661,Customer_10661,East,07-01-2020
10662,Customer_10662,East,21-12-2022
10663,Customer_10663,North,01-06-2022
10664,Customer_10664,West,06-07-2022
10665,Customer_10665,West,03-11-2020
10666,Customer_10666,West,25-03-2018
10667,Customer_10667,East,23-08-2021
10668,Customer_10668,South,11-02-2023
10669,Customer_10669,East,18-02-2020
10670,Customer_10670,North,27-11-2022
10671,Customer_10671,North,06-04-2019
10672,Customer_10672,West,12-11-2020
10673,Customer_10673,North,02-07-2019
10674,Customer_10674,East,30-05-2023
10675,Customer_10675,East,26-01-2020
10676,Customer_10676,South,24-08-2019
10677,Customer_10677,North,20-01-2022
10678,Customer_10678,West,15-11-2018
10679,Customer_10679,South,04-08-2020
10680,Customer_10680,South,30-03-2019
10681,Customer_10681,West,01-10-2021
10682,Customer_10682,East,16-05-2022
10683,Customer_10683,East,16-01-2023
10684,Customer_10684,South,11-07-2020
10685,Customer_10685,East,08-04-2018
10686,Customer_10686,South,15-02-2022
10687,Customer_10687,North,27-12-2018
10688,Customer_10688,West,13-07-2020
10689,Customer_10689,West,08-04-2023
10690,Customer_10690,East,01-03-2022
10691,Customer_10691,South,29-12-2022
10692,Customer_10692,East,15-08-2018
10693,Customer_10693,South,17-07-2022
10694,Customer_10694,West,13-07-2018
10695,Customer_10695,South,09-12-2020
10696,Customer_10696,North,22-05-2022
10697,Customer_10697,West,02-10-2018
10698,Customer_10698,West,10-03-2018
10699,Customer_10699,East,10-09-2022
10700,Customer_10700,East,08-04-2021
10701,Customer_10701,East,26-12-2021
10702,Customer_10702,West,03-04-2021
10703,Customer_10703,South,06-12-2020
10704,Customer_10704,East,23-06-2023
10705,Customer_10705,North,09-04-2023
10706,Customer_10706,South,29-03-2023
10707,Customer_10707,South,29-04-2022
10708,Customer_10708,North,28-02-2018
10709,Customer_10709,South,17-08-2022
10710,Customer_10710,East,25-11-2019
10711,Customer_10711,East,21-08-2019
10712,Customer_10712,East,23-11-2018
10713,Customer_10713,South,17-10-2021
10714,Customer_10714,East,17-03-2020
10715,Customer_10715,West,01-03-2019
10716,Customer_10716,North,22-11-2019
10717,Customer_10717,West,21-10-2021
10718,Customer_10718,West,06-08-2020
10719,Customer_10719,North,22-08-2021
10720,Customer_10720,North,10-09-2018
10721,Customer_10721,North,19-04-2018
10722,Customer_10722,South,08-08-2021
10723,Customer_10723,North,04-05-2020
10724,Customer_10724,North,14-06-2021
10725,Customer_10725,East,05-06-2022
10726,Customer_10726,South,13-03-2020
10727,Customer_10727,South,05-10-2018
10728,Customer_10728,West,06-09-2020
10729,Customer_10729,North,06-03-2021
10730,Customer_10730,South,24-04-2023
10731,Customer_10731,South,01-06-2022
10732,Customer_10732,East,29-06-2020
10733,Customer_10733,West,05-06-2020
10734,Customer_10734,South,20-05-2022
10735,Customer_10735,North,15-02-2023
10736,Customer_10736,North,20-03-2023
10737,Customer_10737,West,06-01-2020
10738,Customer_10738,East,02-05-2022
10739,Customer_10739,North,25-02-2019
10740,Customer_10740,North,15-06-2021
10741,Customer_10741,South,03-11-2019
10742,Customer_10742,South,18-10-2020
10743,Customer_10743,West,02-12-2018
10744,Customer_10744,South,29-01-2022
10745,Customer_10745,North,10-11-2021
10746,Customer_10746,North,04-03-2023
10747,Customer_10747,West,26-01-2018
10748,Customer_10748,West,29-04-2020
10749,Customer_10749,West,21-03-2023
10750,Customer_10750,East,23-06-2020
10751,Customer_10751,North,25-01-2018
10752,Customer_10752,South,26-03-2020
10753,Customer_10753,North,29-10-2020
10754,Customer_10754,North,13-07-2021
10755,Customer_10755,West,12-10-2022
10756,Customer_10756,East,26-04-2019
10757,Customer_10757,East,20-05-2020
10758,Customer_10758,North,07-10-2021
10759,Customer_10759,South,19-06-2020
10760,Customer_10760,South,13-10-2021
10761,Customer_10761,East,20-11-2022
10762,Customer_10762,South,18-09-2018
10763,Customer_10763,East,16-03-2018
10764,Customer_10764,North,24-10-2019
10765,Customer_10765,East,30-03-2022
10766,Customer_10766,East,07-03-2020
10767,Customer_10767,North,26-01-2022
10768,Customer_10768,East,22-03-2018
10769,Customer_10769,North,21-12-2021
10770,Customer_10770,East,26-04-2018
10771,Customer_10771,South,29-07-2018
10772,Customer_10772,North,25-02-2021
10773,Customer_10773,North,26-04-2020
10774,Customer_10774,North,17-01-2023
10775,Customer_10775,North,08-07-2019
10776,Customer_10776,East,25-05-2018
10777,Customer_10777,East,01-12-2018
10778,Customer_10778,North,21-09-2018
10779,Customer_10779,South,31-12-2019
10780,Customer_10780,West,19-07-2019
10781,Customer_10781,North,21-06-2018
10782,Customer_10782,North,22-06-2023
10783,Customer_10783,South,13-05-2018
10784,Customer_10784,West,09-12-2022
10785,Customer_10785,South,06-02-2022
10786,Customer_10786,East,03-01-2021
10787,Customer_10787,North,20-03-2021
10788,Customer_10788,North,30-01-2020
10789,Customer_10789,North,13-06-2019
10790,Customer_10790,North,24-01-2021
10791,Customer_10791,North,15-04-2019
10792,Customer_10792,South,16-03-2019
10793,Customer_10793,South,05-05-2023
10794,Customer_10794,South,15-08-2021
10795,Customer_10795,North,11-09-2020
10796,Customer_10796,North,14-11-2021
10797,Customer_10797,East,24-03-2023
10798,Customer_10798,North,10-09-2018
10799,Customer_10799,West,20-12-2018
10800,Customer_10800,East,27-06-2018
10801,Customer_10801,North,10-12-2021
10802,Customer_10802,East,08-09-2020
10803,Customer_10803,North,10-07-2022
10804,Customer_10804,East,22-02-2018
10805,Customer_10805,East,22-05-2019
10806,Customer_10806,North,26-10-2019
10807,Customer_10807,South,21-07-2020
10808,Customer_10808,North,09-03-2021
10809,Customer_10809,West,03-04-2020
10810,Customer_10810,North,16-06-2023
10811,Customer_10811,North,01-05-2018
10812,Customer_10812,East,04-06-2020
10813,Customer_10813,West,22-04-2018
10814,Customer_10814,West,26-12-2020
10815,Customer_10815,South,21-04-2023
10816,Customer_10816,South,27-03-2018
10817,Customer_10817,South,08-12-2019
10818,Customer_10818,West,06-01-2020
10819,Customer_10819,South,03-01-2022
10820,Customer_10820,East,10-01-2019
10821,Customer_10821,North,14-04-2020
10822,Customer_10822,East,06-09-2020
10823,Customer_10823,South,10-01-2020
10824,Customer_10824,West,30-10-2021
10825,Customer_10825,South,03-12-2021
10826,Customer_10826,East,13-04-2020
10827,Customer_10827,North,20-03-2018
10828,Customer_10828,West,12-11-2021
10829,Customer_10829,South,30-12-2022
10830,Customer_10830,South,08-04-2020
10831,Customer_10831,East,10-04-2022
10832,Customer_10832,South,22-04-2020
10833,Customer_10833,West,08-07-2021
10834,Customer_10834,West,02-01-2018
10835,Customer_10835,West,15-01-2019
10836,Customer_10836,South,08-08-2020
10837,Customer_10837,East,19-06-2020
10838,Customer_10838,South,28-02-2023
10839,Customer_10839,East,13-10-2018
10840,Customer_10840,South,24-10-2019
10841,Customer_10841,South,24-06-2022
10842,Customer_10842,North,11-04-2023
10843,Customer_10843,East,09-11-2018
10844,Customer_10844,West,07-07-2020
10845,Customer_10845,North,15-01-2023
10846,Customer_10846,South,10-12-2021
10847,Customer_10847,South,07-07-2021
10848,Customer_10848,South,16-05-2018
10849,Customer_10849,East,27-08-2020
10850,Customer_10850,North,01-12-2022
10851,Customer_10851,East,29-10-2018
10852,Customer_10852,South,28-01-2022
10853,Customer_10853,North,04-12-2018
10854,Customer_10854,East,05-06-2023
10855,Customer_10855,South,10-10-2018
10856,Customer_10856,North,10-04-2018
10857,Customer_10857,East,13-07-2019
10858,Customer_10858,East,10-01-2023
10859,Customer_10859,West,07-11-2019
10860,Customer_10860,East,22-05-2019
10861,Customer_10861,East,26-01-2018
10862,Customer_10862,North,18-04-2021
10863,Customer_10863,East,05-09-2019
10864,Customer_10864,South,28-12-2022
10865,Customer_10865,North,01-12-2022
10866,Customer_10866,South,18-11-2022
10867,Customer_10867,West,18-05-2019
10868,Customer_10868,West,11-01-2019
10869,Customer_10869,East,05-07-2022
10870,Customer_10870,South,07-09-2020
10871,Customer_10871,North,25-11-2019
10872,Customer_10872,East,02-01-2018
10873,Customer_10873,East,31-05-2021
10874,Customer_10874,East,10-04-2023
10875,Customer_10875,South,16-01-2020
10876,Customer_10876,South,07-02-2019
10877,Customer_10877,East,16-06-2023
10878,Customer_10878,West,25-04-2023
10879,Customer_10879,South,23-04-2021
10880,Customer_10880,West,24-03-2018
10881,Customer_10881,South,30-06-2021
10882,Customer_10882,West,11-12-2022
10883,Customer_10883,East,25-11-2021
10884,Customer_10884,North,29-07-2020
10885,Customer_10885,South,07-09-2022
10886,Customer_10886,West,28-03-2022
10887,Customer_10887,North,01-10-2022
10888,Customer_10888,North,27-11-2021
10889,Customer_10889,East,26-12-2021
10890,Customer_10890,East,28-01-2021
10891,Customer_10891,South,07-03-2019
10892,Customer_10892,West,09-02-2021
10893,Customer_10893,West,26-03-2021
10894,Customer_10894,North,21-06-2019
10895,Customer_10895,North,17-06-2023
10896,Customer_10896,South,11-06-2018
10897,Customer_10897,East,26-04-2019
10898,Customer_10898,South,13-02-2023
10899,Customer_10899,North,30-01-2022
10900,Customer_10900,North,18-05-2019
10901,Customer_10901,West,19-11-2021
10902,Customer_10902,North,26-04-2018
10903,Customer_10903,South,15-10-2022
10904,Customer_10904,North,20-05-2022
10905,Customer_10905,South,25-09-2021
10906,Customer_10906,South,20-07-2020
10907,Customer_10907,West,24-03-2019
10908,Customer_10908,East,23-08-2020
10909,Customer_10909,East,29-08-2021
10910,Customer_10910,South,14-05-2023
10911,Customer_10911,West,21-12-2021
10912,Customer_10912,West,04-04-2020
10913,Customer_10913,South,04-06-2018
10914,Customer_10914,West,06-09-2019
10915,Customer_10915,South,13-08-2022
10916,Customer_10916,West,20-05-2023
10917,Customer_10917,North,01-04-2019
10918,Customer_10918,East,19-12-2021
10919,Customer_10919,East,31-05-2019
10920,Customer_10920,North,01-04-2019
10921,Customer_10921,West,06-04-2019
10922,Customer_10922,North,01-01-2022
10923,Customer_10923,North,07-11-2021
10924,Customer_10924,South,10-02-2020
10925,Customer_10925,East,20-06-2019
10926,Customer_10926,East,22-08-2019
10927,Customer_10927,East,30-04-2023
10928,Customer_10928,North,20-11-2021
10929,Customer_10929,North,07-09-2022
10930,Customer_10930,East,31-01-2020
10931,Customer_10931,West,15-12-2019
10932,Customer_10932,North,12-12-2019
10933,Customer_10933,East,12-09-2022
10934,Customer_10934,West,23-01-2021
10935,Customer_10935,West,14-10-2021
10936,Customer_10936,South,18-03-2018
10937,Customer_10937,East,20-06-2021
10938,Customer_10938,North,15-12-2021
10939,Customer_10939,East,03-09-2022
10940,Customer_10940,North,23-04-2022
10941,Customer_10941,North,20-05-2020
10942,Customer_10942,West,26-06-2019
10943,Customer_10943,North,07-01-2022
10944,Customer_10944,South,21-08-2020
10945,Customer_10945,North,15-09-2022
10946,Customer_10946,West,06-05-2020
10947,Customer_10947,South,04-09-2020
10948,Customer_10948,North,09-06-2018
10949,Customer_10949,South,01-02-2020
10950,Customer_10950,North,21-03-2018
10951,Customer_10951,South,16-12-2019
10952,Customer_10952,North,05-07-2021
10953,Customer_10953,East,18-01-2022
10954,Customer_10954,West,29-05-2018
10955,Customer_10955,East,11-06-2022
10956,Customer_10956,North,26-06-2018
10957,Customer_10957,East,11-10-2020
10958,Customer_10958,West,17-07-2022
10959,Customer_10959,West,08-12-2018
10960,Customer_10960,West,09-07-2021
10961,Customer_10961,West,30-08-2020
10962,Customer_10962,North,01-06-2022
10963,Customer_10963,West,01-12-2018
10964,Customer_10964,South,30-09-2018
10965,Customer_10965,West,10-02-2018
10966,Customer_10966,West,06-01-2021
10967,Customer_10967,North,28-04-2021
10968,Customer_10968,West,04-06-2018
10969,Customer_10969,West,30-06-2021
10970,Customer_10970,South,14-03-2019
10971,Customer_10971,East,02-08-2022
10972,Customer_10972,North,19-11-2019
10973,Customer_10973,North,05-07-2018
10974,Customer_10974,East,08-10-2021
10975,Customer_10975,North,13-01-2022
10976,Customer_10976,South,22-08-2020
10977,Customer_10977,West,25-04-2021
10978,Customer_10978,North,25-04-2021
10979,Customer_10979,South,14-05-2018
10980,Customer_10980,North,28-01-2018
10981,Customer_10981,West,04-10-2018
10982,Customer_10982,East,11-02-2019
10983,Customer_10983,North,18-04-2019
10984,Customer_10984,West,12-04-2022
10985,Customer_10985,West,11-03-2019
10986,Customer_10986,West,28-05-2022
10987,Customer_10987,South,01-02-2022
10988,Customer_10988,West,11-09-2020
10989,Customer_10989,North,24-03-2018
10990,Customer_10990,South,24-08-2019
10991,Customer_10991,South,14-01-2018
10992,Customer_10992,East,29-04-2018
10993,Customer_10993,East,01-01-2022
10994,Customer_10994,West,31-12-2022
10995,Customer_10995,East,28-01-2021
10996,Customer_10996,South,06-12-2019
10997,Customer_10997,North,12-07-2020
10998,Customer_10998,West,20-10-2022
10999,Customer_10999,East,16-11-2019
11000,Customer_11000,West,29-12-2021
11001,Customer_11001,East,23-11-2021
11002,Customer_11002,West,17-10-2020
11003,Customer_11003,South,30-03-2022
11004,Customer_11004,East,28-01-2019
11005,Customer_11005,South,26-04-2023
11006,Customer_11006,North,14-07-2021
11007,Customer_11007,North,06-08-2021
11008,Customer_11008,East,15-03-2022
11009,Customer_11009,East,28-09-2018
11010,Customer_11010,South,08-05-2020
11011,Customer_11011,East,23-06-2018
11012,Customer_11012,South,27-12-2018
11013,Customer_11013,North,22-08-2018
11014,Customer_11014,West,23-07-2020
11015,Customer_11015,South,01-11-2021
11016,Customer_11016,South,13-05-2021
11017,Customer_11017,East,08-06-2020
11018,Customer_11018,South,19-10-2021
11019,Customer_11019,West,20-09-2018
11020,Customer_11020,South,31-01-2020
11021,Customer_11021,West,05-01-2022
11022,Customer_11022,East,16-04-2020
11023,Customer_11023,East,01-09-2018
11024,Customer_11024,North,13-05-2020
11025,Customer_11025,South,11-04-2023
11026,Customer_11026,South,15-07-2020
11027,Customer_11027,South,10-04-2020
11028,Customer_11028,West,01-09-2019
11029,Customer_11029,South,29-07-2019
11030,Customer_11030,North,09-12-2022
11031,Customer_11031,East,16-11-2020
11032,Customer_11032,South,09-08-2020
11033,Customer_11033,West,21-10-2019
11034,Customer_11034,East,16-05-2021
11035,Customer_11035,North,17-04-2023
11036,Customer_11036,North,01-03-2019
11037,Customer_11037,South,19-10-2021
11038,Customer_11038,East,23-09-2021
11039,Customer_11039,South,10-09-2022
11040,Customer_11040,South,12-02-2021
11041,Customer_11041,East,17-09-2021
11042,Customer_11042,North,18-08-2021
11043,Customer_11043,North,22-09-2020
11044,Customer_11044,North,06-02-2021
11045,Customer_11045,South,26-05-2023
11046,Customer_11046,South,30-09-2019
11047,Customer_11047,East,13-05-2021
11048,Customer_11048,East,07-07-2018
11049,Customer_11049,South,25-02-2021
11050,Customer_11050,South,01-02-2018
11051,Customer_11051,West,20-11-2019
11052,Customer_11052,East,29-04-2022
11053,Customer_11053,South,27-04-2019
11054,Customer_11054,West,09-12-2019
11055,Customer_11055,West,04-05-2019
11056,Customer_11056,North,06-07-2018
11057,Customer_11057,North,27-10-2019
11058,Customer_11058,South,18-06-2022
11059,Customer_11059,North,26-12-2019
11060,Customer_11060,South,23-01-2023
11061,Customer_11061,South,24-08-2021
11062,Customer_11062,East,23-08-2019
11063,Customer_11063,West,28-12-2018
11064,Customer_11064,South,05-05-2022
11065,Customer_11065,South,03-04-2019
11066,Customer_11066,West,09-01-2021
11067,Customer_11067,North,19-09-2020
11068,Customer_11068,West,18-10-2021
11069,Customer_11069,West,05-04-2019
11070,Customer_11070,South,07-03-2018
11071,Customer_11071,West,29-03-2021
11072,Customer_11072,South,02-04-2018
11073,Customer_11073,North,21-12-2019
11074,Customer_11074,South,30-01-2022
11075,Customer_11075,North,21-07-2019
11076,Customer_11076,West,05-09-2019
11077,Customer_11077,West,06-09-2020
11078,Customer_11078,North,01-01-2022
11079,Customer_11079,North,28-11-2021
11080,Customer_11080,West,01-04-2018
11081,Customer_11081,East,02-09-2022
11082,Customer_11082,North,04-01-2019
11083,Customer_11083,North,11-04-2020
11084,Customer_11084,West,30-01-2020
11085,Customer_11085,North,31-03-2022
11086,Customer_11086,West,07-11-2019
11087,Customer_11087,North,09-09-2021
11088,Customer_11088,North,01-10-2022
11089,Customer_11089,South,02-07-2019
11090,Customer_11090,South,03-08-2019
11091,Customer_11091,North,31-03-2018
11092,Customer_11092,North,27-01-2019
11093,Customer_11093,West,17-10-2020
11094,Customer_11094,South,19-03-2019
11095,Customer_11095,West,13-12-2022
11096,Customer_11096,East,15-12-2022
11097,Customer_11097,South,14-05-2021
11098,Customer_11098,East,01-04-2019
11099,Customer_11099,South,28-05-2020
11100,Customer_11100,North,22-04-2020
11101,Customer_11101,West,14-11-2021
11102,Customer_11102,West,10-03-2023
11103,Customer_11103,North,29-01-2022
11104,Customer_11104,North,23-12-2018
11105,Customer_11105,North,19-02-2022
11106,Customer_11106,South,11-05-2021
11107,Customer_11107,East,17-10-2020
11108,Customer_11108,North,16-02-2020
11109,Customer_11109,West,23-11-2022
11110,Customer_11110,South,15-10-2019
11111,Customer_11111,North,26-11-2019
11112,Customer_11112,South,24-12-2022
11113,Customer_11113,South,12-06-2023
11114,Customer_11114,North,29-04-2019
11115,Customer_11115,South,03-05-2020
11116,Customer_11116,South,25-11-2021
11117,Customer_11117,North,14-09-2020
11118,Customer_11118,South,23-11-2021
11119,Customer_11119,East,03-07-2018
11120,Customer_11120,North,21-08-2020
11121,Customer_11121,North,24-10-2018
11122,Customer_11122,West,29-07-2019
11123,Customer_11123,South,10-01-2022
11124,Customer_11124,South,18-02-2021
11125,Customer_11125,East,04-12-2021
11126,Customer_11126,West,25-08-2018
11127,Customer_11127,East,11-04-2018
11128,Customer_11128,South,28-05-2023
11129,Customer_11129,North,14-04-2021
11130,Customer_11130,West,09-10-2021
11131,Customer_11131,South,30-11-2019
11132,Customer_11132,South,09-01-2022
11133,Customer_11133,North,13-08-2022
11134,Customer_11134,East,21-11-2020
11135,Customer_11135,North,25-06-2018
11136,Customer_11136,North,30-08-2018
11137,Customer_11137,North,23-06-2023
11138,Customer_11138,East,23-07-2019
11139,Customer_11139,East,26-09-2021
11140,Customer_11140,East,14-03-2018
11141,Customer_11141,North,07-12-2019
11142,Customer_11142,West,10-10-2018
11143,Customer_11143,West,24-07-2020
11144,Customer_11144,East,08-05-2022
11145,Customer_11145,South,06-05-2023
11146,Customer_11146,East,01-02-2018
11147,Customer_11147,West,10-05-2022
11148,Customer_11148,East,25-05-2021
11149,Customer_11149,East,09-12-2020
11150,Customer_11150,East,06-07-2021
11151,Customer_11151,East,19-05-2022
11152,Customer_11152,West,10-04-2023
11153,Customer_11153,North,07-11-2020
11154,Customer_11154,West,24-02-2021
11155,Customer_11155,North,16-10-2018
11156,Customer_11156,North,13-07-2020
11157,Customer_11157,South,05-12-2019
11158,Customer_11158,West,03-05-2018
11159,Customer_11159,South,08-05-2021
11160,Customer_11160,East,23-09-2020
11161,Customer_11161,West,13-12-2019
11162,Customer_11162,East,19-04-2020
11163,Customer_11163,South,03-12-2019
11164,Customer_11164,South,24-07-2018
11165,Customer_11165,North,04-03-2018
11166,Customer_11166,South,28-02-2018
11167,Customer_11167,South,25-01-2019
11168,Customer_11168,West,10-10-2022
11169,Customer_11169,North,30-09-2021
11170,Customer_11170,East,10-12-2019
11171,Customer_11171,East,29-04-2021
11172,Customer_11172,North,10-04-2020
11173,Customer_11173,East,05-01-2020
11174,Customer_11174,South,20-02-2023
11175,Customer_11175,West,04-04-2023
11176,Customer_11176,South,08-06-2018
11177,Customer_11177,East,04-02-2020
11178,Customer_11178,East,28-09-2018
11179,Customer_11179,South,05-04-2022
11180,Customer_11180,West,11-10-2020
11181,Customer_11181,East,22-09-2022
11182,Customer_11182,South,12-03-2020
11183,Customer_11183,South,29-05-2020
11184,Customer_11184,East,13-09-2020
11185,Customer_11185,North,20-07-2022
11186,Customer_11186,West,13-08-2021
11187,Customer_11187,North,13-12-2021
11188,Customer_11188,East,07-08-2018
11189,Customer_11189,North,12-12-2018
11190,Customer_11190,East,10-03-2022
11191,Customer_11191,North,31-12-2022
11192,Customer_11192,East,11-05-2023
11193,Customer_11193,East,19-02-2018
11194,Customer_11194,North,20-11-2020
11195,Customer_11195,North,20-02-2020
11196,Customer_11196,North,11-06-2018
11197,Customer_11197,North,14-11-2018
11198,Customer_11198,East,11-06-2021
11199,Customer_11199,South,19-07-2020
11200,Customer_11200,West,31-03-2019
11201,Customer_11201,South,02-09-2022
11202,Customer_11202,North,03-04-2022
11203,Customer_11203,South,06-03-2023
11204,Customer_11204,East,21-12-2020
11205,Customer_11205,West,12-12-2018
11206,Customer_11206,North,21-09-2018
11207,Customer_11207,South,22-05-2023
11208,Customer_11208,West,04-12-2020
11209,Customer_11209,East,16-07-2019
11210,Customer_11210,East,13-03-2020
11211,Customer_11211,South,01-03-2023
11212,Customer_11212,North,16-07-2018
11213,Customer_11213,West,02-09-2019
11214,Customer_11214,East,31-03-2018
11215,Customer_11215,North,13-01-2021
11216,Customer_11216,East,09-01-2022
11217,Customer_11217,East,25-11-2022
11218,Customer_11218,South,15-11-2020
11219,Customer_11219,East,14-02-2019
11220,Customer_11220,South,10-10-2021
11221,Customer_11221,North,06-07-2020
11222,Customer_11222,North,18-01-2018
11223,Customer_11223,East,19-07-2019
11224,Customer_11224,North,17-10-2018
11225,Customer_11225,East,03-05-2021
11226,Customer_11226,West,05-08-2019
11227,Customer_11227,South,30-03-2021
11228,Customer_11228,South,11-02-2020
11229,Customer_11229,South,05-01-2022
11230,Customer_11230,East,11-06-2021
11231,Customer_11231,West,20-08-2018
11232,Customer_11232,West,06-03-2023
11233,Customer_11233,North,25-09-2022
11234,Customer_11234,South,13-10-2022
11235,Customer_11235,West,18-02-2022
11236,Customer_11236,South,06-01-2019
11237,Customer_11237,South,24-12-2021
11238,Customer_11238,West,08-10-2018
11239,Customer_11239,South,03-06-2018
11240,Customer_11240,South,09-11-2020
11241,Customer_11241,North,18-05-2019
11242,Customer_11242,West,06-06-2023
11243,Customer_11243,East,30-01-2019
11244,Customer_11244,North,30-07-2019
11245,Customer_11245,West,17-05-2022
11246,Customer_11246,South,30-12-2018
11247,Customer_11247,West,07-06-2019
11248,Customer_11248,West,18-09-2021
11249,Customer_11249,South,11-07-2018
11250,Customer_11250,South,19-05-2023
11251,Customer_11251,North,28-08-2022
11252,Customer_11252,North,22-12-2021
11253,Customer_11253,East,13-01-2022
11254,Customer_11254,East,20-05-2022
11255,Customer_11255,North,12-05-2018
11256,Customer_11256,North,04-07-2019
11257,Customer_11257,North,03-01-2020
11258,Customer_11258,West,10-05-2019
11259,Customer_11259,West,14-08-2022
11260,Customer_11260,West,30-12-2018
11261,Customer_11261,North,14-02-2021
11262,Customer_11262,North,29-05-2018
11263,Customer_11263,West,14-03-2023
11264,Customer_11264,West,29-01-2021
11265,Customer_11265,West,28-06-2021
11266,Customer_11266,West,11-09-2020
11267,Customer_11267,West,01-11-2022
11268,Customer_11268,West,23-11-2018
11269,Customer_11269,North,06-10-2021
11270,Customer_11270,East,14-02-2021
11271,Customer_11271,South,01-07-2021
11272,Customer_11272,North,04-06-2020
11273,Customer_11273,West,16-09-2018
11274,Customer_11274,East,28-10-2018
11275,Customer_11275,West,02-05-2020
11276,Customer_11276,West,05-07-2018
11277,Customer_11277,South,18-05-2023
11278,Customer_11278,South,28-05-2020
11279,Customer_11279,West,09-08-2018
11280,Customer_11280,West,11-06-2018
11281,Customer_11281,North,19-06-2018
11282,Customer_11282,East,20-03-2021
11283,Customer_11283,North,20-12-2021
11284,Customer_11284,South,14-04-2020
11285,Customer_11285,West,15-04-2023
11286,Customer_11286,North,18-01-2021
11287,Customer_11287,North,05-05-2019
11288,Customer_11288,West,28-07-2022
11289,Customer_11289,East,26-08-2018
11290,Customer_11290,North,25-02-2021
11291,Customer_11291,West,03-06-2019
11292,Customer_11292,West,10-06-2019
11293,Customer_11293,North,19-03-2018
11294,Customer_11294,West,08-01-2023
11295,Customer_11295,South,28-06-2022
11296,Customer_11296,East,22-09-2021
11297,Customer_11297,East,11-02-2023
11298,Customer_11298,South,07-02-2022
11299,Customer_11299,South,25-01-2022
11300,Customer_11300,West,20-05-2022
11301,Customer_11301,East,26-01-2022
11302,Customer_11302,North,29-03-2021
11303,Customer_11303,East,05-06-2023
11304,Customer_11304,South,08-02-2018
11305,Customer_11305,North,19-12-2018
11306,Customer_11306,South,03-09-2020
11307,Customer_11307,West,17-07-2020
11308,Customer_11308,North,18-04-2021
11309,Customer_11309,West,29-12-2021
11310,Customer_11310,South,09-03-2021
11311,Customer_11311,North,11-02-2018
11312,Customer_11312,North,18-09-2021
11313,Customer_11313,North,29-03-2021
11314,Customer_11314,East,07-11-2022
11315,Customer_11315,South,26-09-2018
11316,Customer_11316,South,17-05-2019
11317,Customer_11317,South,27-07-2021
11318,Customer_11318,North,01-03-2021
11319,Customer_11319,East,10-11-2018
11320,Customer_11320,North,29-05-2022
11321,Customer_11321,East,18-08-2018
11322,Customer_11322,North,03-03-2020
11323,Customer_11323,South,22-10-2019
11324,Customer_11324,West,21-04-2018
11325,Customer_11325,North,24-01-2018
11326,Customer_11326,West,30-06-2019
11327,Customer_11327,West,11-03-2018
11328,Customer_11328,West,03-10-2019
11329,Customer_11329,East,11-09-2018
11330,Customer_11330,East,10-01-2022
11331,Customer_11331,North,30-12-2021
11332,Customer_11332,East,25-05-2021
11333,Customer_11333,West,06-07-2020
11334,Customer_11334,East,13-01-2020
11335,Customer_11335,West,30-06-2022
11336,Customer_11336,East,22-09-2021
11337,Customer_11337,East,10-04-2023
11338,Customer_11338,East,05-06-2021
11339,Customer_11339,North,23-02-2020
11340,Customer_11340,South,01-05-2022
11341,Customer_11341,East,25-10-2018
11342,Customer_11342,West,06-09-2021
11343,Customer_11343,East,07-07-2022
11344,Customer_11344,South,10-09-2018
11345,Customer_11345,North,17-02-2021
11346,Customer_11346,South,18-11-2019
11347,Customer_11347,North,30-08-2022
11348,Customer_11348,South,30-11-2022
11349,Customer_11349,North,09-06-2022
11350,Customer_11350,West,14-02-2023
11351,Customer_11351,East,02-04-2023
11352,Customer_11352,South,25-04-2018
11353,Customer_11353,North,30-07-2019
11354,Customer_11354,South,07-05-2023
11355,Customer_11355,West,10-08-2020
11356,Customer_11356,East,16-09-2021
11357,Customer_11357,West,14-02-2022
11358,Customer_11358,West,19-09-2022
11359,Customer_11359,South,08-05-2020
11360,Customer_11360,East,05-07-2022
11361,Customer_11361,East,09-01-2018
11362,Customer_11362,South,17-01-2019
11363,Customer_11363,West,11-04-2023
11364,Customer_11364,South,31-07-2021
11365,Customer_11365,South,05-02-2020
11366,Customer_11366,South,22-04-2023
11367,Customer_11367,South,02-10-2019
11368,Customer_11368,East,22-04-2018
11369,Customer_11369,North,12-07-2019
11370,Customer_11370,West,24-06-2022
11371,Customer_11371,South,02-01-2023
11372,Customer_11372,South,26-09-2018
11373,Customer_11373,North,08-04-2018
11374,Customer_11374,East,15-06-2020
11375,Customer_11375,South,30-08-2021
11376,Customer_11376,North,29-06-2020
11377,Customer_11377,South,02-01-2021
11378,Customer_11378,East,21-06-2023
11379,Customer_11379,West,08-07-2018
11380,Customer_11380,North,15-09-2018
11381,Customer_11381,East,19-08-2018
11382,Customer_11382,West,26-01-2020
11383,Customer_11383,West,14-03-2018
11384,Customer_11384,North,18-02-2022
11385,Customer_11385,North,15-10-2020
11386,Customer_11386,North,31-07-2020
11387,Customer_11387,North,13-02-2023
11388,Customer_11388,South,18-06-2019
11389,Customer_11389,South,20-11-2018
11390,Customer_11390,East,29-09-2020
11391,Customer_11391,North,27-03-2022
11392,Customer_11392,South,16-06-2023
11393,Customer_11393,South,06-07-2019
11394,Customer_11394,North,02-10-2020
11395,Customer_11395,East,17-04-2019
11396,Customer_11396,North,04-02-2018
11397,Customer_11397,North,14-04-2022
11398,Customer_11398,South,26-12-2018
11399,Customer_11399,North,27-05-2021
11400,Customer_11400,South,17-12-2020
11401,Customer_11401,East,25-07-2021
11402,Customer_11402,North,22-12-2018
11403,Customer_11403,North,02-11-2021
11404,Customer_11404,South,17-04-2018
11405,Customer_11405,North,25-07-2020
11406,Customer_11406,North,05-04-2019
11407,Customer_11407,South,17-02-2023
11408,Customer_11408,East,12-05-2018
11409,Customer_11409,North,27-04-2022
11410,Customer_11410,East,29-08-2021
11411,Customer_11411,East,02-10-2019
11412,Customer_11412,South,07-10-2019
11413,Customer_11413,East,07-12-2020
11414,Customer_11414,East,31-12-2022
11415,Customer_11415,North,29-09-2019
11416,Customer_11416,North,15-03-2021
11417,Customer_11417,East,06-05-2023
11418,Customer_11418,South,15-11-2021
11419,Customer_11419,East,13-12-2021
11420,Customer_11420,West,19-11-2020
11421,Customer_11421,South,15-02-2019
11422,Customer_11422,East,09-06-2023
11423,Customer_11423,East,30-06-2018
11424,Customer_11424,North,12-12-2019
11425,Customer_11425,North,19-06-2019
11426,Customer_11426,North,28-11-2019
11427,Customer_11427,West,28-06-2020
11428,Customer_11428,North,14-02-2020
11429,Customer_11429,West,23-12-2022
11430,Customer_11430,East,05-08-2020
11431,Customer_11431,West,19-06-2022
11432,Customer_11432,West,24-11-2018
11433,Customer_11433,West,07-06-2022
11434,Customer_11434,North,08-01-2023
11435,Customer_11435,East,18-11-2018
11436,Customer_11436,South,29-10-2018
11437,Customer_11437,North,18-06-2019
11438,Customer_11438,West,22-05-2018
11439,Customer_11439,South,03-12-2020
11440,Customer_11440,East,11-04-2018
11441,Customer_11441,East,24-06-2020
11442,Customer_11442,South,06-01-2020
11443,Customer_11443,West,15-08-2022
11444,Customer_11444,East,11-08-2022
11445,Customer_11445,East,17-07-2020
11446,Customer_11446,West,14-05-2023
11447,Customer_11447,South,12-12-2018
11448,Customer_11448,East,24-01-2020
11449,Customer_11449,West,24-05-2019
11450,Customer_11450,North,04-02-2022
11451,Customer_11451,South,19-05-2023
11452,Customer_11452,East,14-12-2021
11453,Customer_11453,South,09-07-2022
11454,Customer_11454,West,04-12-2020
11455,Customer_11455,East,27-02-2022
11456,Customer_11456,North,31-10-2019
11457,Customer_11457,South,26-02-2021
11458,Customer_11458,South,03-05-2022
11459,Customer_11459,East,19-07-2020
11460,Customer_11460,West,18-06-2018
11461,Customer_11461,West,27-09-2019
11462,Customer_11462,West,10-02-2023
11463,Customer_11463,East,21-11-2020
11464,Customer_11464,South,04-04-2021
11465,Customer_11465,West,03-06-2021
11466,Customer_11466,North,04-07-2018
11467,Customer_11467,South,30-09-2018
11468,Customer_11468,South,14-10-2022
11469,Customer_11469,South,12-04-2018
11470,Customer_11470,South,31-12-2019
11471,Customer_11471,North,28-07-2021
11472,Customer_11472,North,05-03-2023
11473,Customer_11473,South,07-02-2019
11474,Customer_11474,North,25-05-2018
11475,Customer_11475,North,15-01-2020
11476,Customer_11476,West,18-04-2019
11477,Customer_11477,West,14-07-2021
11478,Customer_11478,West,07-06-2022
11479,Customer_11479,East,07-05-2019
11480,Customer_11480,West,23-02-2021
11481,Customer_11481,North,20-09-2021
11482,Customer_11482,North,11-04-2019
11483,Customer_11483,West,07-11-2018
11484,Customer_11484,West,22-10-2018
11485,Customer_11485,West,01-06-2023
11486,Customer_11486,North,24-03-2021
11487,Customer_11487,South,29-03-2019
11488,Customer_11488,North,16-01-2022
11489,Customer_11489,East,29-05-2021
11490,Customer_11490,South,10-05-2018
11491,Customer_11491,South,31-08-2019
11492,Customer_11492,South,12-04-2022
11493,Customer_11493,North,17-05-2022
11494,Customer_11494,South,20-10-2020
11495,Customer_11495,North,26-07-2020
11496,Customer_11496,West,24-10-2018
11497,Customer_11497,North,01-04-2023
11498,Customer_11498,West,01-10-2020
11499,Customer_11499,West,15-02-2023
11500,Customer_11500,South,12-01-2022
11501,Customer_11501,West,05-08-2020
11502,Customer_11502,East,13-05-2022
11503,Customer_11503,East,05-10-2020
11504,Customer_11504,East,20-04-2020
11505,Customer_11505,East,02-05-2023
11506,Customer_11506,North,26-10-2020
11507,Customer_11507,West,18-09-2019
11508,Customer_11508,North,09-12-2021
11509,Customer_11509,South,21-01-2020
11510,Customer_11510,North,28-02-2018
11511,Customer_11511,South,07-08-2020
11512,Customer_11512,West,06-02-2022
11513,Customer_11513,East,28-11-2018
11514,Customer_11514,East,28-04-2018
11515,Customer_11515,South,21-02-2023
11516,Customer_11516,South,24-11-2020
11517,Customer_11517,East,15-02-2021
11518,Customer_11518,West,15-04-2021
11519,Customer_11519,East,14-12-2020
11520,Customer_11520,North,06-01-2018
11521,Customer_11521,West,25-04-2019
11522,Customer_11522,South,23-01-2023
11523,Customer_11523,East,16-02-2021
11524,Customer_11524,East,13-04-2020
11525,Customer_11525,North,01-06-2020
11526,Customer_11526,West,28-04-2018
11527,Customer_11527,North,21-08-2021
11528,Customer_11528,North,07-01-2019
11529,Customer_11529,North,06-07-2021
11530,Customer_11530,North,20-10-2019
11531,Customer_11531,South,04-09-2020
11532,Customer_11532,West,23-11-2019
11533,Customer_11533,South,21-01-2020
11534,Customer_11534,West,25-10-2020
11535,Customer_11535,North,10-01-2023
11536,Customer_11536,West,17-11-2020
11537,Customer_11537,West,26-12-2018
11538,Customer_11538,South,07-03-2020
11539,Customer_11539,West,18-04-2018
11540,Customer_11540,West,30-07-2021
11541,Customer_11541,East,05-06-2018
11542,Customer_11542,West,25-10-2018
11543,Customer_11543,North,27-08-2021
11544,Customer_11544,North,07-01-2021
11545,Customer_11545,South,08-08-2019
11546,Customer_11546,East,30-07-2019
11547,Customer_11547,North,07-09-2019
11548,Customer_11548,West,17-07-2019
11549,Customer_11549,North,01-01-2020
11550,Customer_11550,North,27-09-2020
11551,Customer_11551,North,25-03-2018
11552,Customer_11552,North,30-07-2019
11553,Customer_11553,East,22-06-2022
11554,Customer_11554,East,02-04-2020
11555,Customer_11555,North,11-01-2020
11556,Customer_11556,North,28-01-2022
11557,Customer_11557,West,22-10-2018
11558,Customer_11558,North,21-04-2020
11559,Customer_11559,West,02-09-2019
11560,Customer_11560,South,11-07-2018
11561,Customer_11561,South,26-05-2023
11562,Customer_11562,North,24-04-2023
11563,Customer_11563,West,18-01-2018
11564,Customer_11564,West,27-06-2021
11565,Customer_11565,East,23-01-2020
11566,Customer_11566,North,13-01-2019
11567,Customer_11567,East,21-04-2020
11568,Customer_11568,East,07-06-2020
11569,Customer_11569,East,31-08-2019
11570,Customer_11570,North,13-07-2021
11571,Customer_11571,South,07-12-2020
11572,Customer_11572,West,16-12-2020
11573,Customer_11573,West,26-12-2020
11574,Customer_11574,South,28-11-2018
11575,Customer_11575,East,15-09-2022
11576,Customer_11576,South,02-11-2020
11577,Customer_11577,North,07-01-2022
11578,Customer_11578,West,22-06-2019
11579,Customer_11579,North,05-01-2022
11580,Customer_11580,South,15-04-2018
11581,Customer_11581,West,27-08-2019
11582,Customer_11582,North,07-01-2020
11583,Customer_11583,North,27-08-2019
11584,Customer_11584,South,21-10-2021
11585,Customer_11585,East,16-05-2023
11586,Customer_11586,South,14-04-2018
11587,Customer_11587,South,11-03-2022
11588,Customer_11588,West,26-02-2022
11589,Customer_11589,East,22-06-2019
11590,Customer_11590,North,05-04-2019
11591,Customer_11591,South,06-01-2018
11592,Customer_11592,South,30-12-2021
11593,Customer_11593,South,01-10-2022
11594,Customer_11594,West,18-03-2020
11595,Customer_11595,North,03-04-2023
11596,Customer_11596,West,24-01-2021
11597,Customer_11597,South,31-01-2020
11598,Customer_11598,West,03-10-2021
11599,Customer_11599,East,19-10-2020
11600,Customer_11600,East,02-03-2020
11601,Customer_11601,East,01-06-2018
11602,Customer_11602,West,27-08-2019
11603,Customer_11603,North,16-06-2022
11604,Customer_11604,East,20-03-2020
11605,Customer_11605,East,15-12-2020
11606,Customer_11606,East,14-11-2020
11607,Customer_11607,West,31-07-2018
11608,Customer_11608,South,15-10-2020
11609,Customer_11609,West,14-08-2022
11610,Customer_11610,South,03-02-2023
11611,Customer_11611,West,15-05-2020
11612,Customer_11612,West,29-03-2020
11613,Customer_11613,North,22-12-2018
11614,Customer_11614,South,23-10-2019
11615,Customer_11615,West,12-12-2022
11616,Customer_11616,East,24-12-2020
11617,Customer_11617,East,23-06-2023
11618,Customer_11618,East,29-03-2018
11619,Customer_11619,West,01-11-2022
11620,Customer_11620,North,05-06-2023
11621,Customer_11621,North,11-06-2023
11622,Customer_11622,East,28-04-2022
11623,Customer_11623,East,02-02-2020
11624,Customer_11624,South,06-09-2019
11625,Customer_11625,West,03-09-2020
11626,Customer_11626,West,02-06-2021
11627,Customer_11627,North,24-05-2023
11628,Customer_11628,South,24-08-2018
11629,Customer_11629,South,31-03-2018
11630,Customer_11630,South,28-04-2018
11631,Customer_11631,West,16-04-2021
11632,Customer_11632,West,27-01-2022
11633,Customer_11633,North,04-01-2022
11634,Customer_11634,North,20-07-2022
11635,Customer_11635,East,15-04-2023
11636,Customer_11636,West,22-08-2021
11637,Customer_11637,South,20-05-2023
11638,Customer_11638,East,07-11-2018
11639,Customer_11639,West,14-06-2023
11640,Customer_11640,South,26-09-2020
11641,Customer_11641,West,16-08-2022
11642,Customer_11642,North,08-06-2019
11643,Customer_11643,East,06-02-2023
11644,Customer_11644,South,25-09-2022
11645,Customer_11645,West,24-07-2019
11646,Customer_11646,East,01-04-2019
11647,Customer_11647,West,18-07-2020
11648,Customer_11648,North,28-01-2022
11649,Customer_11649,North,10-01-2023
11650,Customer_11650,East,13-09-2018
11651,Customer_11651,East,20-11-2019
11652,Customer_11652,South,06-07-2022
11653,Customer_11653,South,15-04-2018
11654,Customer_11654,East,25-12-2018
11655,Customer_11655,North,26-03-2022
11656,Customer_11656,North,24-08-2018
11657,Customer_11657,South,20-05-2019
11658,Customer_11658,East,10-08-2022
11659,Customer_11659,South,08-01-2018
11660,Customer_11660,South,10-10-2021
11661,Customer_11661,East,30-04-2019
11662,Customer_11662,West,11-12-2022
11663,Customer_11663,West,09-04-2021
11664,Customer_11664,North,28-06-2019
11665,Customer_11665,South,28-12-2020
11666,Customer_11666,East,20-05-2022
11667,Customer_11667,North,21-10-2018
11668,Customer_11668,West,03-12-2020
11669,Customer_11669,West,06-12-2021
11670,Customer_11670,North,19-01-2019
11671,Customer_11671,East,26-04-2019
11672,Customer_11672,East,31-07-2021
11673,Customer_11673,West,10-06-2018
11674,Customer_11674,South,28-02-2022
11675,Customer_11675,South,12-10-2020
11676,Customer_11676,South,26-04-2020
11677,Customer_11677,East,21-06-2019
11678,Customer_11678,South,23-01-2019
11679,Customer_11679,South,15-06-2019
11680,Customer_11680,North,31-07-2019
11681,Customer_11681,South,20-01-2021
11682,Customer_11682,East,30-09-2018
11683,Customer_11683,North,30-05-2019
11684,Customer_11684,East,04-08-2018
11685,Customer_11685,East,04-03-2018
11686,Customer_11686,West,26-06-2019
11687,Customer_11687,West,01-08-2021
11688,Customer_11688,South,09-02-2021
11689,Customer_11689,North,28-12-2021
11690,Customer_11690,West,06-03-2023
11691,Customer_11691,East,12-11-2019
11692,Customer_11692,East,31-05-2020
11693,Customer_11693,South,20-11-2021
11694,Customer_11694,East,19-10-2021
11695,Customer_11695,East,27-01-2022
11696,Customer_11696,West,30-03-2019
11697,Customer_11697,South,06-02-2019
11698,Customer_11698,South,27-06-2021
11699,Customer_11699,West,27-11-2021
11700,Customer_11700,North,03-02-2022
11701,Customer_11701,East,23-06-2020
11702,Customer_11702,West,19-06-2022
11703,Customer_11703,East,11-03-2022
11704,Customer_11704,North,22-01-2018
11705,Customer_11705,West,02-07-2018
11706,Customer_11706,North,17-03-2020
11707,Customer_11707,North,20-06-2023
11708,Customer_11708,North,10-04-2020
11709,Customer_11709,North,29-08-2019
11710,Customer_11710,West,12-11-2019
11711,Customer_11711,South,11-06-2022
11712,Customer_11712,North,20-05-2019
11713,Customer_11713,West,22-08-2020
11714,Customer_11714,West,22-09-2022
11715,Customer_11715,East,04-11-2019
11716,Customer_11716,West,16-01-2018
11717,Customer_11717,North,11-01-2019
11718,Customer_11718,North,16-05-2023
11719,Customer_11719,West,11-11-2020
11720,Customer_11720,West,23-03-2023
11721,Customer_11721,East,24-03-2021
11722,Customer_11722,East,19-09-2018
11723,Customer_11723,South,22-02-2020
11724,Customer_11724,West,22-08-2020
11725,Customer_11725,West,10-05-2019
11726,Customer_11726,North,07-08-2018
11727,Customer_11727,East,01-01-2019
11728,Customer_11728,East,23-05-2023
11729,Customer_11729,North,02-07-2018
11730,Customer_11730,East,13-01-2021
11731,Customer_11731,North,03-03-2021
11732,Customer_11732,East,09-08-2018
11733,Customer_11733,North,20-04-2021
11734,Customer_11734,North,21-02-2020
11735,Customer_11735,West,18-09-2021
11736,Customer_11736,South,25-03-2019
11737,Customer_11737,South,18-11-2022
11738,Customer_11738,South,20-08-2022
11739,Customer_11739,West,26-11-2018
11740,Customer_11740,West,27-12-2019
11741,Customer_11741,East,10-11-2021
11742,Customer_11742,West,30-01-2021
11743,Customer_11743,North,19-02-2018
11744,Customer_11744,East,08-11-2022
11745,Customer_11745,East,12-07-2020
11746,Customer_11746,West,27-09-2019
11747,Customer_11747,North,19-02-2019
11748,Customer_11748,North,01-05-2018
11749,Customer_11749,South,09-01-2019
11750,Customer_11750,East,04-04-2019
11751,Customer_11751,East,15-12-2019
11752,Customer_11752,West,05-07-2021
11753,Customer_11753,South,13-04-2020
11754,Customer_11754,East,06-07-2019
11755,Customer_11755,East,30-01-2021
11756,Customer_11756,South,08-02-2020
11757,Customer_11757,West,02-12-2019
11758,Customer_11758,South,08-08-2018
11759,Customer_11759,North,22-02-2019
11760,Customer_11760,North,03-07-2022
11761,Customer_11761,East,12-10-2019
11762,Customer_11762,North,29-07-2022
11763,Customer_11763,West,27-01-2019
11764,Customer_11764,East,31-05-2020
11765,Customer_11765,South,30-07-2021
11766,Customer_11766,North,09-08-2020
11767,Customer_11767,North,20-02-2023
11768,Customer_11768,North,15-02-2019
11769,Customer_11769,East,20-02-2021
11770,Customer_11770,South,02-01-2022
11771,Customer_11771,West,25-04-2022
11772,Customer_11772,North,04-05-2018
11773,Customer_11773,East,08-10-2019
11774,Customer_11774,West,09-05-2023
11775,Customer_11775,South,01-07-2018
11776,Customer_11776,East,13-09-2022
11777,Customer_11777,West,11-09-2018
11778,Customer_11778,East,15-04-2019
11779,Customer_11779,West,27-10-2019
11780,Customer_11780,South,30-12-2022
11781,Customer_11781,East,14-06-2020
11782,Customer_11782,East,23-07-2021
11783,Customer_11783,South,20-09-2018
11784,Customer_11784,East,07-06-2023
11785,Customer_11785,North,16-07-2019
11786,Customer_11786,West,12-02-2022
11787,Customer_11787,North,09-11-2022
11788,Customer_11788,West,03-05-2022
11789,Customer_11789,South,02-11-2018
11790,Customer_11790,West,20-08-2022
11791,Customer_11791,West,27-09-2020
11792,Customer_11792,West,25-03-2023
11793,Customer_11793,East,11-07-2018
11794,Customer_11794,South,06-01-2021
11795,Customer_11795,West,24-08-2019
11796,Customer_11796,North,19-03-2023
11797,Customer_11797,South,08-02-2020
11798,Customer_11798,North,03-03-2022
11799,Customer_11799,East,17-07-2022
11800,Customer_11800,North,06-07-2019
11801,Customer_11801,North,22-10-2018
11802,Customer_11802,North,26-01-2023
11803,Customer_11803,South,01-02-2023
11804,Customer_11804,East,08-12-2018
11805,Customer_11805,East,29-11-2020
11806,Customer_11806,South,21-12-2019
11807,Customer_11807,South,28-08-2018
11808,Customer_11808,East,14-02-2023
11809,Customer_11809,West,28-03-2023
11810,Customer_11810,East,25-10-2018
11811,Customer_11811,North,03-03-2018
11812,Customer_11812,South,02-05-2019
11813,Customer_11813,North,22-11-2022
11814,Customer_11814,West,09-11-2021
11815,Customer_11815,South,12-11-2021
11816,Customer_11816,South,01-02-2020
11817,Customer_11817,South,28-09-2022
11818,Customer_11818,West,16-09-2021
11819,Customer_11819,West,04-10-2018
11820,Customer_11820,West,18-09-2021
11821,Customer_11821,East,31-03-2020
11822,Customer_11822,West,19-05-2021
11823,Customer_11823,North,13-04-2023
11824,Customer_11824,North,10-08-2021
11825,Customer_11825,South,03-08-2018
11826,Customer_11826,South,26-12-2022
11827,Customer_11827,South,19-11-2019
11828,Customer_11828,East,16-03-2019
11829,Customer_11829,South,28-08-2021
11830,Customer_11830,West,26-07-2021
11831,Customer_11831,North,28-03-2023
11832,Customer_11832,South,22-10-2021
11833,Customer_11833,North,02-04-2020
11834,Customer_11834,West,03-12-2019
11835,Customer_11835,South,16-03-2022
11836,Customer_11836,West,20-10-2019
11837,Customer_11837,North,11-11-2019
11838,Customer_11838,South,19-05-2019
11839,Customer_11839,West,12-12-2022
11840,Customer_11840,South,02-05-2023
11841,Customer_11841,West,05-12-2019
11842,Customer_11842,North,23-10-2020
11843,Customer_11843,South,06-03-2019
11844,Customer_11844,West,08-12-2022
11845,Customer_11845,East,13-03-2023
11846,Customer_11846,North,18-06-2019
11847,Customer_11847,East,27-07-2019
11848,Customer_11848,South,01-10-2021
11849,Customer_11849,North,20-06-2021
11850,Customer_11850,East,18-03-2019
11851,Customer_11851,North,08-04-2021
11852,Customer_11852,South,18-09-2022
11853,Customer_11853,North,18-04-2018
11854,Customer_11854,South,28-12-2018
11855,Customer_11855,East,15-12-2019
11856,Customer_11856,West,06-04-2023
11857,Customer_11857,South,21-05-2019
11858,Customer_11858,West,17-07-2020
11859,Customer_11859,West,22-04-2023
11860,Customer_11860,North,23-08-2018
11861,Customer_11861,North,20-04-2018
11862,Customer_11862,East,12-03-2022
11863,Customer_11863,West,01-07-2019
11864,Customer_11864,North,04-12-2018
11865,Customer_11865,North,04-07-2022
11866,Customer_11866,East,18-11-2022
11867,Customer_11867,East,29-01-2022
11868,Customer_11868,North,22-10-2019
11869,Customer_11869,East,07-12-2018
11870,Customer_11870,East,30-06-2019
11871,Customer_11871,West,05-03-2019
11872,Customer_11872,East,22-03-2020
11873,Customer_11873,North,27-02-2023
11874,Customer_11874,West,03-03-2020
11875,Customer_11875,South,27-02-2023
11876,Customer_11876,West,27-08-2022
11877,Customer_11877,North,23-08-2020
11878,Customer_11878,East,19-10-2020
11879,Customer_11879,West,08-04-2021
11880,Customer_11880,East,08-02-2018
11881,Customer_11881,West,17-03-2018
11882,Customer_11882,East,16-08-2021
11883,Customer_11883,West,22-01-2022
11884,Customer_11884,South,08-06-2023
11885,Customer_11885,South,26-06-2020
11886,Customer_11886,West,21-01-2020
11887,Customer_11887,East,29-07-2018
11888,Customer_11888,West,03-10-2018
11889,Customer_11889,West,10-10-2021
11890,Customer_11890,North,29-11-2020
11891,Customer_11891,South,17-04-2020
11892,Customer_11892,North,08-04-2018
11893,Customer_11893,West,06-09-2021
11894,Customer_11894,East,25-05-2021
11895,Customer_11895,West,31-05-2018
11896,Customer_11896,South,08-06-2018
11897,Customer_11897,North,29-06-2018
11898,Customer_11898,East,29-12-2020
11899,Customer_11899,East,02-10-2019
11900,Customer_11900,North,05-06-2020
11901,Customer_11901,North,12-08-2018
11902,Customer_11902,South,22-05-2020
11903,Customer_11903,South,18-02-2022
11904,Customer_11904,South,24-08-2020
11905,Customer_11905,West,18-01-2023
11906,Customer_11906,East,14-04-2023
11907,Customer_11907,North,19-12-2021
11908,Customer_11908,West,19-06-2020
11909,Customer_11909,West,04-08-2021
11910,Customer_11910,South,30-07-2019
11911,Customer_11911,North,03-08-2022
11912,Customer_11912,East,26-07-2019
11913,Customer_11913,East,18-09-2019
11914,Customer_11914,South,14-12-2022
11915,Customer_11915,West,09-01-2022
11916,Customer_11916,West,10-07-2018
11917,Customer_11917,West,06-12-2019
11918,Customer_11918,South,10-11-2020
11919,Customer_11919,South,24-01-2022
11920,Customer_11920,East,16-01-2020
11921,Customer_11921,South,20-12-2022
11922,Customer_11922,West,01-06-2020
11923,Customer_11923,South,12-11-2019
11924,Customer_11924,South,02-06-2019
11925,Customer_11925,East,23-05-2023
11926,Customer_11926,North,22-02-2023
11927,Customer_11927,South,16-03-2022
11928,Customer_11928,West,25-06-2018
11929,Customer_11929,East,06-05-2023
11930,Customer_11930,West,26-02-2023
11931,Customer_11931,North,29-08-2018
11932,Customer_11932,East,16-06-2021
11933,Customer_11933,East,01-09-2020
11934,Customer_11934,East,30-06-2019
11935,Customer_11935,North,14-01-2018
11936,Customer_11936,East,01-04-2020
11937,Customer_11937,North,21-06-2023
11938,Customer_11938,South,18-07-2018
11939,Customer_11939,East,02-03-2020
11940,Customer_11940,North,05-04-2020
11941,Customer_11941,West,06-04-2020
11942,Customer_11942,West,03-12-2019
11943,Customer_11943,South,04-03-2021
11944,Customer_11944,North,23-11-2021
11945,Customer_11945,North,28-10-2021
11946,Customer_11946,North,17-04-2019
11947,Customer_11947,East,05-04-2022
11948,Customer_11948,East,12-07-2018
11949,Customer_11949,West,05-11-2019
11950,Customer_11950,East,05-02-2019
11951,Customer_11951,North,17-02-2020
11952,Customer_11952,East,24-05-2018
11953,Customer_11953,North,22-06-2020
11954,Customer_11954,North,24-08-2019
11955,Customer_11955,West,09-12-2018
11956,Customer_11956,West,10-04-2019
11957,Customer_11957,West,03-11-2020
11958,Customer_11958,North,31-07-2022
11959,Customer_11959,South,11-11-2019
11960,Customer_11960,North,22-11-2019
11961,Customer_11961,North,11-02-2018
11962,Customer_11962,East,04-05-2022
11963,Customer_11963,East,08-07-2021
11964,Customer_11964,South,03-03-2021
11965,Customer_11965,West,22-08-2021
11966,Customer_11966,South,29-06-2019
11967,Customer_11967,West,02-01-2022
11968,Customer_11968,North,19-08-2019
11969,Customer_11969,West,13-03-2020
11970,Customer_11970,South,30-07-2018
11971,Customer_11971,North,20-04-2023
11972,Customer_11972,West,16-03-2023
11973,Customer_11973,West,17-03-2020
11974,Customer_11974,East,27-12-2019
11975,Customer_11975,South,21-09-2020
11976,Customer_11976,East,19-04-2020
11977,Customer_11977,South,05-07-2022
11978,Customer_11978,North,15-05-2022
11979,Customer_11979,East,21-06-2023
11980,Customer_11980,West,11-08-2021
11981,Customer_11981,South,10-01-2023
11982,Customer_11982,North,17-09-2022
11983,Customer_11983,West,03-06-2021
11984,Customer_11984,South,08-10-2018
11985,Customer_11985,South,13-12-2018
11986,Customer_11986,South,12-10-2022
11987,Customer_11987,North,16-09-2021
11988,Customer_11988,West,05-03-2018
11989,Customer_11989,East,20-02-2019
11990,Customer_11990,East,19-12-2019
11991,Customer_11991,West,29-03-2022
11992,Customer_11992,South,14-08-2020
11993,Customer_11993,West,22-12-2018
11994,Customer_11994,South,25-07-2018
11995,Customer_11995,East,07-02-2022
11996,Customer_11996,South,21-02-2021
11997,Customer_11997,West,06-01-2018
11998,Customer_11998,North,20-01-2020
11999,Customer_11999,West,23-06-2021
12000,Customer_12000,West,09-03-2021
12001,Customer_12001,South,21-07-2019
12002,Customer_12002,South,12-01-2021
12003,Customer_12003,South,24-11-2018
12004,Customer_12004,South,01-11-2020
12005,Customer_12005,North,09-09-2020
12006,Customer_12006,North,05-08-2020
12007,Customer_12007,South,26-05-2021
12008,Customer_12008,South,03-06-2018
12009,Customer_12009,South,08-03-2018
12010,Customer_12010,North,09-06-2022
12011,Customer_12011,East,17-01-2021
12012,Customer_12012,South,06-04-2021
12013,Customer_12013,East,01-01-2022
12014,Customer_12014,South,22-08-2018
12015,Customer_12015,East,17-03-2020
12016,Customer_12016,West,09-03-2021
12017,Customer_12017,East,08-07-2021
12018,Customer_12018,East,23-05-2023
12019,Customer_12019,West,02-02-2023
12020,Customer_12020,East,14-02-2018
12021,Customer_12021,South,03-01-2023
12022,Customer_12022,North,11-09-2018
12023,Customer_12023,South,03-05-2019
12024,Customer_12024,West,13-03-2020
12025,Customer_12025,South,25-01-2022
12026,Customer_12026,North,17-01-2020
12027,Customer_12027,North,05-07-2021
12028,Customer_12028,East,20-12-2020
12029,Customer_12029,North,02-09-2020
12030,Customer_12030,South,21-10-2020
12031,Customer_12031,North,31-01-2018
12032,Customer_12032,East,07-10-2019
12033,Customer_12033,East,13-10-2019
12034,Customer_12034,North,10-02-2018
12035,Customer_12035,North,11-04-2022
12036,Customer_12036,South,08-06-2021
12037,Customer_12037,South,27-04-2018
12038,Customer_12038,West,15-10-2018
12039,Customer_12039,East,19-06-2023
12040,Customer_12040,South,16-10-2018
12041,Customer_12041,East,01-06-2023
12042,Customer_12042,South,16-10-2020
12043,Customer_12043,West,20-01-2019
12044,Customer_12044,West,03-10-2019
12045,Customer_12045,North,12-02-2020
12046,Customer_12046,West,02-01-2019
12047,Customer_12047,East,22-10-2021
12048,Customer_12048,North,01-05-2022
12049,Customer_12049,East,25-10-2022
12050,Customer_12050,East,24-09-2018
12051,Customer_12051,North,20-01-2022
12052,Customer_12052,South,28-09-2018
12053,Customer_12053,East,26-11-2018
12054,Customer_12054,South,11-04-2023
12055,Customer_12055,North,27-07-2018
12056,Customer_12056,South,14-08-2020
12057,Customer_12057,North,08-11-2020
12058,Customer_12058,South,20-02-2022
12059,Customer_12059,South,15-03-2019
12060,Customer_12060,North,20-02-2022
12061,Customer_12061,West,26-05-2019
12062,Customer_12062,West,20-01-2023
12063,Customer_12063,West,25-11-2019
12064,Customer_12064,South,10-10-2020
12065,Customer_12065,East,24-06-2020
12066,Customer_12066,South,01-09-2019
12067,Customer_12067,North,29-09-2020
12068,Customer_12068,North,25-04-2023
12069,Customer_12069,North,20-04-2019
12070,Customer_12070,North,12-04-2018
12071,Customer_12071,North,04-08-2018
12072,Customer_12072,North,13-08-2021
12073,Customer_12073,South,13-08-2020
12074,Customer_12074,East,19-11-2022
12075,Customer_12075,North,16-04-2023
12076,Customer_12076,South,26-11-2022
12077,Customer_12077,South,20-04-2020
12078,Customer_12078,South,24-02-2023
12079,Customer_12079,East,21-10-2018
12080,Customer_12080,South,11-02-2018
12081,Customer_12081,South,28-12-2019
12082,Customer_12082,South,15-12-2019
12083,Customer_12083,East,14-08-2020
12084,Customer_12084,South,19-02-2023
12085,Customer_12085,South,26-02-2020
12086,Customer_12086,East,07-06-2022
12087,Customer_12087,West,25-01-2021
12088,Customer_12088,West,09-05-2018
12089,Customer_12089,East,31-03-2021
12090,Customer_12090,North,31-05-2020
12091,Customer_12091,East,09-08-2019
12092,Customer_12092,South,27-05-2022
12093,Customer_12093,West,16-06-2018
12094,Customer_12094,West,13-09-2021
12095,Customer_12095,South,13-09-2020
12096,Customer_12096,North,22-05-2022
12097,Customer_12097,East,24-12-2021
12098,Customer_12098,East,11-09-2020
12099,Customer_12099,West,01-12-2019
12100,Customer_12100,East,26-04-2019
12101,Customer_12101,East,04-02-2020
12102,Customer_12102,East,19-07-2018
12103,Customer_12103,West,17-06-2022
12104,Customer_12104,South,12-11-2022
12105,Customer_12105,South,12-01-2019
12106,Customer_12106,West,25-07-2018
12107,Customer_12107,West,08-05-2018
12108,Customer_12108,South,11-07-2020
12109,Customer_12109,North,06-04-2018
12110,Customer_12110,South,14-02-2022
12111,Customer_12111,East,25-03-2023
12112,Customer_12112,East,16-04-2019
12113,Customer_12113,West,13-01-2021
12114,Customer_12114,North,01-06-2019
12115,Customer_12115,West,30-09-2022
12116,Customer_12116,North,11-02-2022
12117,Customer_12117,South,01-09-2022
12118,Customer_12118,North,26-11-2022
12119,Customer_12119,South,12-12-2019
12120,Customer_12120,West,26-05-2018
12121,Customer_12121,East,26-07-2018
12122,Customer_12122,West,02-11-2018
12123,Customer_12123,East,24-02-2023
12124,Customer_12124,West,16-03-2020
12125,Customer_12125,South,01-05-2020
12126,Customer_12126,North,17-09-2022
12127,Customer_12127,South,06-06-2018
12128,Customer_12128,North,13-12-2018
12129,Customer_12129,South,02-01-2021
12130,Customer_12130,West,20-07-2018
12131,Customer_12131,West,04-07-2018
12132,Customer_12132,North,12-02-2020
12133,Customer_12133,North,08-03-2021
12134,Customer_12134,East,18-03-2021
12135,Customer_12135,West,10-12-2019
12136,Customer_12136,North,21-07-2018
12137,Customer_12137,East,15-12-2021
12138,Customer_12138,North,30-10-2020
12139,Customer_12139,North,09-11-2022
12140,Customer_12140,South,13-11-2020
12141,Customer_12141,North,11-08-2021
12142,Customer_12142,East,22-10-2018
12143,Customer_12143,North,25-04-2018
12144,Customer_12144,East,05-11-2018
12145,Customer_12145,South,08-02-2020
12146,Customer_12146,South,02-12-2022
12147,Customer_12147,East,27-01-2019
12148,Customer_12148,North,10-05-2019
12149,Customer_12149,South,01-06-2018
12150,Customer_12150,South,03-04-2023
12151,Customer_12151,West,07-09-2021
12152,Customer_12152,South,22-06-2021
12153,Customer_12153,West,19-03-2018
12154,Customer_12154,North,25-06-2019
12155,Customer_12155,North,10-10-2019
12156,Customer_12156,West,09-12-2019
12157,Customer_12157,West,16-07-2020
12158,Customer_12158,West,09-02-2021
12159,Customer_12159,East,11-10-2021
12160,Customer_12160,East,09-01-2019
12161,Customer_12161,South,25-12-2020
12162,Customer_12162,East,14-03-2019
12163,Customer_12163,East,01-05-2018
12164,Customer_12164,West,04-03-2019
12165,Customer_12165,North,19-09-2020
12166,Customer_12166,North,26-04-2019
12167,Customer_12167,North,14-06-2022
12168,Customer_12168,West,13-08-2019
12169,Customer_12169,West,27-02-2018
12170,Customer_12170,West,22-02-2022
12171,Customer_12171,South,18-04-2022
12172,Customer_12172,North,24-08-2018
12173,Customer_12173,East,02-09-2020
12174,Customer_12174,North,11-07-2022
12175,Customer_12175,South,08-01-2020
12176,Customer_12176,South,21-08-2019
12177,Customer_12177,West,05-09-2018
12178,Customer_12178,West,22-05-2018
12179,Customer_12179,West,07-01-2022
12180,Customer_12180,South,19-02-2023
12181,Customer_12181,East,28-08-2020
12182,Customer_12182,South,05-06-2019
12183,Customer_12183,North,26-10-2020
12184,Customer_12184,East,22-05-2021
12185,Customer_12185,East,09-07-2018
12186,Customer_12186,West,28-09-2019
12187,Customer_12187,West,09-05-2019
12188,Customer_12188,North,04-03-2018
12189,Customer_12189,West,14-05-2022
12190,Customer_12190,North,04-02-2022
12191,Customer_12191,East,19-05-2020
12192,Customer_12192,North,08-07-2018
12193,Customer_12193,South,02-03-2021
12194,Customer_12194,South,21-11-2020
12195,Customer_12195,South,30-10-2022
12196,Customer_12196,North,20-07-2019
12197,Customer_12197,North,28-10-2021
12198,Customer_12198,East,11-10-2019
12199,Customer_12199,North,26-06-2018
12200,Customer_12200,West,06-07-2021
12201,Customer_12201,West,16-01-2018
12202,Customer_12202,South,03-06-2022
12203,Customer_12203,South,09-11-2022
12204,Customer_12204,West,28-04-2022
12205,Customer_12205,West,08-11-2018
12206,Customer_12206,West,01-05-2020
12207,Customer_12207,West,17-05-2023
12208,Customer_12208,West,06-07-2019
12209,Customer_12209,East,04-02-2019
12210,Customer_12210,West,25-03-2021
12211,Customer_12211,South,24-01-2022
12212,Customer_12212,North,29-06-2019
12213,Customer_12213,West,19-09-2018
12214,Customer_12214,South,26-07-2022
12215,Customer_12215,West,10-04-2023
12216,Customer_12216,South,23-06-2021
12217,Customer_12217,East,22-08-2021
12218,Customer_12218,East,26-03-2022
12219,Customer_12219,North,17-01-2022
12220,Customer_12220,East,29-10-2020
12221,Customer_12221,North,25-04-2022
12222,Customer_12222,West,09-11-2021
12223,Customer_12223,West,11-06-2021
12224,Customer_12224,West,23-10-2022
12225,Customer_12225,South,10-04-2023
12226,Customer_12226,West,28-07-2018
12227,Customer_12227,East,17-05-2023
12228,Customer_12228,West,08-09-2018
12229,Customer_12229,North,21-06-2022
12230,Customer_12230,West,07-01-2018
12231,Customer_12231,South,08-04-2020
12232,Customer_12232,East,19-02-2021
12233,Customer_12233,North,17-05-2021
12234,Customer_12234,North,28-07-2019
12235,Customer_12235,West,02-12-2019
12236,Customer_12236,North,02-12-2019
12237,Customer_12237,North,29-04-2020
12238,Customer_12238,North,21-11-2019
12239,Customer_12239,South,02-06-2020
12240,Customer_12240,South,08-01-2020
12241,Customer_12241,West,22-07-2022
12242,Customer_12242,South,05-01-2022
12243,Customer_12243,South,18-01-2021
12244,Customer_12244,West,28-10-2019
12245,Customer_12245,South,06-09-2020
12246,Customer_12246,East,11-03-2023
12247,Customer_12247,North,26-06-2019
12248,Customer_12248,West,14-11-2022
12249,Customer_12249,South,03-04-2018
12250,Customer_12250,South,11-06-2020
12251,Customer_12251,West,19-03-2023
12252,Customer_12252,West,27-06-2018
12253,Customer_12253,West,31-07-2018
12254,Customer_12254,West,22-11-2022
12255,Customer_12255,North,02-01-2020
12256,Customer_12256,North,14-01-2020
12257,Customer_12257,West,15-11-2020
12258,Customer_12258,North,11-08-2019
12259,Customer_12259,East,20-12-2018
12260,Customer_12260,West,17-04-2023
12261,Customer_12261,North,11-08-2021
12262,Customer_12262,West,06-12-2019
12263,Customer_12263,East,19-05-2020
12264,Customer_12264,South,08-01-2018
12265,Customer_12265,North,29-12-2019
12266,Customer_12266,East,26-09-2020
12267,Customer_12267,West,05-06-2020
12268,Customer_12268,West,18-01-2022
12269,Customer_12269,North,26-11-2020
12270,Customer_12270,North,08-04-2021
12271,Customer_12271,South,04-01-2020
12272,Customer_12272,West,20-12-2020
12273,Customer_12273,North,22-06-2020
12274,Customer_12274,East,24-08-2019
12275,Customer_12275,South,09-10-2019
12276,Customer_12276,West,21-06-2020
12277,Customer_12277,North,29-12-2020
12278,Customer_12278,East,29-06-2018
12279,Customer_12279,North,21-12-2019
12280,Customer_12280,North,23-06-2023
12281,Customer_12281,South,06-08-2018
12282,Customer_12282,North,25-08-2018
12283,Customer_12283,East,19-03-2018
12284,Customer_12284,East,15-05-2018
12285,Customer_12285,West,12-11-2018
12286,Customer_12286,East,11-09-2018
12287,Customer_12287,North,07-11-2019
12288,Customer_12288,North,24-11-2021
12289,Customer_12289,North,21-03-2021
12290,Customer_12290,East,08-04-2023
12291,Customer_12291,South,01-06-2019
12292,Customer_12292,West,30-11-2019
12293,Customer_12293,South,15-11-2020
12294,Customer_12294,South,23-01-2022
12295,Customer_12295,East,28-01-2023
12296,Customer_12296,North,23-02-2019
12297,Customer_12297,East,12-01-2018
12298,Customer_12298,South,17-08-2018
12299,Customer_12299,West,05-10-2021
12300,Customer_12300,East,26-10-2022
12301,Customer_12301,North,29-07-2022
12302,Customer_12302,East,18-02-2022
12303,Customer_12303,East,19-06-2022
12304,Customer_12304,South,25-08-2022
12305,Customer_12305,North,25-08-2019
12306,Customer_12306,West,13-02-2022
12307,Customer_12307,North,18-08-2021
12308,Customer_12308,South,03-02-2019
12309,Customer_12309,South,13-05-2022
12310,Customer_12310,West,29-02-2020
12311,Customer_12311,East,04-02-2023
12312,Customer_12312,North,12-07-2020
12313,Customer_12313,North,20-05-2018
12314,Customer_12314,North,05-08-2022
12315,Customer_12315,East,20-08-2018
12316,Customer_12316,West,17-12-2019
12317,Customer_12317,West,04-11-2019
12318,Customer_12318,East,04-02-2020
12319,Customer_12319,East,06-07-2019
12320,Customer_12320,North,14-09-2018
12321,Customer_12321,East,10-04-2023
12322,Customer_12322,East,29-12-2021
12323,Customer_12323,East,06-12-2019
12324,Customer_12324,West,14-02-2023
12325,Customer_12325,South,20-11-2019
12326,Customer_12326,East,22-09-2018
12327,Customer_12327,West,09-07-2020
12328,Customer_12328,East,05-02-2023
12329,Customer_12329,East,14-03-2021
12330,Customer_12330,East,01-07-2018
12331,Customer_12331,East,20-02-2022
12332,Customer_12332,North,05-06-2023
12333,Customer_12333,West,20-04-2021
12334,Customer_12334,North,05-06-2018
12335,Customer_12335,West,10-11-2019
12336,Customer_12336,East,17-03-2023
12337,Customer_12337,North,25-02-2020
12338,Customer_12338,East,20-04-2021
12339,Customer_12339,West,01-07-2022
12340,Customer_12340,South,27-07-2018
12341,Customer_12341,East,10-04-2022
12342,Customer_12342,East,26-05-2023
12343,Customer_12343,South,20-06-2020
12344,Customer_12344,North,02-11-2020
12345,Customer_12345,West,09-07-2022
12346,Customer_12346,North,22-03-2021
12347,Customer_12347,South,24-08-2019
12348,Customer_12348,West,21-02-2023
12349,Customer_12349,North,10-07-2022
12350,Customer_12350,South,03-09-2020
12351,Customer_12351,North,06-08-2022
12352,Customer_12352,North,07-08-2019
12353,Customer_12353,South,10-09-2018
12354,Customer_12354,East,06-06-2023
12355,Customer_12355,South,17-07-2022
12356,Customer_12356,North,19-07-2022
12357,Customer_12357,East,17-04-2022
12358,Customer_12358,South,17-09-2018
12359,Customer_12359,North,26-02-2022
12360,Customer_12360,North,16-09-2021
12361,Customer_12361,South,13-08-2018
12362,Customer_12362,North,01-10-2020
12363,Customer_12363,North,01-01-2018
12364,Customer_12364,South,20-05-2020
12365,Customer_12365,East,11-04-2019
12366,Customer_12366,West,09-11-2018
12367,Customer_12367,West,24-03-2019
12368,Customer_12368,South,07-08-2022
12369,Customer_12369,West,06-12-2020
12370,Customer_12370,South,29-04-2018
12371,Customer_12371,East,15-08-2020
12372,Customer_12372,East,22-02-2020
12373,Customer_12373,South,05-12-2018
12374,Customer_12374,West,07-05-2019
12375,Customer_12375,East,28-07-2020
12376,Customer_12376,West,23-04-2020
12377,Customer_12377,South,19-03-2018
12378,Customer_12378,South,12-06-2023
12379,Customer_12379,West,12-09-2021
12380,Customer_12380,South,02-01-2023
12381,Customer_12381,North,17-05-2021
12382,Customer_12382,South,18-02-2021
12383,Customer_12383,East,10-04-2023
12384,Customer_12384,South,16-10-2020
12385,Customer_12385,North,07-08-2018
12386,Customer_12386,East,24-10-2020
12387,Customer_12387,West,06-02-2023
12388,Customer_12388,South,27-02-2018
12389,Customer_12389,North,04-11-2020
12390,Customer_12390,North,09-03-2023
12391,Customer_12391,East,23-02-2020
12392,Customer_12392,East,25-01-2022
12393,Customer_12393,East,19-06-2022
12394,Customer_12394,West,03-09-2019
12395,Customer_12395,East,18-03-2018
12396,Customer_12396,West,20-04-2021
12397,Customer_12397,East,20-03-2023
12398,Customer_12398,North,23-03-2021
12399,Customer_12399,North,08-11-2020
12400,Customer_12400,North,13-10-2022
12401,Customer_12401,North,06-10-2019
12402,Customer_12402,South,02-08-2020
12403,Customer_12403,South,15-04-2022
12404,Customer_12404,South,03-12-2021
12405,Customer_12405,North,22-12-2018
12406,Customer_12406,South,13-07-2020
12407,Customer_12407,West,03-03-2019
12408,Customer_12408,South,22-06-2021
12409,Customer_12409,South,20-08-2022
12410,Customer_12410,East,19-05-2020
12411,Customer_12411,East,05-07-2019
12412,Customer_12412,North,23-03-2021
12413,Customer_12413,East,31-05-2019
12414,Customer_12414,North,11-01-2022
12415,Customer_12415,East,06-08-2020
12416,Customer_12416,East,24-06-2022
12417,Customer_12417,West,12-01-2018
12418,Customer_12418,West,12-05-2019
12419,Customer_12419,South,12-06-2023
12420,Customer_12420,North,20-03-2022
12421,Customer_12421,East,27-04-2023
12422,Customer_12422,South,19-01-2020
12423,Customer_12423,West,08-09-2020
12424,Customer_12424,South,22-04-2023
12425,Customer_12425,South,04-04-2023
12426,Customer_12426,West,28-10-2022
12427,Customer_12427,East,01-06-2022
12428,Customer_12428,South,02-11-2021
12429,Customer_12429,West,09-04-2021
12430,Customer_12430,West,05-06-2018
12431,Customer_12431,North,12-03-2021
12432,Customer_12432,West,09-05-2020
12433,Customer_12433,East,16-01-2019
12434,Customer_12434,West,09-12-2019
12435,Customer_12435,North,29-05-2021
12436,Customer_12436,South,04-01-2022
12437,Customer_12437,East,16-12-2018
12438,Customer_12438,East,03-07-2018
12439,Customer_12439,West,14-05-2020
12440,Customer_12440,East,15-09-2021
12441,Customer_12441,South,24-04-2018
12442,Customer_12442,West,27-01-2020
12443,Customer_12443,South,26-11-2020
12444,Customer_12444,North,27-12-2018
12445,Customer_12445,West,20-04-2018
12446,Customer_12446,South,07-07-2020
12447,Customer_12447,North,01-12-2021
12448,Customer_12448,East,11-01-2021
12449,Customer_12449,East,11-03-2019
12450,Customer_12450,East,27-06-2019
12451,Customer_12451,West,27-02-2023
12452,Customer_12452,South,03-03-2020
12453,Customer_12453,East,27-04-2020
12454,Customer_12454,West,11-05-2022
12455,Customer_12455,North,11-10-2020
12456,Customer_12456,West,09-01-2021
12457,Customer_12457,South,08-04-2019
12458,Customer_12458,East,24-02-2022
12459,Customer_12459,East,19-10-2022
12460,Customer_12460,North,22-01-2022
12461,Customer_12461,East,05-02-2023
12462,Customer_12462,West,03-03-2018
12463,Customer_12463,West,05-08-2021
12464,Customer_12464,North,20-07-2022
12465,Customer_12465,South,15-07-2021
12466,Customer_12466,East,08-03-2018
12467,Customer_12467,West,30-07-2022
12468,Customer_12468,North,01-03-2023
12469,Customer_12469,West,03-05-2021
12470,Customer_12470,West,23-08-2018
12471,Customer_12471,West,20-01-2022
12472,Customer_12472,East,24-08-2021
12473,Customer_12473,South,24-05-2023
12474,Customer_12474,South,22-01-2023
12475,Customer_12475,North,02-09-2022
12476,Customer_12476,East,27-11-2020
12477,Customer_12477,North,16-02-2018
12478,Customer_12478,South,08-02-2023
12479,Customer_12479,West,29-04-2022
12480,Customer_12480,North,13-01-2020
12481,Customer_12481,West,08-08-2022
12482,Customer_12482,North,10-04-2021
12483,Customer_12483,West,30-09-2018
12484,Customer_12484,North,24-09-2018
12485,Customer_12485,East,08-12-2020
12486,Customer_12486,East,31-03-2021
12487,Customer_12487,East,26-05-2020
12488,Customer_12488,North,28-02-2020
12489,Customer_12489,West,27-07-2019
12490,Customer_12490,East,23-07-2022
12491,Customer_12491,East,29-12-2020
12492,Customer_12492,South,08-04-2020
12493,Customer_12493,North,27-08-2022
12494,Customer_12494,East,05-04-2019
12495,Customer_12495,West,06-01-2023
12496,Customer_12496,North,05-05-2023
12497,Customer_12497,West,28-02-2020
12498,Customer_12498,South,29-12-2021
12499,Customer_12499,West,22-01-2020
12500,Customer_12500,North,23-06-2018
12501,Customer_12501,East,08-11-2020
12502,Customer_12502,North,20-04-2023
12503,Customer_12503,West,25-02-2018
12504,Customer_12504,South,17-05-2019
12505,Customer_12505,West,26-03-2018
12506,Customer_12506,West,03-09-2019
12507,Customer_12507,South,23-06-2019
12508,Customer_12508,South,07-10-2021
12509,Customer_12509,East,10-04-2020
12510,Customer_12510,North,29-08-2022
12511,Customer_12511,North,19-05-2023
12512,Customer_12512,North,14-07-2019
12513,Customer_12513,North,27-11-2022
12514,Customer_12514,North,16-05-2018
12515,Customer_12515,South,16-01-2021
12516,Customer_12516,North,11-05-2019
12517,Customer_12517,North,28-06-2018
12518,Customer_12518,West,13-05-2021
12519,Customer_12519,South,08-10-2020
12520,Customer_12520,North,13-05-2019
12521,Customer_12521,West,23-06-2019
12522,Customer_12522,South,29-12-2020
12523,Customer_12523,East,17-12-2019
12524,Customer_12524,South,15-11-2019
12525,Customer_12525,South,06-11-2018
12526,Customer_12526,North,02-06-2019
12527,Customer_12527,East,23-02-2020
12528,Customer_12528,East,21-10-2021
12529,Customer_12529,South,26-08-2022
12530,Customer_12530,North,12-06-2019
12531,Customer_12531,West,22-11-2021
12532,Customer_12532,West,17-06-2019
12533,Customer_12533,West,14-04-2023
12534,Customer_12534,North,19-08-2018
12535,Customer_12535,East,12-06-2020
12536,Customer_12536,South,03-04-2021
12537,Customer_12537,South,11-12-2020
12538,Customer_12538,South,23-10-2018
12539,Customer_12539,West,04-01-2023
12540,Customer_12540,East,03-05-2021
12541,Customer_12541,West,31-01-2019
12542,Customer_12542,West,28-04-2020
12543,Customer_12543,East,06-02-2021
12544,Customer_12544,North,07-10-2022
12545,Customer_12545,South,26-03-2018
12546,Customer_12546,East,29-10-2020
12547,Customer_12547,West,20-07-2021
12548,Customer_12548,West,21-02-2023
12549,Customer_12549,North,28-03-2023
12550,Customer_12550,East,27-10-2022
12551,Customer_12551,East,21-06-2018
12552,Customer_12552,East,25-07-2022
12553,Customer_12553,West,30-09-2019
12554,Customer_12554,West,15-04-2021
12555,Customer_12555,East,30-10-2018
12556,Customer_12556,North,31-01-2020
12557,Customer_12557,South,27-05-2019
12558,Customer_12558,West,19-12-2018
12559,Customer_12559,West,17-04-2021
12560,Customer_12560,West,10-01-2018
12561,Customer_12561,West,29-05-2022
12562,Customer_12562,East,16-06-2022
12563,Customer_12563,North,24-06-2022
12564,Customer_12564,South,18-02-2021
12565,Customer_12565,North,20-02-2019
12566,Customer_12566,West,17-12-2019
12567,Customer_12567,North,18-02-2022
12568,Customer_12568,South,04-03-2020
12569,Customer_12569,West,04-01-2021
12570,Customer_12570,North,09-07-2020
12571,Customer_12571,West,16-07-2022
12572,Customer_12572,South,14-03-2023
12573,Customer_12573,West,13-06-2023
12574,Customer_12574,West,25-05-2021
12575,Customer_12575,South,31-03-2023
12576,Customer_12576,West,28-10-2020
12577,Customer_12577,West,06-01-2021
12578,Customer_12578,North,29-06-2021
12579,Customer_12579,North,26-06-2018
12580,Customer_12580,South,29-10-2020
12581,Customer_12581,East,29-03-2021
12582,Customer_12582,West,15-03-2022
12583,Customer_12583,North,17-09-2020
12584,Customer_12584,South,26-02-2020
12585,Customer_12585,East,26-06-2019
12586,Customer_12586,West,28-09-2018
12587,Customer_12587,East,19-12-2022
12588,Customer_12588,East,09-09-2020
12589,Customer_12589,West,31-01-2022
12590,Customer_12590,North,01-03-2023
12591,Customer_12591,West,16-08-2021
12592,Customer_12592,South,07-01-2023
12593,Customer_12593,West,08-09-2021
12594,Customer_12594,South,20-07-2022
12595,Customer_12595,West,24-04-2020
12596,Customer_12596,North,24-11-2021
12597,Customer_12597,North,17-04-2021
12598,Customer_12598,West,26-11-2018
12599,Customer_12599,South,28-06-2021
12600,Customer_12600,South,06-05-2020
12601,Customer_12601,North,15-11-2020
12602,Customer_12602,South,22-04-2019
12603,Customer_12603,West,13-03-2018
12604,Customer_12604,East,23-06-2018
12605,Customer_12605,West,01-01-2018
12606,Customer_12606,South,01-11-2020
12607,Customer_12607,South,10-06-2019
12608,Customer_12608,West,05-12-2021
12609,Customer_12609,North,08-06-2023
12610,Customer_12610,North,16-02-2020
12611,Customer_12611,South,20-02-2023
12612,Customer_12612,South,10-11-2021
12613,Customer_12613,East,14-10-2018
12614,Customer_12614,West,04-06-2021
12615,Customer_12615,West,01-09-2018
12616,Customer_12616,West,01-06-2019
12617,Customer_12617,North,06-08-2020
12618,Customer_12618,South,13-08-2021
12619,Customer_12619,North,30-05-2023
12620,Customer_12620,East,05-03-2022
12621,Customer_12621,East,26-05-2019
12622,Customer_12622,East,24-04-2019
12623,Customer_12623,West,21-12-2022
12624,Customer_12624,East,21-12-2022
12625,Customer_12625,East,14-12-2018
12626,Customer_12626,East,15-08-2019
12627,Customer_12627,East,10-11-2022
12628,Customer_12628,West,18-05-2020
12629,Customer_12629,West,07-08-2022
12630,Customer_12630,West,02-02-2020
12631,Customer_12631,South,31-07-2021
12632,Customer_12632,South,24-04-2018
12633,Customer_12633,East,20-03-2021
12634,Customer_12634,North,20-11-2021
12635,Customer_12635,East,26-11-2019
12636,Customer_12636,North,07-01-2023
12637,Customer_12637,North,11-07-2018
12638,Customer_12638,South,06-04-2020
12639,Customer_12639,East,31-07-2020
12640,Customer_12640,South,17-10-2019
12641,Customer_12641,East,09-01-2019
12642,Customer_12642,West,16-07-2020
12643,Customer_12643,East,14-05-2022
12644,Customer_12644,South,10-04-2022
12645,Customer_12645,North,02-03-2022
12646,Customer_12646,West,23-12-2018
12647,Customer_12647,West,02-03-2023
12648,Customer_12648,West,10-09-2022
12649,Customer_12649,East,21-06-2021
12650,Customer_12650,North,27-04-2021
12651,Customer_12651,East,25-07-2020
12652,Customer_12652,East,05-09-2021
12653,Customer_12653,South,15-01-2022
12654,Customer_12654,North,06-04-2022
12655,Customer_12655,North,28-04-2018
12656,Customer_12656,South,18-06-2018
12657,Customer_12657,South,14-05-2023
12658,Customer_12658,East,28-06-2022
12659,Customer_12659,East,23-01-2023
12660,Customer_12660,North,10-01-2019
12661,Customer_12661,East,14-05-2019
12662,Customer_12662,North,20-09-2022
12663,Customer_12663,South,12-03-2020
12664,Customer_12664,West,14-03-2020
12665,Customer_12665,South,01-05-2022
12666,Customer_12666,West,10-12-2020
12667,Customer_12667,North,17-07-2021
12668,Customer_12668,East,27-03-2021
12669,Customer_12669,East,04-02-2023
12670,Customer_12670,West,26-01-2019
12671,Customer_12671,East,20-03-2019
12672,Customer_12672,West,25-05-2019
12673,Customer_12673,South,05-04-2018
12674,Customer_12674,West,14-01-2020
12675,Customer_12675,East,21-03-2018
12676,Customer_12676,South,18-07-2022
12677,Customer_12677,East,31-07-2019
12678,Customer_12678,East,11-11-2020
12679,Customer_12679,East,12-12-2021
12680,Customer_12680,North,09-08-2018
12681,Customer_12681,North,23-10-2022
12682,Customer_12682,West,22-04-2020
12683,Customer_12683,North,16-02-2018
12684,Customer_12684,North,31-05-2018
12685,Customer_12685,West,17-12-2022
12686,Customer_12686,South,23-02-2018
12687,Customer_12687,South,08-08-2022
12688,Customer_12688,East,10-10-2022
12689,Customer_12689,West,09-02-2019
12690,Customer_12690,West,14-11-2021
12691,Customer_12691,West,17-07-2022
12692,Customer_12692,North,20-08-2022
12693,Customer_12693,North,16-07-2019
12694,Customer_12694,South,09-03-2018
12695,Customer_12695,West,03-06-2018
12696,Customer_12696,West,29-08-2019
12697,Customer_12697,West,25-01-2021
12698,Customer_12698,West,16-11-2018
12699,Customer_12699,North,22-05-2020
12700,Customer_12700,West,14-03-2020
12701,Customer_12701,South,11-10-2021
12702,Customer_12702,East,03-11-2021
12703,Customer_12703,West,10-05-2020
12704,Customer_12704,South,12-09-2018
12705,Customer_12705,East,04-04-2023
12706,Customer_12706,East,23-06-2020
12707,Customer_12707,South,26-02-2020
12708,Customer_12708,South,28-04-2019
12709,Customer_12709,West,07-07-2018
12710,Customer_12710,East,29-08-2019
12711,Customer_12711,North,02-10-2020
12712,Customer_12712,North,26-10-2019
12713,Customer_12713,North,28-10-2022
12714,Customer_12714,North,05-09-2021
12715,Customer_12715,East,09-07-2019
12716,Customer_12716,North,26-10-2019
12717,Customer_12717,North,20-01-2021
12718,Customer_12718,West,30-07-2018
12719,Customer_12719,North,18-06-2022
12720,Customer_12720,West,27-05-2021
12721,Customer_12721,East,03-09-2019
12722,Customer_12722,West,29-05-2019
12723,Customer_12723,North,08-05-2021
12724,Customer_12724,East,08-09-2020
12725,Customer_12725,East,12-04-2022
12726,Customer_12726,East,26-06-2021
12727,Customer_12727,South,06-03-2018
12728,Customer_12728,South,10-01-2018
12729,Customer_12729,West,14-08-2018
12730,Customer_12730,South,24-07-2020
12731,Customer_12731,North,29-05-2019
12732,Customer_12732,West,03-01-2022
12733,Customer_12733,North,09-04-2018
12734,Customer_12734,South,04-03-2020
12735,Customer_12735,East,22-01-2020
12736,Customer_12736,East,19-06-2020
12737,Customer_12737,East,15-08-2021
12738,Customer_12738,South,29-07-2020
12739,Customer_12739,South,27-01-2018
12740,Customer_12740,South,26-01-2019
12741,Customer_12741,South,28-05-2022
12742,Customer_12742,West,16-09-2019
12743,Customer_12743,East,06-11-2019
12744,Customer_12744,East,12-09-2020
12745,Customer_12745,East,20-06-2023
12746,Customer_12746,South,09-01-2020
12747,Customer_12747,West,26-08-2020
12748,Customer_12748,East,25-03-2022
12749,Customer_12749,North,26-10-2019
12750,Customer_12750,South,25-04-2018
12751,Customer_12751,South,18-04-2022
12752,Customer_12752,West,24-01-2023
12753,Customer_12753,South,17-05-2021
12754,Customer_12754,North,21-09-2021
12755,Customer_12755,North,24-09-2018
12756,Customer_12756,North,11-02-2022
12757,Customer_12757,North,25-03-2023
12758,Customer_12758,North,17-10-2018
12759,Customer_12759,North,05-11-2020
12760,Customer_12760,South,08-06-2018
12761,Customer_12761,South,02-06-2023
12762,Customer_12762,East,28-11-2022
12763,Customer_12763,North,05-05-2020
12764,Customer_12764,North,02-03-2021
12765,Customer_12765,West,25-01-2020
12766,Customer_12766,North,20-07-2022
12767,Customer_12767,West,22-11-2021
12768,Customer_12768,West,07-04-2023
12769,Customer_12769,West,26-01-2018
12770,Customer_12770,South,26-11-2020
12771,Customer_12771,North,07-01-2021
12772,Customer_12772,East,12-03-2019
12773,Customer_12773,East,06-03-2019
12774,Customer_12774,West,14-09-2020
12775,Customer_12775,South,08-11-2021
12776,Customer_12776,South,09-09-2020
12777,Customer_12777,South,17-10-2021
12778,Customer_12778,South,22-07-2019
12779,Customer_12779,North,15-10-2022
12780,Customer_12780,North,20-03-2021
12781,Customer_12781,West,08-01-2023
12782,Customer_12782,East,16-06-2020
12783,Customer_12783,East,04-10-2020
12784,Customer_12784,West,01-07-2022
12785,Customer_12785,West,21-07-2022
12786,Customer_12786,West,08-07-2022
12787,Customer_12787,North,24-04-2022
12788,Customer_12788,West,09-09-2021
12789,Customer_12789,West,06-06-2020
12790,Customer_12790,West,31-05-2020
12791,Customer_12791,South,01-09-2022
12792,Customer_12792,West,22-03-2020
12793,Customer_12793,North,22-11-2022
12794,Customer_12794,East,25-10-2019
12795,Customer_12795,North,10-05-2022
12796,Customer_12796,North,26-11-2019
12797,Customer_12797,East,19-04-2021
12798,Customer_12798,West,10-10-2018
12799,Customer_12799,West,14-06-2020
12800,Customer_12800,North,18-09-2022
12801,Customer_12801,North,30-04-2022
12802,Customer_12802,North,08-05-2023
12803,Customer_12803,North,30-06-2018
12804,Customer_12804,East,16-11-2019
12805,Customer_12805,North,16-04-2023
12806,Customer_12806,East,15-12-2022
12807,Customer_12807,East,18-02-2021
12808,Customer_12808,South,11-01-2022
12809,Customer_12809,West,29-07-2018
12810,Customer_12810,South,10-03-2020
12811,Customer_12811,North,11-03-2020
12812,Customer_12812,West,21-10-2022
12813,Customer_12813,West,24-12-2022
12814,Customer_12814,South,26-07-2022
12815,Customer_12815,South,17-08-2019
12816,Customer_12816,East,15-09-2018
12817,Customer_12817,South,25-08-2019
12818,Customer_12818,North,10-08-2020
12819,Customer_12819,South,27-12-2019
12820,Customer_12820,South,23-11-2022
12821,Customer_12821,North,01-01-2018
12822,Customer_12822,North,03-02-2022
12823,Customer_12823,North,14-05-2019
12824,Customer_12824,North,26-08-2020
12825,Customer_12825,East,26-06-2021
12826,Customer_12826,East,13-02-2021
12827,Customer_12827,East,13-12-2020
12828,Customer_12828,East,10-09-2019
12829,Customer_12829,West,07-02-2023
12830,Customer_12830,South,21-05-2020
12831,Customer_12831,East,16-12-2020
12832,Customer_12832,South,19-12-2020
12833,Customer_12833,South,23-01-2020
12834,Customer_12834,South,01-12-2021
12835,Customer_12835,West,11-12-2022
12836,Customer_12836,South,14-07-2022
12837,Customer_12837,South,09-02-2018
12838,Customer_12838,North,08-09-2020
12839,Customer_12839,East,31-12-2019
12840,Customer_12840,West,19-10-2020
12841,Customer_12841,East,01-10-2021
12842,Customer_12842,North,26-12-2019
12843,Customer_12843,North,03-06-2023
12844,Customer_12844,North,20-10-2020
12845,Customer_12845,South,30-04-2022
12846,Customer_12846,North,09-11-2019
12847,Customer_12847,West,19-06-2023
12848,Customer_12848,South,28-02-2020
12849,Customer_12849,East,14-04-2023
12850,Customer_12850,East,10-05-2019
12851,Customer_12851,North,30-07-2021
12852,Customer_12852,North,26-05-2023
12853,Customer_12853,North,03-11-2022
12854,Customer_12854,North,28-02-2021
12855,Customer_12855,North,08-05-2021
12856,Customer_12856,West,19-05-2023
12857,Customer_12857,North,01-01-2020
12858,Customer_12858,East,12-01-2019
12859,Customer_12859,West,16-07-2018
12860,Customer_12860,North,30-03-2021
12861,Customer_12861,North,16-02-2022
12862,Customer_12862,South,14-08-2022
12863,Customer_12863,North,31-10-2021
12864,Customer_12864,West,24-08-2021
12865,Customer_12865,North,07-11-2021
12866,Customer_12866,West,02-09-2020
12867,Customer_12867,North,27-06-2018
12868,Customer_12868,East,16-11-2020
12869,Customer_12869,North,06-12-2019
12870,Customer_12870,North,04-05-2021
12871,Customer_12871,North,07-03-2021
12872,Customer_12872,East,13-02-2019
12873,Customer_12873,West,25-08-2022
12874,Customer_12874,West,12-07-2022
12875,Customer_12875,North,09-12-2018
12876,Customer_12876,North,01-04-2022
12877,Customer_12877,East,22-10-2022
12878,Customer_12878,West,14-01-2021
12879,Customer_12879,South,16-05-2022
12880,Customer_12880,North,24-03-2023
12881,Customer_12881,East,17-09-2019
12882,Customer_12882,East,31-05-2022
12883,Customer_12883,South,22-06-2021
12884,Customer_12884,North,23-02-2021
12885,Customer_12885,South,27-03-2018
12886,Customer_12886,East,22-09-2021
12887,Customer_12887,South,23-06-2018
12888,Customer_12888,South,25-06-2019
12889,Customer_12889,East,18-02-2022
12890,Customer_12890,South,08-11-2021
12891,Customer_12891,North,14-02-2021
12892,Customer_12892,North,16-07-2020
12893,Customer_12893,West,18-08-2022
12894,Customer_12894,West,06-08-2019
12895,Customer_12895,East,16-09-2018
12896,Customer_12896,South,25-08-2018
12897,Customer_12897,West,29-05-2023
12898,Customer_12898,West,12-09-2019
12899,Customer_12899,North,01-05-2018
12900,Customer_12900,North,02-05-2021
12901,Customer_12901,East,29-06-2018
12902,Customer_12902,North,29-05-2023
12903,Customer_12903,North,24-06-2018
12904,Customer_12904,South,25-06-2018
12905,Customer_12905,South,22-11-2022
12906,Customer_12906,South,09-07-2020
12907,Customer_12907,South,28-11-2021
12908,Customer_12908,West,29-09-2019
12909,Customer_12909,West,26-03-2019
12910,Customer_12910,South,16-07-2020
12911,Customer_12911,East,24-08-2021
12912,Customer_12912,East,02-01-2023
12913,Customer_12913,North,03-03-2019
12914,Customer_12914,South,30-12-2020
12915,Customer_12915,South,08-12-2022
12916,Customer_12916,North,12-02-2023
12917,Customer_12917,South,26-03-2019
12918,Customer_12918,East,13-06-2021
12919,Customer_12919,South,31-12-2020
12920,Customer_12920,South,19-07-2021
12921,Customer_12921,West,14-05-2020
12922,Customer_12922,North,05-05-2018
12923,Customer_12923,North,28-10-2021
12924,Customer_12924,South,05-09-2019
12925,Customer_12925,West,08-05-2019
12926,Customer_12926,South,26-07-2019
12927,Customer_12927,East,17-03-2023
12928,Customer_12928,East,20-05-2019
12929,Customer_12929,East,05-01-2022
12930,Customer_12930,South,10-06-2021
12931,Customer_12931,North,20-05-2021
12932,Customer_12932,West,06-05-2019
12933,Customer_12933,West,12-03-2020
12934,Customer_12934,East,19-04-2020
12935,Customer_12935,North,19-03-2019
12936,Customer_12936,West,08-02-2022
12937,Customer_12937,South,28-06-2020
12938,Customer_12938,South,27-03-2021
12939,Customer_12939,East,10-03-2018
12940,Customer_12940,South,15-04-2021
12941,Customer_12941,East,15-03-2022
12942,Customer_12942,North,27-09-2020
12943,Customer_12943,North,09-11-2022
12944,Customer_12944,South,03-04-2019
12945,Customer_12945,South,24-12-2022
12946,Customer_12946,South,10-01-2020
12947,Customer_12947,South,27-08-2020
12948,Customer_12948,South,05-03-2020
12949,Customer_12949,North,18-04-2020
12950,Customer_12950,South,08-10-2018
12951,Customer_12951,North,04-07-2021
12952,Customer_12952,South,27-05-2019
12953,Customer_12953,West,31-12-2018
12954,Customer_12954,North,30-06-2021
12955,Customer_12955,South,21-01-2022
12956,Customer_12956,South,10-09-2020
12957,Customer_12957,West,19-07-2018
12958,Customer_12958,North,17-07-2019
12959,Customer_12959,South,15-10-2018
12960,Customer_12960,West,13-01-2021
12961,Customer_12961,North,05-06-2021
12962,Customer_12962,East,28-05-2020
12963,Customer_12963,South,26-10-2022
12964,Customer_12964,East,27-02-2021
12965,Customer_12965,South,01-12-2019
12966,Customer_12966,North,21-09-2020
12967,Customer_12967,South,08-08-2022
12968,Customer_12968,West,09-10-2021
12969,Customer_12969,West,08-02-2023
12970,Customer_12970,North,20-04-2022
12971,Customer_12971,East,15-09-2022
12972,Customer_12972,North,15-07-2020
12973,Customer_12973,West,26-04-2022
12974,Customer_12974,South,12-12-2020
12975,Customer_12975,West,13-03-2019
12976,Customer_12976,South,24-08-2019
12977,Customer_12977,East,19-06-2019
12978,Customer_12978,West,09-08-2020
12979,Customer_12979,South,10-03-2023
12980,Customer_12980,West,16-02-2019
12981,Customer_12981,East,11-09-2021
12982,Customer_12982,South,14-03-2023
12983,Customer_12983,West,04-02-2019
12984,Customer_12984,North,04-09-2018
12985,Customer_12985,East,07-05-2021
12986,Customer_12986,East,08-05-2018
12987,Customer_12987,South,07-07-2018
12988,Customer_12988,East,31-01-2022
12989,Customer_12989,North,29-11-2022
12990,Customer_12990,East,18-03-2023
12991,Customer_12991,South,24-09-2019
12992,Customer_12992,East,03-08-2019
12993,Customer_12993,East,10-06-2020
12994,Customer_12994,West,29-07-2020
12995,Customer_12995,West,05-07-2019
12996,Customer_12996,North,12-09-2020
12997,Customer_12997,East,19-05-2018
12998,Customer_12998,North,12-02-2018
12999,Customer_12999,South,10-05-2021
13000,Customer_13000,South,19-07-2020
13001,Customer_13001,West,24-08-2019
13002,Customer_13002,South,23-07-2022
13003,Customer_13003,West,14-07-2019
13004,Customer_13004,North,28-01-2018
13005,Customer_13005,North,25-06-2020
13006,Customer_13006,North,27-06-2020
13007,Customer_13007,East,21-05-2020
13008,Customer_13008,East,22-05-2022
13009,Customer_13009,West,12-06-2021
13010,Customer_13010,East,04-01-2022
13011,Customer_13011,South,04-12-2018
13012,Customer_13012,West,29-05-2022
13013,Customer_13013,West,27-02-2019
13014,Customer_13014,North,13-03-2020
13015,Customer_13015,West,18-11-2021
13016,Customer_13016,East,04-02-2018
13017,Customer_13017,West,04-01-2023
13018,Customer_13018,South,01-07-2022
13019,Customer_13019,South,22-11-2021
13020,Customer_13020,South,07-12-2019
13021,Customer_13021,East,14-09-2019
13022,Customer_13022,North,23-03-2020
13023,Customer_13023,South,11-04-2023
13024,Customer_13024,South,05-07-2018
13025,Customer_13025,East,17-10-2022
13026,Customer_13026,West,10-11-2020
13027,Customer_13027,North,18-04-2020
13028,Customer_13028,South,01-11-2021
13029,Customer_13029,West,04-06-2018
13030,Customer_13030,West,28-08-2022
13031,Customer_13031,West,02-11-2018
13032,Customer_13032,West,01-09-2019
13033,Customer_13033,South,10-12-2020
13034,Customer_13034,East,16-08-2019
13035,Customer_13035,North,26-06-2021
13036,Customer_13036,North,09-11-2020
13037,Customer_13037,South,25-09-2019
13038,Customer_13038,East,03-11-2020
13039,Customer_13039,South,04-12-2022
13040,Customer_13040,North,04-02-2020
13041,Customer_13041,West,16-03-2019
13042,Customer_13042,North,09-01-2021
13043,Customer_13043,West,06-04-2020
13044,Customer_13044,West,02-02-2020
13045,Customer_13045,East,30-01-2021
13046,Customer_13046,North,16-06-2021
13047,Customer_13047,North,03-11-2019
13048,Customer_13048,West,15-10-2018
13049,Customer_13049,East,12-09-2018
13050,Customer_13050,East,06-02-2023
13051,Customer_13051,North,08-08-2020
13052,Customer_13052,North,03-12-2021
13053,Customer_13053,South,09-08-2022
13054,Customer_13054,North,19-04-2021
13055,Customer_13055,South,31-07-2020
13056,Customer_13056,East,20-01-2020
13057,Customer_13057,North,22-02-2022
13058,Customer_13058,West,19-10-2022
13059,Customer_13059,West,22-05-2023
13060,Customer_13060,South,29-01-2020
13061,Customer_13061,South,26-04-2023
13062,Customer_13062,West,11-11-2019
13063,Customer_13063,South,11-10-2021
13064,Customer_13064,West,20-08-2021
13065,Customer_13065,East,25-02-2018
13066,Customer_13066,North,03-10-2018
13067,Customer_13067,East,11-04-2019
13068,Customer_13068,South,14-06-2020
13069,Customer_13069,North,03-02-2019
13070,Customer_13070,North,27-10-2019
13071,Customer_13071,East,15-05-2022
13072,Customer_13072,West,28-02-2018
13073,Customer_13073,South,27-09-2022
13074,Customer_13074,South,11-11-2021
13075,Customer_13075,East,26-03-2021
13076,Customer_13076,North,21-10-2018
13077,Customer_13077,South,10-12-2021
13078,Customer_13078,West,04-10-2020
13079,Customer_13079,North,09-03-2018
13080,Customer_13080,South,05-07-2018
13081,Customer_13081,North,27-04-2018
13082,Customer_13082,North,21-02-2021
13083,Customer_13083,South,05-06-2021
13084,Customer_13084,North,04-11-2021
13085,Customer_13085,West,18-03-2022
13086,Customer_13086,West,27-12-2021
13087,Customer_13087,East,17-07-2021
13088,Customer_13088,West,20-08-2021
13089,Customer_13089,North,15-08-2019
13090,Customer_13090,North,09-12-2022
13091,Customer_13091,North,23-12-2022
13092,Customer_13092,West,27-04-2023
13093,Customer_13093,East,13-07-2021
13094,Customer_13094,North,03-09-2018
13095,Customer_13095,South,24-07-2018
13096,Customer_13096,East,20-05-2022
13097,Customer_13097,South,01-02-2018
13098,Customer_13098,West,06-05-2019
13099,Customer_13099,East,01-05-2020
13100,Customer_13100,South,18-06-2021
13101,Customer_13101,South,04-01-2021
13102,Customer_13102,South,02-09-2019
13103,Customer_13103,East,06-07-2020
13104,Customer_13104,South,08-07-2020
13105,Customer_13105,West,28-11-2019
13106,Customer_13106,East,14-01-2021
13107,Customer_13107,North,05-02-2018
13108,Customer_13108,North,02-10-2021
13109,Customer_13109,South,16-12-2020
13110,Customer_13110,East,29-06-2021
13111,Customer_13111,South,17-10-2019
13112,Customer_13112,East,14-08-2018
13113,Customer_13113,North,23-11-2018
13114,Customer_13114,North,21-05-2018
13115,Customer_13115,North,24-04-2023
13116,Customer_13116,East,19-01-2021
13117,Customer_13117,South,05-08-2020
13118,Customer_13118,East,21-03-2020
13119,Customer_13119,South,13-11-2018
13120,Customer_13120,West,05-09-2020
13121,Customer_13121,South,01-07-2021
13122,Customer_13122,East,07-08-2020
13123,Customer_13123,South,24-10-2021
13124,Customer_13124,West,05-01-2018
13125,Customer_13125,South,07-02-2019
13126,Customer_13126,West,05-07-2020
13127,Customer_13127,North,04-12-2020
13128,Customer_13128,South,31-01-2020
13129,Customer_13129,West,22-02-2022
13130,Customer_13130,North,06-07-2018
13131,Customer_13131,South,29-01-2021
13132,Customer_13132,East,10-08-2018
13133,Customer_13133,East,08-03-2023
13134,Customer_13134,East,24-11-2020
13135,Customer_13135,East,25-07-2021
13136,Customer_13136,West,23-01-2021
13137,Customer_13137,West,21-03-2022
13138,Customer_13138,East,08-12-2019
13139,Customer_13139,North,07-07-2019
13140,Customer_13140,North,14-06-2022
13141,Customer_13141,South,26-11-2022
13142,Customer_13142,West,05-02-2018
13143,Customer_13143,West,05-03-2021
13144,Customer_13144,South,01-11-2021
13145,Customer_13145,West,23-02-2019
13146,Customer_13146,North,28-09-2019
13147,Customer_13147,West,12-06-2018
13148,Customer_13148,South,11-09-2019
13149,Customer_13149,West,24-10-2019
13150,Customer_13150,South,03-06-2019
13151,Customer_13151,West,25-05-2019
13152,Customer_13152,South,16-06-2019
13153,Customer_13153,East,11-10-2020
13154,Customer_13154,North,15-08-2021
13155,Customer_13155,North,13-06-2020
13156,Customer_13156,East,10-01-2022
13157,Customer_13157,South,24-12-2020
13158,Customer_13158,North,23-06-2018
13159,Customer_13159,West,30-12-2018
13160,Customer_13160,South,05-05-2022
13161,Customer_13161,South,18-05-2018
13162,Customer_13162,North,17-06-2018
13163,Customer_13163,West,22-03-2021
13164,Customer_13164,East,21-11-2021
13165,Customer_13165,West,31-01-2022
13166,Customer_13166,East,04-08-2021
13167,Customer_13167,West,05-06-2021
13168,Customer_13168,East,23-04-2018
13169,Customer_13169,East,29-06-2020
13170,Customer_13170,North,12-01-2018
13171,Customer_13171,North,19-07-2020
13172,Customer_13172,South,28-05-2020
13173,Customer_13173,East,11-03-2019
13174,Customer_13174,South,01-05-2019
13175,Customer_13175,North,15-02-2021
13176,Customer_13176,North,17-05-2018
13177,Customer_13177,North,26-01-2021
13178,Customer_13178,South,26-07-2021
13179,Customer_13179,North,03-05-2022
13180,Customer_13180,South,19-03-2021
13181,Customer_13181,North,04-02-2023
13182,Customer_13182,South,29-11-2022
13183,Customer_13183,South,24-05-2021
13184,Customer_13184,North,25-01-2018
13185,Customer_13185,East,14-09-2019
13186,Customer_13186,East,25-07-2022
13187,Customer_13187,North,07-01-2022
13188,Customer_13188,North,24-01-2018
13189,Customer_13189,East,12-01-2020
13190,Customer_13190,East,07-12-2019
13191,Customer_13191,South,26-09-2019
13192,Customer_13192,South,01-03-2020
13193,Customer_13193,West,10-10-2018
13194,Customer_13194,East,13-04-2023
13195,Customer_13195,East,03-07-2020
13196,Customer_13196,North,08-06-2020
13197,Customer_13197,North,18-02-2019
13198,Customer_13198,South,19-08-2020
13199,Customer_13199,East,22-05-2020
13200,Customer_13200,North,01-05-2023
13201,Customer_13201,North,07-05-2021
13202,Customer_13202,South,22-10-2022
13203,Customer_13203,East,24-01-2020
13204,Customer_13204,South,30-04-2021
13205,Customer_13205,South,09-05-2018
13206,Customer_13206,West,15-07-2021
13207,Customer_13207,East,11-05-2020
13208,Customer_13208,West,22-11-2020
13209,Customer_13209,East,05-03-2020
13210,Customer_13210,West,22-06-2022
13211,Customer_13211,West,10-12-2022
13212,Customer_13212,North,10-02-2020
13213,Customer_13213,South,23-05-2021
13214,Customer_13214,East,24-04-2021
13215,Customer_13215,East,26-01-2018
13216,Customer_13216,West,07-02-2019
13217,Customer_13217,East,30-01-2022
13218,Customer_13218,East,02-02-2019
13219,Customer_13219,West,14-04-2018
13220,Customer_13220,West,23-07-2020
13221,Customer_13221,East,15-01-2023
13222,Customer_13222,North,10-01-2022
13223,Customer_13223,East,17-08-2022
13224,Customer_13224,West,18-04-2023
13225,Customer_13225,North,26-02-2019
13226,Customer_13226,East,25-04-2021
13227,Customer_13227,East,23-05-2022
13228,Customer_13228,North,01-12-2018
13229,Customer_13229,North,19-02-2021
13230,Customer_13230,North,22-08-2021
13231,Customer_13231,South,17-07-2021
13232,Customer_13232,South,17-05-2023
13233,Customer_13233,South,24-01-2022
13234,Customer_13234,East,05-06-2019
13235,Customer_13235,West,22-10-2020
13236,Customer_13236,South,10-01-2023
13237,Customer_13237,East,07-05-2021
13238,Customer_13238,North,12-03-2021
13239,Customer_13239,North,02-11-2021
13240,Customer_13240,South,29-12-2021
13241,Customer_13241,South,27-07-2021
13242,Customer_13242,West,18-08-2022
13243,Customer_13243,West,23-04-2021
13244,Customer_13244,West,30-11-2019
13245,Customer_13245,South,23-04-2022
13246,Customer_13246,North,15-06-2022
13247,Customer_13247,East,19-12-2018
13248,Customer_13248,East,15-05-2019
13249,Customer_13249,North,05-05-2020
13250,Customer_13250,East,16-04-2021
13251,Customer_13251,West,29-04-2023
13252,Customer_13252,East,12-08-2018
13253,Customer_13253,West,21-05-2020
13254,Customer_13254,East,12-06-2023
13255,Customer_13255,North,07-12-2021
13256,Customer_13256,North,01-09-2021
13257,Customer_13257,South,03-06-2023
13258,Customer_13258,North,27-04-2020
13259,Customer_13259,West,14-01-2020
13260,Customer_13260,North,03-02-2019
13261,Customer_13261,South,30-04-2019
13262,Customer_13262,South,27-11-2020
13263,Customer_13263,South,19-05-2018
13264,Customer_13264,West,07-05-2023
13265,Customer_13265,North,23-04-2019
13266,Customer_13266,North,20-05-2022
13267,Customer_13267,North,22-04-2023
13268,Customer_13268,West,04-11-2021
13269,Customer_13269,North,03-05-2020
13270,Customer_13270,East,05-02-2021
13271,Customer_13271,North,04-06-2018
13272,Customer_13272,South,03-01-2021
13273,Customer_13273,East,26-02-2020
13274,Customer_13274,West,29-08-2019
13275,Customer_13275,South,24-09-2021
13276,Customer_13276,North,30-01-2020
13277,Customer_13277,East,21-12-2022
13278,Customer_13278,North,15-06-2021
13279,Customer_13279,East,14-07-2019
13280,Customer_13280,West,05-04-2019
13281,Customer_13281,West,25-03-2023
13282,Customer_13282,West,02-08-2020
13283,Customer_13283,North,24-12-2021
13284,Customer_13284,South,07-03-2020
13285,Customer_13285,North,30-07-2021
13286,Customer_13286,West,20-07-2019
13287,Customer_13287,West,04-12-2019
13288,Customer_13288,East,18-01-2019
13289,Customer_13289,West,20-04-2021
13290,Customer_13290,North,19-11-2018
13291,Customer_13291,North,27-03-2021
13292,Customer_13292,North,10-03-2018
13293,Customer_13293,East,07-04-2018
13294,Customer_13294,East,25-09-2019
13295,Customer_13295,South,20-08-2021
13296,Customer_13296,West,20-09-2019
13297,Customer_13297,South,03-03-2023
13298,Customer_13298,North,13-07-2020
13299,Customer_13299,West,11-09-2021
13300,Customer_13300,North,29-03-2018
13301,Customer_13301,North,15-04-2023
13302,Customer_13302,East,24-12-2018
13303,Customer_13303,South,21-10-2018
13304,Customer_13304,North,15-10-2018
13305,Customer_13305,West,17-07-2021
13306,Customer_13306,South,11-11-2021
13307,Customer_13307,South,22-04-2019
13308,Customer_13308,North,01-10-2018
13309,Customer_13309,West,30-07-2019
13310,Customer_13310,East,08-03-2018
13311,Customer_13311,North,18-02-2023
13312,Customer_13312,South,01-02-2021
13313,Customer_13313,South,12-05-2019
13314,Customer_13314,South,18-02-2019
13315,Customer_13315,West,26-11-2022
13316,Customer_13316,East,24-08-2022
13317,Customer_13317,South,22-08-2019
13318,Customer_13318,South,18-05-2020
13319,Customer_13319,South,21-03-2018
13320,Customer_13320,West,03-12-2020
13321,Customer_13321,North,29-10-2018
13322,Customer_13322,South,02-06-2020
13323,Customer_13323,South,31-07-2019
13324,Customer_13324,West,05-08-2020
13325,Customer_13325,East,26-06-2020
13326,Customer_13326,East,30-09-2020
13327,Customer_13327,South,19-04-2020
13328,Customer_13328,South,18-02-2021
13329,Customer_13329,North,12-08-2019
13330,Customer_13330,South,01-04-2018
13331,Customer_13331,South,10-05-2023
13332,Customer_13332,East,20-01-2022
13333,Customer_13333,South,21-01-2019
13334,Customer_13334,West,23-01-2023
13335,Customer_13335,North,01-10-2022
13336,Customer_13336,East,31-12-2019
13337,Customer_13337,East,18-07-2021
13338,Customer_13338,West,23-03-2022
13339,Customer_13339,South,17-06-2018
13340,Customer_13340,North,12-08-2020
13341,Customer_13341,South,04-03-2021
13342,Customer_13342,South,06-10-2022
13343,Customer_13343,East,24-12-2020
13344,Customer_13344,West,08-07-2021
13345,Customer_13345,South,26-01-2021
13346,Customer_13346,East,24-08-2019
13347,Customer_13347,West,19-06-2018
13348,Customer_13348,East,21-10-2022
13349,Customer_13349,West,18-05-2018
13350,Customer_13350,North,28-10-2021
13351,Customer_13351,South,05-10-2018
13352,Customer_13352,North,20-08-2021
13353,Customer_13353,South,21-09-2020
13354,Customer_13354,West,20-04-2023
13355,Customer_13355,South,25-12-2021
13356,Customer_13356,South,28-09-2021
13357,Customer_13357,South,03-10-2020
13358,Customer_13358,South,13-04-2019
13359,Customer_13359,East,13-06-2023
13360,Customer_13360,East,17-07-2022
13361,Customer_13361,North,27-04-2023
13362,Customer_13362,South,08-07-2021
13363,Customer_13363,South,04-02-2022
13364,Customer_13364,West,19-10-2019
13365,Customer_13365,North,21-07-2018
13366,Customer_13366,West,31-12-2022
13367,Customer_13367,North,15-05-2019
13368,Customer_13368,West,19-03-2021
13369,Customer_13369,South,03-08-2021
13370,Customer_13370,North,28-01-2022
13371,Customer_13371,West,29-09-2022
13372,Customer_13372,South,11-06-2018
13373,Customer_13373,South,24-04-2020
13374,Customer_13374,South,06-12-2021
13375,Customer_13375,East,23-08-2019
13376,Customer_13376,West,29-09-2018
13377,Customer_13377,North,17-08-2018
13378,Customer_13378,West,23-03-2021
13379,Customer_13379,East,05-07-2019
13380,Customer_13380,West,06-05-2022
13381,Customer_13381,West,14-05-2018
13382,Customer_13382,South,24-09-2019
13383,Customer_13383,West,17-02-2018
13384,Customer_13384,East,02-11-2021
13385,Customer_13385,North,01-05-2019
13386,Customer_13386,North,30-06-2022
13387,Customer_13387,North,23-11-2021
13388,Customer_13388,South,29-07-2019
13389,Customer_13389,West,17-04-2022
13390,Customer_13390,West,11-01-2022
13391,Customer_13391,West,16-12-2018
13392,Customer_13392,South,15-02-2022
13393,Customer_13393,North,19-04-2023
13394,Customer_13394,West,09-10-2020
13395,Customer_13395,West,22-05-2019
13396,Customer_13396,West,21-06-2021
13397,Customer_13397,North,07-11-2018
13398,Customer_13398,West,16-06-2020
13399,Customer_13399,East,02-07-2021
13400,Customer_13400,North,20-12-2018
13401,Customer_13401,South,31-03-2018
13402,Customer_13402,North,11-11-2020
13403,Customer_13403,East,23-01-2020
13404,Customer_13404,East,23-11-2021
13405,Customer_13405,East,06-02-2019
13406,Customer_13406,South,04-04-2023
13407,Customer_13407,East,09-02-2023
13408,Customer_13408,North,16-06-2018
13409,Customer_13409,North,06-12-2018
13410,Customer_13410,North,09-02-2023
13411,Customer_13411,North,20-01-2023
13412,Customer_13412,South,03-03-2020
13413,Customer_13413,East,08-02-2018
13414,Customer_13414,East,22-01-2019
13415,Customer_13415,East,22-08-2018
13416,Customer_13416,East,23-12-2020
13417,Customer_13417,North,25-08-2021
13418,Customer_13418,East,15-04-2022
13419,Customer_13419,East,10-10-2022
13420,Customer_13420,North,17-10-2018
13421,Customer_13421,West,16-10-2021
13422,Customer_13422,South,21-04-2019
13423,Customer_13423,West,04-01-2021
13424,Customer_13424,West,24-12-2020
13425,Customer_13425,North,01-06-2019
13426,Customer_13426,South,08-01-2020
13427,Customer_13427,North,09-08-2021
13428,Customer_13428,South,10-03-2018
13429,Customer_13429,West,21-09-2019
13430,Customer_13430,South,29-04-2019
13431,Customer_13431,East,27-11-2019
13432,Customer_13432,North,01-06-2019
13433,Customer_13433,North,22-05-2021
13434,Customer_13434,East,06-03-2019
13435,Customer_13435,East,10-05-2018
13436,Customer_13436,West,23-07-2020
13437,Customer_13437,North,13-11-2022
13438,Customer_13438,South,02-01-2022
13439,Customer_13439,East,25-06-2018
13440,Customer_13440,East,02-06-2018
13441,Customer_13441,South,08-02-2020
13442,Customer_13442,North,30-07-2022
13443,Customer_13443,South,09-05-2020
13444,Customer_13444,West,17-07-2020
13445,Customer_13445,South,09-07-2022
13446,Customer_13446,South,25-08-2021
13447,Customer_13447,East,06-06-2019
13448,Customer_13448,South,22-11-2022
13449,Customer_13449,East,27-08-2021
13450,Customer_13450,West,12-03-2023
13451,Customer_13451,East,01-03-2018
13452,Customer_13452,East,07-05-2018
13453,Customer_13453,North,13-01-2018
13454,Customer_13454,West,12-08-2021
13455,Customer_13455,South,30-07-2018
13456,Customer_13456,South,11-02-2020
13457,Customer_13457,North,31-10-2022
13458,Customer_13458,South,04-08-2019
13459,Customer_13459,East,04-07-2021
13460,Customer_13460,West,27-11-2018
13461,Customer_13461,East,09-11-2018
13462,Customer_13462,South,17-06-2023
13463,Customer_13463,East,21-10-2019
13464,Customer_13464,West,09-07-2019
13465,Customer_13465,North,07-01-2020
13466,Customer_13466,South,21-08-2022
13467,Customer_13467,West,15-02-2019
13468,Customer_13468,West,13-04-2018
13469,Customer_13469,South,26-11-2021
13470,Customer_13470,West,30-07-2019
13471,Customer_13471,South,30-11-2019
13472,Customer_13472,East,20-09-2019
13473,Customer_13473,South,08-07-2018
13474,Customer_13474,West,17-07-2018
13475,Customer_13475,East,13-07-2021
13476,Customer_13476,North,27-05-2021
13477,Customer_13477,South,06-01-2020
13478,Customer_13478,West,12-11-2021
13479,Customer_13479,South,21-03-2021
13480,Customer_13480,West,25-01-2018
13481,Customer_13481,West,17-05-2019
13482,Customer_13482,South,15-01-2023
13483,Customer_13483,East,22-02-2018
13484,Customer_13484,South,24-09-2021
13485,Customer_13485,South,12-08-2022
13486,Customer_13486,North,04-09-2019
13487,Customer_13487,East,21-10-2018
13488,Customer_13488,North,26-03-2018
13489,Customer_13489,West,15-11-2022
13490,Customer_13490,West,17-09-2022
13491,Customer_13491,East,12-02-2023
13492,Customer_13492,West,15-03-2022
13493,Customer_13493,South,08-06-2023
13494,Customer_13494,East,04-01-2021
13495,Customer_13495,East,05-02-2022
13496,Customer_13496,East,23-03-2019
13497,Customer_13497,East,26-07-2020
13498,Customer_13498,North,29-02-2020
13499,Customer_13499,East,15-11-2021
13500,Customer_13500,East,24-09-2018
13501,Customer_13501,South,09-04-2018
13502,Customer_13502,East,04-05-2019
13503,Customer_13503,West,20-04-2019
13504,Customer_13504,East,12-05-2018
13505,Customer_13505,South,04-03-2018
13506,Customer_13506,North,08-03-2020
13507,Customer_13507,West,09-04-2020
13508,Customer_13508,West,22-05-2023
13509,Customer_13509,South,09-07-2018
13510,Customer_13510,East,27-05-2019
13511,Customer_13511,West,31-05-2023
13512,Customer_13512,West,20-10-2018
13513,Customer_13513,East,08-02-2023
13514,Customer_13514,West,09-05-2020
13515,Customer_13515,North,26-11-2020
13516,Customer_13516,East,06-03-2020
13517,Customer_13517,South,17-12-2019
13518,Customer_13518,North,16-04-2020
13519,Customer_13519,East,30-10-2022
13520,Customer_13520,East,08-08-2020
13521,Customer_13521,North,15-06-2019
13522,Customer_13522,North,18-02-2020
13523,Customer_13523,East,05-02-2020
13524,Customer_13524,East,15-02-2022
13525,Customer_13525,South,05-01-2018
13526,Customer_13526,West,27-03-2018
13527,Customer_13527,South,17-11-2021
13528,Customer_13528,West,08-08-2018
13529,Customer_13529,North,22-06-2021
13530,Customer_13530,East,30-03-2019
13531,Customer_13531,East,22-05-2018
13532,Customer_13532,South,26-01-2019
13533,Customer_13533,West,29-12-2022
13534,Customer_13534,South,31-03-2020
13535,Customer_13535,East,29-01-2021
13536,Customer_13536,South,29-01-2018
13537,Customer_13537,East,01-08-2018
13538,Customer_13538,South,03-07-2022
13539,Customer_13539,East,01-11-2020
13540,Customer_13540,North,11-11-2019
13541,Customer_13541,South,22-05-2020
13542,Customer_13542,West,25-03-2020
13543,Customer_13543,North,26-05-2018
13544,Customer_13544,West,05-07-2022
13545,Customer_13545,South,02-12-2018
13546,Customer_13546,East,20-07-2020
13547,Customer_13547,North,08-08-2022
13548,Customer_13548,South,23-04-2019
13549,Customer_13549,North,03-01-2018
13550,Customer_13550,North,19-10-2021
13551,Customer_13551,North,21-06-2020
13552,Customer_13552,South,14-12-2019
13553,Customer_13553,West,13-11-2020
13554,Customer_13554,South,27-02-2021
13555,Customer_13555,North,10-12-2022
13556,Customer_13556,West,04-09-2022
13557,Customer_13557,West,19-11-2022
13558,Customer_13558,West,20-07-2019
13559,Customer_13559,East,29-12-2018
13560,Customer_13560,West,25-04-2018
13561,Customer_13561,North,08-07-2022
13562,Customer_13562,South,24-12-2019
13563,Customer_13563,South,03-03-2022
13564,Customer_13564,South,10-12-2021
13565,Customer_13565,East,29-08-2021
13566,Customer_13566,East,06-08-2019
13567,Customer_13567,East,20-04-2020
13568,Customer_13568,North,12-11-2018
13569,Customer_13569,North,28-03-2018
13570,Customer_13570,South,17-11-2020
13571,Customer_13571,North,18-04-2018
13572,Customer_13572,West,10-05-2018
13573,Customer_13573,East,19-10-2018
13574,Customer_13574,North,27-06-2018
13575,Customer_13575,South,13-09-2018
13576,Customer_13576,West,15-12-2019
13577,Customer_13577,East,30-08-2021
13578,Customer_13578,South,27-05-2021
13579,Customer_13579,North,02-01-2018
13580,Customer_13580,North,03-07-2018
13581,Customer_13581,South,20-06-2018
13582,Customer_13582,East,18-06-2021
13583,Customer_13583,West,25-03-2021
13584,Customer_13584,North,01-11-2018
13585,Customer_13585,South,10-11-2019
13586,Customer_13586,East,18-03-2022
13587,Customer_13587,South,21-08-2022
13588,Customer_13588,South,06-01-2020
13589,Customer_13589,West,08-06-2021
13590,Customer_13590,South,10-09-2018
13591,Customer_13591,North,01-12-2021
13592,Customer_13592,South,11-01-2019
13593,Customer_13593,West,24-11-2018
13594,Customer_13594,East,01-08-2022
13595,Customer_13595,North,10-08-2022
13596,Customer_13596,North,01-07-2022
13597,Customer_13597,North,04-10-2022
13598,Customer_13598,South,09-07-2020
13599,Customer_13599,East,23-06-2018
13600,Customer_13600,South,19-05-2022
13601,Customer_13601,East,22-11-2021
13602,Customer_13602,West,31-01-2018
13603,Customer_13603,South,10-05-2020
13604,Customer_13604,South,13-11-2019
13605,Customer_13605,East,04-06-2018
13606,Customer_13606,West,09-07-2019
13607,Customer_13607,South,01-10-2022
13608,Customer_13608,East,02-01-2021
13609,Customer_13609,East,27-04-2019
13610,Customer_13610,East,30-12-2018
13611,Customer_13611,East,26-01-2020
13612,Customer_13612,East,01-12-2022
13613,Customer_13613,East,08-12-2022
13614,Customer_13614,South,20-02-2021
13615,Customer_13615,South,25-04-2022
13616,Customer_13616,South,12-08-2021
13617,Customer_13617,North,04-04-2022
13618,Customer_13618,East,10-04-2022
13619,Customer_13619,East,06-03-2021
13620,Customer_13620,North,05-09-2018
13621,Customer_13621,North,06-05-2019
13622,Customer_13622,East,21-02-2022
13623,Customer_13623,North,30-04-2022
13624,Customer_13624,West,10-12-2018
13625,Customer_13625,East,10-01-2019
13626,Customer_13626,South,25-08-2018
13627,Customer_13627,North,05-05-2019
13628,Customer_13628,South,04-05-2020
13629,Customer_13629,North,16-08-2018
13630,Customer_13630,North,17-10-2021
13631,Customer_13631,East,08-02-2018
13632,Customer_13632,East,08-03-2023
13633,Customer_13633,West,07-10-2021
13634,Customer_13634,East,09-08-2022
13635,Customer_13635,North,19-02-2023
13636,Customer_13636,West,03-09-2019
13637,Customer_13637,North,04-07-2020
13638,Customer_13638,West,19-07-2019
13639,Customer_13639,West,15-10-2021
13640,Customer_13640,North,05-03-2020
13641,Customer_13641,North,16-03-2018
13642,Customer_13642,West,25-08-2018
13643,Customer_13643,North,11-04-2023
13644,Customer_13644,South,11-11-2022
13645,Customer_13645,West,26-07-2018
13646,Customer_13646,North,19-04-2022
13647,Customer_13647,West,19-08-2021
13648,Customer_13648,North,15-09-2020
13649,Customer_13649,East,18-02-2022
13650,Customer_13650,South,05-02-2019
13651,Customer_13651,North,22-05-2018
13652,Customer_13652,West,18-04-2018
13653,Customer_13653,West,17-12-2022
13654,Customer_13654,South,05-04-2019
13655,Customer_13655,South,07-12-2020
13656,Customer_13656,West,24-11-2022
13657,Customer_13657,East,10-04-2022
13658,Customer_13658,South,03-12-2019
13659,Customer_13659,North,14-01-2021
13660,Customer_13660,West,05-04-2023
13661,Customer_13661,West,15-04-2023
13662,Customer_13662,West,23-01-2021
13663,Customer_13663,South,06-02-2018
13664,Customer_13664,South,19-03-2019
13665,Customer_13665,North,03-01-2023
13666,Customer_13666,North,12-06-2023
13667,Customer_13667,South,16-11-2022
13668,Customer_13668,East,04-10-2021
13669,Customer_13669,East,30-06-2022
13670,Customer_13670,East,17-05-2021
13671,Customer_13671,East,15-01-2018
13672,Customer_13672,South,02-07-2018
13673,Customer_13673,North,18-04-2018
13674,Customer_13674,East,12-12-2019
13675,Customer_13675,East,18-04-2020
13676,Customer_13676,East,08-08-2021
13677,Customer_13677,South,10-11-2021
13678,Customer_13678,South,12-03-2023
13679,Customer_13679,South,26-07-2020
13680,Customer_13680,North,07-10-2019
13681,Customer_13681,South,10-05-2021
13682,Customer_13682,East,16-10-2018
13683,Customer_13683,North,11-02-2023
13684,Customer_13684,West,03-02-2019
13685,Customer_13685,West,20-08-2022
13686,Customer_13686,South,13-09-2019
13687,Customer_13687,North,05-08-2019
13688,Customer_13688,East,09-12-2020
13689,Customer_13689,East,02-05-2018
13690,Customer_13690,South,26-12-2018
13691,Customer_13691,South,26-07-2020
13692,Customer_13692,North,27-02-2019
13693,Customer_13693,South,28-08-2020
13694,Customer_13694,West,14-04-2022
13695,Customer_13695,East,21-08-2019
13696,Customer_13696,South,08-11-2020
13697,Customer_13697,East,11-12-2020
13698,Customer_13698,West,24-03-2022
13699,Customer_13699,South,07-06-2023
13700,Customer_13700,West,22-06-2019
13701,Customer_13701,East,16-04-2019
13702,Customer_13702,North,24-03-2022
13703,Customer_13703,West,28-08-2019
13704,Customer_13704,East,03-08-2020
13705,Customer_13705,East,30-07-2022
13706,Customer_13706,West,20-05-2020
13707,Customer_13707,South,15-04-2021
13708,Customer_13708,South,22-11-2019
13709,Customer_13709,East,07-05-2022
13710,Customer_13710,North,22-11-2021
13711,Customer_13711,South,01-05-2018
13712,Customer_13712,South,10-09-2018
13713,Customer_13713,South,19-05-2020
13714,Customer_13714,South,07-09-2022
13715,Customer_13715,South,13-11-2018
13716,Customer_13716,West,20-11-2018
13717,Customer_13717,North,01-05-2021
13718,Customer_13718,South,21-09-2020
13719,Customer_13719,West,27-03-2023
13720,Customer_13720,West,18-05-2023
13721,Customer_13721,South,29-01-2019
13722,Customer_13722,North,10-06-2023
13723,Customer_13723,West,29-08-2018
13724,Customer_13724,East,16-08-2021
13725,Customer_13725,East,07-05-2020
13726,Customer_13726,South,24-01-2023
13727,Customer_13727,South,14-11-2020
13728,Customer_13728,South,23-09-2018
13729,Customer_13729,West,11-01-2019
13730,Customer_13730,South,25-05-2019
13731,Customer_13731,North,23-07-2021
13732,Customer_13732,South,05-02-2022
13733,Customer_13733,West,29-09-2021
13734,Customer_13734,West,08-03-2023
13735,Customer_13735,South,05-04-2023
13736,Customer_13736,North,07-04-2020
13737,Customer_13737,South,02-01-2019
13738,Customer_13738,West,06-04-2018
13739,Customer_13739,West,12-11-2019
13740,Customer_13740,North,22-11-2019
13741,Customer_13741,West,31-12-2018
13742,Customer_13742,East,19-11-2020
13743,Customer_13743,North,08-02-2023
13744,Customer_13744,South,07-02-2020
13745,Customer_13745,West,07-10-2020
13746,Customer_13746,South,19-01-2021
13747,Customer_13747,West,09-12-2018
13748,Customer_13748,West,02-02-2019
13749,Customer_13749,West,19-05-2022
13750,Customer_13750,East,01-02-2018
13751,Customer_13751,North,25-08-2020
13752,Customer_13752,East,05-03-2018
13753,Customer_13753,North,26-10-2022
13754,Customer_13754,West,07-09-2022
13755,Customer_13755,East,10-02-2021
13756,Customer_13756,North,09-08-2022
13757,Customer_13757,East,19-10-2018
13758,Customer_13758,North,26-08-2018
13759,Customer_13759,South,20-11-2022
13760,Customer_13760,South,09-06-2021
13761,Customer_13761,West,21-03-2019
13762,Customer_13762,East,02-01-2022
13763,Customer_13763,North,18-07-2022
13764,Customer_13764,East,23-04-2021
13765,Customer_13765,West,01-10-2018
13766,Customer_13766,West,04-05-2022
13767,Customer_13767,North,10-04-2023
13768,Customer_13768,South,05-10-2018
13769,Customer_13769,North,16-02-2023
13770,Customer_13770,North,04-06-2020
13771,Customer_13771,North,22-04-2021
13772,Customer_13772,South,23-11-2022
13773,Customer_13773,North,21-06-2022
13774,Customer_13774,South,27-06-2021
13775,Customer_13775,East,24-09-2022
13776,Customer_13776,North,07-11-2022
13777,Customer_13777,North,07-05-2019
13778,Customer_13778,East,24-02-2019
13779,Customer_13779,North,03-06-2021
13780,Customer_13780,West,16-09-2020
13781,Customer_13781,East,06-10-2019
13782,Customer_13782,North,01-12-2019
13783,Customer_13783,East,05-05-2022
13784,Customer_13784,South,07-02-2022
13785,Customer_13785,South,05-05-2018
13786,Customer_13786,West,01-06-2020
13787,Customer_13787,North,17-09-2020
13788,Customer_13788,East,28-06-2022
13789,Customer_13789,North,21-05-2019
13790,Customer_13790,North,06-07-2020
13791,Customer_13791,North,22-02-2022
13792,Customer_13792,West,15-07-2019
13793,Customer_13793,North,10-02-2022
13794,Customer_13794,North,20-03-2019
13795,Customer_13795,West,29-06-2022
13796,Customer_13796,West,08-04-2020
13797,Customer_13797,South,18-08-2021
13798,Customer_13798,South,26-03-2018
13799,Customer_13799,South,12-09-2021
13800,Customer_13800,West,25-01-2023
13801,Customer_13801,North,19-02-2019
13802,Customer_13802,West,21-05-2021
13803,Customer_13803,North,13-08-2022
13804,Customer_13804,West,14-09-2021
13805,Customer_13805,North,18-04-2021
13806,Customer_13806,South,07-02-2019
13807,Customer_13807,East,25-08-2021
13808,Customer_13808,East,14-02-2020
13809,Customer_13809,South,14-11-2020
13810,Customer_13810,West,22-06-2023
13811,Customer_13811,West,06-07-2018
13812,Customer_13812,West,26-11-2019
13813,Customer_13813,East,10-12-2021
13814,Customer_13814,East,11-08-2018
13815,Customer_13815,South,01-08-2020
13816,Customer_13816,North,02-12-2019
13817,Customer_13817,North,05-01-2021
13818,Customer_13818,North,09-07-2020
13819,Customer_13819,North,09-06-2019
13820,Customer_13820,East,07-02-2020
13821,Customer_13821,East,09-06-2019
13822,Customer_13822,North,02-02-2021
13823,Customer_13823,South,08-08-2021
13824,Customer_13824,North,18-05-2019
13825,Customer_13825,North,21-03-2018
13826,Customer_13826,West,30-05-2018
13827,Customer_13827,South,14-03-2022
13828,Customer_13828,East,22-09-2021
13829,Customer_13829,East,19-02-2020
13830,Customer_13830,South,18-06-2020
13831,Customer_13831,South,31-08-2022
13832,Customer_13832,South,01-01-2021
13833,Customer_13833,South,26-08-2020
13834,Customer_13834,North,07-11-2020
13835,Customer_13835,South,04-07-2019
13836,Customer_13836,East,29-04-2020
13837,Customer_13837,West,18-12-2020
13838,Customer_13838,West,05-03-2021
13839,Customer_13839,West,09-03-2022
13840,Customer_13840,West,04-12-2020
13841,Customer_13841,North,15-11-2022
13842,Customer_13842,West,28-12-2018
13843,Customer_13843,West,08-08-2018
13844,Customer_13844,West,22-06-2023
13845,Customer_13845,South,21-08-2021
13846,Customer_13846,West,25-02-2018
13847,Customer_13847,North,04-07-2019
13848,Customer_13848,West,31-12-2020
13849,Customer_13849,North,01-07-2022
13850,Customer_13850,East,28-05-2018
13851,Customer_13851,West,23-01-2019
13852,Customer_13852,South,29-03-2019
13853,Customer_13853,North,01-08-2018
13854,Customer_13854,East,01-07-2021
13855,Customer_13855,North,09-09-2021
13856,Customer_13856,North,09-11-2022
13857,Customer_13857,South,14-06-2021
13858,Customer_13858,West,25-01-2023
13859,Customer_13859,West,16-01-2018
13860,Customer_13860,South,23-11-2021
13861,Customer_13861,South,25-09-2019
13862,Customer_13862,West,17-05-2020
13863,Customer_13863,West,17-05-2021
13864,Customer_13864,North,31-05-2021
13865,Customer_13865,West,31-01-2022
13866,Customer_13866,South,13-05-2018
13867,Customer_13867,West,05-03-2020
13868,Customer_13868,East,29-11-2020
13869,Customer_13869,West,04-10-2018
13870,Customer_13870,East,07-06-2018
13871,Customer_13871,North,01-02-2019
13872,Customer_13872,West,13-09-2022
13873,Customer_13873,North,16-11-2020
13874,Customer_13874,East,11-10-2020
13875,Customer_13875,South,18-02-2023
13876,Customer_13876,South,19-10-2019
13877,Customer_13877,West,27-02-2022
13878,Customer_13878,East,03-12-2022
13879,Customer_13879,South,27-03-2018
13880,Customer_13880,South,29-03-2023
13881,Customer_13881,North,25-02-2023
13882,Customer_13882,South,20-12-2020
13883,Customer_13883,West,14-05-2018
13884,Customer_13884,West,08-10-2018
13885,Customer_13885,East,05-05-2018
13886,Customer_13886,West,16-10-2020
13887,Customer_13887,South,10-08-2019
13888,Customer_13888,West,29-09-2022
13889,Customer_13889,West,15-12-2021
13890,Customer_13890,South,13-09-2022
13891,Customer_13891,West,17-10-2021
13892,Customer_13892,North,09-03-2018
13893,Customer_13893,West,29-03-2019
13894,Customer_13894,North,28-06-2022
13895,Customer_13895,South,22-08-2021
13896,Customer_13896,North,22-05-2020
13897,Customer_13897,North,30-10-2022
13898,Customer_13898,East,05-12-2022
13899,Customer_13899,South,23-04-2022
13900,Customer_13900,North,05-09-2019
13901,Customer_13901,East,08-04-2019
13902,Customer_13902,West,30-12-2020
13903,Customer_13903,North,09-05-2023
13904,Customer_13904,West,06-01-2022
13905,Customer_13905,East,30-09-2018
13906,Customer_13906,West,13-10-2018
13907,Customer_13907,West,22-03-2020
13908,Customer_13908,East,06-10-2019
13909,Customer_13909,North,25-02-2018
13910,Customer_13910,East,12-01-2018
13911,Customer_13911,North,23-07-2018
13912,Customer_13912,West,20-03-2018
13913,Customer_13913,East,07-04-2022
13914,Customer_13914,East,13-06-2021
13915,Customer_13915,West,25-09-2021
13916,Customer_13916,South,12-03-2021
13917,Customer_13917,East,20-03-2018
13918,Customer_13918,North,13-03-2018
13919,Customer_13919,West,30-08-2019
13920,Customer_13920,West,19-06-2020
13921,Customer_13921,South,05-05-2020
13922,Customer_13922,West,08-11-2022
13923,Customer_13923,East,02-12-2019
13924,Customer_13924,West,18-06-2018
13925,Customer_13925,East,23-06-2023
13926,Customer_13926,East,04-06-2023
13927,Customer_13927,North,21-06-2023
13928,Customer_13928,East,09-03-2023
13929,Customer_13929,South,25-02-2021
13930,Customer_13930,East,19-07-2021
13931,Customer_13931,East,09-09-2020
13932,Customer_13932,South,11-06-2018
13933,Customer_13933,South,24-11-2019
13934,Customer_13934,West,27-12-2020
13935,Customer_13935,West,02-08-2019
13936,Customer_13936,East,07-03-2023
13937,Customer_13937,West,08-08-2021
13938,Customer_13938,North,09-08-2020
13939,Customer_13939,North,01-03-2019
13940,Customer_13940,South,13-02-2022
13941,Customer_13941,West,27-02-2023
13942,Customer_13942,East,11-09-2019
13943,Customer_13943,South,23-07-2021
13944,Customer_13944,North,14-05-2023
13945,Customer_13945,South,08-03-2021
13946,Customer_13946,North,13-06-2018
13947,Customer_13947,West,19-06-2021
13948,Customer_13948,West,03-05-2023
13949,Customer_13949,West,26-06-2018
13950,Customer_13950,West,27-04-2023
13951,Customer_13951,West,24-03-2023
13952,Customer_13952,North,16-12-2019
13953,Customer_13953,East,08-06-2021
13954,Customer_13954,South,01-09-2021
13955,Customer_13955,North,19-01-2022
13956,Customer_13956,North,03-12-2018
13957,Customer_13957,West,24-06-2022
13958,Customer_13958,East,25-09-2022
13959,Customer_13959,West,22-06-2019
13960,Customer_13960,East,10-04-2020
13961,Customer_13961,East,18-09-2021
13962,Customer_13962,South,11-02-2018
13963,Customer_13963,East,27-03-2021
13964,Customer_13964,North,23-06-2023
13965,Customer_13965,West,06-02-2023
13966,Customer_13966,North,25-12-2022
13967,Customer_13967,West,28-04-2021
13968,Customer_13968,North,01-07-2022
13969,Customer_13969,East,29-05-2023
13970,Customer_13970,East,13-04-2019
13971,Customer_13971,East,02-09-2022
13972,Customer_13972,South,03-01-2019
13973,Customer_13973,North,01-05-2018
13974,Customer_13974,East,05-10-2018
13975,Customer_13975,North,12-08-2018
13976,Customer_13976,East,01-04-2022
13977,Customer_13977,South,30-04-2018
13978,Customer_13978,North,25-02-2019
13979,Customer_13979,West,23-01-2019
13980,Customer_13980,West,02-01-2022
13981,Customer_13981,West,22-01-2019
13982,Customer_13982,West,09-01-2019
13983,Customer_13983,North,20-11-2021
13984,Customer_13984,South,24-01-2023
13985,Customer_13985,South,03-04-2019
13986,Customer_13986,North,15-04-2018
13987,Customer_13987,East,20-11-2019
13988,Customer_13988,South,23-09-2022
13989,Customer_13989,West,18-01-2023
13990,Customer_13990,North,08-01-2018
13991,Customer_13991,West,03-06-2020
13992,Customer_13992,South,04-07-2021
13993,Customer_13993,West,21-08-2021
13994,Customer_13994,West,01-11-2021
13995,Customer_13995,East,31-03-2020
13996,Customer_13996,West,25-03-2023
13997,Customer_13997,South,07-03-2020
13998,Customer_13998,West,31-12-2020
13999,Customer_13999,West,09-06-2018
14000,Customer_14000,West,11-10-2022
14001,Customer_14001,West,21-06-2023
14002,Customer_14002,North,21-01-2022
14003,Customer_14003,South,05-05-2019
14004,Customer_14004,West,02-06-2018
14005,Customer_14005,South,20-07-2021
14006,Customer_14006,West,21-03-2019
14007,Customer_14007,West,17-05-2020
14008,Customer_14008,South,02-11-2022
14009,Customer_14009,East,01-01-2023
14010,Customer_14010,North,16-10-2020
14011,Customer_14011,North,16-06-2020
14012,Customer_14012,East,11-01-2020
14013,Customer_14013,South,10-12-2022
14014,Customer_14014,North,10-12-2022
14015,Customer_14015,North,19-05-2019
14016,Customer_14016,East,04-04-2020
14017,Customer_14017,West,12-01-2018
14018,Customer_14018,South,13-07-2018
14019,Customer_14019,West,15-09-2021
14020,Customer_14020,North,10-04-2018
14021,Customer_14021,North,28-01-2019
14022,Customer_14022,North,18-08-2020
14023,Customer_14023,East,30-08-2018
14024,Customer_14024,West,28-06-2021
14025,Customer_14025,North,09-07-2018
14026,Customer_14026,East,09-05-2021
14027,Customer_14027,East,25-06-2021
14028,Customer_14028,West,12-12-2022
14029,Customer_14029,North,18-04-2022
14030,Customer_14030,South,15-06-2019
14031,Customer_14031,South,25-11-2020
14032,Customer_14032,South,24-11-2019
14033,Customer_14033,South,22-04-2018
14034,Customer_14034,South,21-12-2020
14035,Customer_14035,North,30-01-2023
14036,Customer_14036,North,08-11-2021
14037,Customer_14037,South,27-07-2021
14038,Customer_14038,South,03-06-2023
14039,Customer_14039,South,30-10-2021
14040,Customer_14040,South,31-10-2021
14041,Customer_14041,East,25-10-2019
14042,Customer_14042,North,09-06-2023
14043,Customer_14043,North,17-06-2019
14044,Customer_14044,North,30-06-2018
14045,Customer_14045,North,27-01-2019
14046,Customer_14046,East,13-11-2020
14047,Customer_14047,East,02-01-2020
14048,Customer_14048,East,25-06-2022
14049,Customer_14049,South,25-08-2020
14050,Customer_14050,East,31-01-2020
14051,Customer_14051,West,06-07-2020
14052,Customer_14052,West,16-10-2018
14053,Customer_14053,West,17-05-2021
14054,Customer_14054,East,24-04-2018
14055,Customer_14055,West,05-09-2019
14056,Customer_14056,North,17-06-2020
14057,Customer_14057,North,11-10-2019
14058,Customer_14058,East,10-10-2021
14059,Customer_14059,North,04-08-2020
14060,Customer_14060,West,08-02-2022
14061,Customer_14061,East,13-03-2021
14062,Customer_14062,West,04-03-2018
14063,Customer_14063,West,12-05-2021
14064,Customer_14064,West,19-02-2022
14065,Customer_14065,South,29-08-2019
14066,Customer_14066,South,21-04-2022
14067,Customer_14067,North,02-02-2020
14068,Customer_14068,East,02-07-2021
14069,Customer_14069,West,29-11-2018
14070,Customer_14070,North,14-01-2018
14071,Customer_14071,East,28-09-2022
14072,Customer_14072,South,04-08-2020
14073,Customer_14073,East,03-10-2022
14074,Customer_14074,North,23-02-2019
14075,Customer_14075,North,12-05-2020
14076,Customer_14076,West,26-02-2020
14077,Customer_14077,North,10-10-2020
14078,Customer_14078,West,19-05-2021
14079,Customer_14079,East,26-04-2023
14080,Customer_14080,East,16-02-2021
14081,Customer_14081,West,14-04-2021
14082,Customer_14082,East,07-08-2021
14083,Customer_14083,South,31-01-2019
14084,Customer_14084,North,10-02-2020
14085,Customer_14085,West,08-12-2021
14086,Customer_14086,North,19-02-2019
14087,Customer_14087,West,10-08-2021
14088,Customer_14088,North,18-09-2021
14089,Customer_14089,West,18-08-2019
14090,Customer_14090,West,02-06-2018
14091,Customer_14091,North,01-03-2022
14092,Customer_14092,North,24-03-2021
14093,Customer_14093,West,11-02-2019
14094,Customer_14094,North,21-07-2020
14095,Customer_14095,East,06-04-2019
14096,Customer_14096,East,24-08-2020
14097,Customer_14097,East,10-04-2018
14098,Customer_14098,North,03-01-2022
14099,Customer_14099,North,22-01-2019
14100,Customer_14100,North,13-04-2021
14101,Customer_14101,East,02-02-2023
14102,Customer_14102,North,10-09-2020
14103,Customer_14103,South,03-01-2018
14104,Customer_14104,West,20-12-2022
14105,Customer_14105,West,08-10-2021
14106,Customer_14106,North,21-08-2020
14107,Customer_14107,South,29-12-2022
14108,Customer_14108,East,13-12-2018
14109,Customer_14109,West,28-11-2021
14110,Customer_14110,South,17-08-2020
14111,Customer_14111,South,21-08-2018
14112,Customer_14112,East,20-07-2020
14113,Customer_14113,South,01-03-2021
14114,Customer_14114,West,30-06-2020
14115,Customer_14115,North,25-01-2021
14116,Customer_14116,East,13-12-2021
14117,Customer_14117,South,03-03-2019
14118,Customer_14118,East,03-04-2022
14119,Customer_14119,West,21-03-2023
14120,Customer_14120,South,13-07-2021
14121,Customer_14121,West,29-06-2020
14122,Customer_14122,South,27-12-2018
14123,Customer_14123,North,11-05-2019
14124,Customer_14124,South,19-02-2022
14125,Customer_14125,West,30-03-2021
14126,Customer_14126,North,20-03-2018
14127,Customer_14127,East,18-05-2022
14128,Customer_14128,East,03-02-2018
14129,Customer_14129,East,23-07-2022
14130,Customer_14130,South,26-07-2018
14131,Customer_14131,East,12-07-2020
14132,Customer_14132,East,08-04-2019
14133,Customer_14133,East,01-01-2019
14134,Customer_14134,West,04-03-2018
14135,Customer_14135,South,07-02-2019
14136,Customer_14136,East,14-07-2018
14137,Customer_14137,East,02-08-2021
14138,Customer_14138,West,21-06-2023
14139,Customer_14139,East,12-09-2018
14140,Customer_14140,East,30-12-2020
14141,Customer_14141,West,08-02-2022
14142,Customer_14142,North,07-03-2022
14143,Customer_14143,East,24-03-2019
14144,Customer_14144,East,07-03-2022
14145,Customer_14145,South,16-09-2019
14146,Customer_14146,South,02-04-2023
14147,Customer_14147,North,11-10-2022
14148,Customer_14148,East,17-03-2023
14149,Customer_14149,East,16-12-2019
14150,Customer_14150,North,12-02-2023
14151,Customer_14151,East,08-02-2022
14152,Customer_14152,West,22-04-2019
14153,Customer_14153,East,02-03-2018
14154,Customer_14154,West,08-08-2022
14155,Customer_14155,East,10-03-2020
14156,Customer_14156,South,17-04-2019
14157,Customer_14157,South,04-04-2020
14158,Customer_14158,East,04-02-2019
14159,Customer_14159,West,22-08-2022
14160,Customer_14160,East,27-06-2021
14161,Customer_14161,West,11-11-2020
14162,Customer_14162,North,02-08-2018
14163,Customer_14163,North,15-11-2018
14164,Customer_14164,South,20-04-2019
14165,Customer_14165,East,09-01-2022
14166,Customer_14166,South,21-12-2020
14167,Customer_14167,South,09-09-2021
14168,Customer_14168,West,22-06-2023
14169,Customer_14169,East,13-03-2018
14170,Customer_14170,West,26-11-2020
14171,Customer_14171,East,25-01-2023
14172,Customer_14172,West,10-06-2021
14173,Customer_14173,North,24-04-2021
14174,Customer_14174,West,21-01-2019
14175,Customer_14175,East,03-10-2018
14176,Customer_14176,West,27-01-2021
14177,Customer_14177,South,07-08-2021
14178,Customer_14178,West,24-07-2020
14179,Customer_14179,South,27-05-2023
14180,Customer_14180,West,05-01-2018
14181,Customer_14181,South,05-11-2021
14182,Customer_14182,South,18-08-2019
14183,Customer_14183,West,06-07-2021
14184,Customer_14184,South,03-02-2019
14185,Customer_14185,East,17-01-2018
14186,Customer_14186,West,05-06-2020
14187,Customer_14187,West,07-05-2022
14188,Customer_14188,East,06-08-2020
14189,Customer_14189,South,22-04-2023
14190,Customer_14190,West,27-04-2020
14191,Customer_14191,East,16-10-2021
14192,Customer_14192,North,19-07-2018
14193,Customer_14193,North,04-04-2018
14194,Customer_14194,East,24-08-2022
14195,Customer_14195,North,17-06-2023
14196,Customer_14196,North,01-02-2022
14197,Customer_14197,East,14-11-2021
14198,Customer_14198,West,16-09-2019
14199,Customer_14199,East,02-01-2022
14200,Customer_14200,North,07-09-2018
14201,Customer_14201,East,23-09-2019
14202,Customer_14202,South,06-12-2020
14203,Customer_14203,North,05-03-2019
14204,Customer_14204,West,02-03-2020
14205,Customer_14205,West,20-10-2019
14206,Customer_14206,West,10-02-2020
14207,Customer_14207,North,11-02-2020
14208,Customer_14208,South,18-09-2020
14209,Customer_14209,North,30-04-2022
14210,Customer_14210,West,16-03-2021
14211,Customer_14211,East,13-09-2020
14212,Customer_14212,East,01-04-2023
14213,Customer_14213,South,12-01-2020
14214,Customer_14214,West,25-04-2018
14215,Customer_14215,West,28-02-2020
14216,Customer_14216,North,05-05-2020
14217,Customer_14217,West,21-07-2019
14218,Customer_14218,West,17-04-2018
14219,Customer_14219,West,27-09-2018
14220,Customer_14220,East,03-01-2018
14221,Customer_14221,East,04-10-2020
14222,Customer_14222,North,23-03-2021
14223,Customer_14223,East,16-04-2018
14224,Customer_14224,North,30-01-2018
14225,Customer_14225,North,17-01-2020
14226,Customer_14226,North,19-08-2022
14227,Customer_14227,North,16-09-2018
14228,Customer_14228,North,28-07-2018
14229,Customer_14229,North,10-12-2021
14230,Customer_14230,West,14-06-2023
14231,Customer_14231,East,23-06-2019
14232,Customer_14232,East,13-05-2022
14233,Customer_14233,South,18-02-2020
14234,Customer_14234,West,05-07-2021
14235,Customer_14235,North,18-07-2022
14236,Customer_14236,South,23-08-2021
14237,Customer_14237,East,08-05-2021
14238,Customer_14238,West,27-11-2018
14239,Customer_14239,East,16-11-2018
14240,Customer_14240,North,02-04-2022
14241,Customer_14241,South,26-11-2019
14242,Customer_14242,East,16-08-2021
14243,Customer_14243,West,01-08-2021
14244,Customer_14244,West,09-10-2022
14245,Customer_14245,North,26-05-2021
14246,Customer_14246,South,31-07-2022
14247,Customer_14247,West,05-06-2019
14248,Customer_14248,South,21-10-2021
14249,Customer_14249,South,17-10-2019
14250,Customer_14250,East,28-02-2021
14251,Customer_14251,West,02-05-2021
14252,Customer_14252,West,18-12-2019
14253,Customer_14253,South,17-09-2021
14254,Customer_14254,South,02-03-2022
14255,Customer_14255,South,23-01-2023
14256,Customer_14256,East,15-03-2019
14257,Customer_14257,West,21-08-2022
14258,Customer_14258,West,19-04-2021
14259,Customer_14259,North,09-02-2022
14260,Customer_14260,North,07-05-2020
14261,Customer_14261,North,11-04-2018
14262,Customer_14262,South,23-08-2021
14263,Customer_14263,North,20-06-2021
14264,Customer_14264,South,12-01-2023
14265,Customer_14265,South,16-01-2020
14266,Customer_14266,East,06-06-2019
14267,Customer_14267,South,24-08-2019
14268,Customer_14268,East,23-08-2019
14269,Customer_14269,East,10-01-2023
14270,Customer_14270,South,21-05-2022
14271,Customer_14271,West,17-03-2019
14272,Customer_14272,West,08-10-2018
14273,Customer_14273,North,24-10-2020
14274,Customer_14274,North,11-05-2023
14275,Customer_14275,East,28-02-2022
14276,Customer_14276,East,13-06-2021
14277,Customer_14277,West,14-10-2020
14278,Customer_14278,East,29-01-2020
14279,Customer_14279,South,27-06-2022
14280,Customer_14280,South,10-01-2020
14281,Customer_14281,North,29-12-2021
14282,Customer_14282,North,11-10-2020
14283,Customer_14283,West,16-04-2022
14284,Customer_14284,North,25-12-2022
14285,Customer_14285,South,18-10-2020
14286,Customer_14286,South,01-05-2019
14287,Customer_14287,South,03-07-2018
14288,Customer_14288,East,31-01-2023
14289,Customer_14289,North,22-01-2021
14290,Customer_14290,North,30-03-2020
14291,Customer_14291,North,22-06-2021
14292,Customer_14292,West,31-03-2021
14293,Customer_14293,South,11-11-2021
14294,Customer_14294,West,26-12-2021
14295,Customer_14295,East,02-10-2021
14296,Customer_14296,West,20-09-2019
14297,Customer_14297,North,30-11-2021
14298,Customer_14298,North,31-10-2020
14299,Customer_14299,North,24-01-2018
14300,Customer_14300,South,06-05-2019
14301,Customer_14301,East,20-12-2021
14302,Customer_14302,North,07-04-2023
14303,Customer_14303,East,12-10-2019
14304,Customer_14304,North,14-01-2022
14305,Customer_14305,East,15-10-2021
14306,Customer_14306,East,27-07-2020
14307,Customer_14307,North,22-09-2019
14308,Customer_14308,East,06-06-2020
14309,Customer_14309,West,07-05-2020
14310,Customer_14310,West,21-09-2021
14311,Customer_14311,South,14-11-2021
14312,Customer_14312,South,25-06-2020
14313,Customer_14313,West,29-12-2021
14314,Customer_14314,South,13-01-2022
14315,Customer_14315,West,17-02-2022
14316,Customer_14316,North,21-02-2023
14317,Customer_14317,South,15-05-2022
14318,Customer_14318,South,15-04-2021
14319,Customer_14319,North,21-12-2019
14320,Customer_14320,South,10-06-2019
14321,Customer_14321,South,10-07-2018
14322,Customer_14322,East,18-11-2021
14323,Customer_14323,East,07-08-2020
14324,Customer_14324,North,21-07-2019
14325,Customer_14325,North,10-05-2019
14326,Customer_14326,West,25-03-2023
14327,Customer_14327,East,12-03-2021
14328,Customer_14328,South,26-12-2021
14329,Customer_14329,West,17-01-2022
14330,Customer_14330,West,16-04-2022
14331,Customer_14331,South,15-02-2022
14332,Customer_14332,South,29-05-2020
14333,Customer_14333,West,29-07-2020
14334,Customer_14334,South,28-12-2019
14335,Customer_14335,North,07-03-2023
14336,Customer_14336,South,28-04-2023
14337,Customer_14337,North,10-01-2019
14338,Customer_14338,South,28-06-2019
14339,Customer_14339,West,01-06-2022
14340,Customer_14340,West,22-04-2022
14341,Customer_14341,East,20-11-2022
14342,Customer_14342,East,09-05-2020
14343,Customer_14343,South,21-03-2023
14344,Customer_14344,South,07-07-2018
14345,Customer_14345,North,30-06-2019
14346,Customer_14346,West,25-04-2018
14347,Customer_14347,North,25-12-2020
14348,Customer_14348,West,11-03-2022
14349,Customer_14349,North,08-05-2022
14350,Customer_14350,East,02-07-2020
14351,Customer_14351,South,08-01-2019
14352,Customer_14352,West,31-12-2022
14353,Customer_14353,South,13-06-2022
14354,Customer_14354,North,20-04-2020
14355,Customer_14355,West,12-05-2018
14356,Customer_14356,West,04-09-2021
14357,Customer_14357,West,23-12-2018
14358,Customer_14358,East,13-02-2018
14359,Customer_14359,North,25-05-2022
14360,Customer_14360,West,19-03-2022
14361,Customer_14361,East,16-01-2020
14362,Customer_14362,East,04-01-2018
14363,Customer_14363,North,03-03-2020
14364,Customer_14364,East,22-03-2020
14365,Customer_14365,West,09-06-2019
14366,Customer_14366,North,24-06-2020
14367,Customer_14367,East,01-01-2018
14368,Customer_14368,West,03-06-2023
14369,Customer_14369,South,26-02-2018
14370,Customer_14370,East,13-01-2018
14371,Customer_14371,North,25-10-2019
14372,Customer_14372,West,06-03-2021
14373,Customer_14373,South,10-05-2020
14374,Customer_14374,South,22-11-2018
14375,Customer_14375,East,26-04-2022
14376,Customer_14376,East,10-01-2019
14377,Customer_14377,East,10-11-2018
14378,Customer_14378,East,12-02-2018
14379,Customer_14379,South,19-04-2023
14380,Customer_14380,East,30-08-2021
14381,Customer_14381,East,04-05-2020
14382,Customer_14382,East,03-01-2019
14383,Customer_14383,North,27-01-2020
14384,Customer_14384,West,11-01-2018
14385,Customer_14385,North,14-06-2022
14386,Customer_14386,North,15-10-2019
14387,Customer_14387,South,10-12-2019
14388,Customer_14388,West,18-03-2020
14389,Customer_14389,East,05-09-2022
14390,Customer_14390,North,30-03-2019
14391,Customer_14391,South,29-08-2022
14392,Customer_14392,East,03-10-2019
14393,Customer_14393,East,22-12-2018
14394,Customer_14394,West,06-11-2022
14395,Customer_14395,West,03-04-2023
14396,Customer_14396,East,04-04-2022
14397,Customer_14397,East,26-01-2018
14398,Customer_14398,North,05-07-2020
14399,Customer_14399,North,20-03-2021
14400,Customer_14400,West,07-01-2019
14401,Customer_14401,West,05-02-2019
14402,Customer_14402,East,15-07-2021
14403,Customer_14403,East,22-10-2019
14404,Customer_14404,West,08-04-2023
14405,Customer_14405,West,23-04-2022
14406,Customer_14406,North,08-02-2020
14407,Customer_14407,South,18-06-2019
14408,Customer_14408,East,11-08-2022
14409,Customer_14409,East,06-08-2019
14410,Customer_14410,South,19-04-2023
14411,Customer_14411,East,24-06-2021
14412,Customer_14412,West,18-08-2019
14413,Customer_14413,South,30-03-2018
14414,Customer_14414,East,29-02-2020
14415,Customer_14415,East,07-02-2019
14416,Customer_14416,East,21-12-2019
14417,Customer_14417,West,07-01-2020
14418,Customer_14418,East,12-11-2022
14419,Customer_14419,East,05-11-2021
14420,Customer_14420,South,26-04-2019
14421,Customer_14421,West,27-06-2019
14422,Customer_14422,East,26-06-2019
14423,Customer_14423,North,03-01-2018
14424,Customer_14424,East,14-01-2019
14425,Customer_14425,South,17-08-2018
14426,Customer_14426,South,21-07-2021
14427,Customer_14427,East,08-10-2022
14428,Customer_14428,West,11-03-2022
14429,Customer_14429,East,16-11-2019
14430,Customer_14430,South,17-02-2021
14431,Customer_14431,West,25-07-2018
14432,Customer_14432,South,29-02-2020
14433,Customer_14433,East,04-06-2023
14434,Customer_14434,West,27-07-2021
14435,Customer_14435,South,25-08-2022
14436,Customer_14436,South,05-11-2019
14437,Customer_14437,North,13-01-2022
14438,Customer_14438,South,08-01-2023
14439,Customer_14439,West,25-01-2021
14440,Customer_14440,East,10-04-2020
14441,Customer_14441,South,29-06-2019
14442,Customer_14442,South,06-03-2018
14443,Customer_14443,North,31-01-2023
14444,Customer_14444,East,21-04-2021
14445,Customer_14445,East,04-02-2023
14446,Customer_14446,East,31-08-2020
14447,Customer_14447,West,14-05-2018
14448,Customer_14448,South,05-02-2021
14449,Customer_14449,West,05-11-2019
14450,Customer_14450,South,17-08-2020
14451,Customer_14451,West,15-07-2020
14452,Customer_14452,South,26-09-2022
14453,Customer_14453,West,10-04-2020
14454,Customer_14454,North,28-02-2018
14455,Customer_14455,East,08-07-2018
14456,Customer_14456,North,17-02-2023
14457,Customer_14457,North,29-11-2020
14458,Customer_14458,North,24-08-2018
14459,Customer_14459,North,08-11-2019
14460,Customer_14460,North,09-05-2018
14461,Customer_14461,East,09-08-2020
14462,Customer_14462,South,16-07-2022
14463,Customer_14463,North,19-06-2021
14464,Customer_14464,East,12-10-2021
14465,Customer_14465,North,21-08-2020
14466,Customer_14466,North,19-06-2020
14467,Customer_14467,North,27-07-2022
14468,Customer_14468,East,25-10-2022
14469,Customer_14469,East,27-12-2021
14470,Customer_14470,West,18-01-2022
14471,Customer_14471,West,09-12-2019
14472,Customer_14472,East,08-08-2019
14473,Customer_14473,South,16-12-2022
14474,Customer_14474,North,06-06-2021
14475,Customer_14475,West,14-09-2019
14476,Customer_14476,East,01-05-2022
14477,Customer_14477,North,09-11-2018
14478,Customer_14478,South,20-12-2018
14479,Customer_14479,West,20-08-2019
14480,Customer_14480,South,30-04-2018
14481,Customer_14481,North,10-07-2020
14482,Customer_14482,North,26-09-2022
14483,Customer_14483,West,23-08-2022
14484,Customer_14484,East,03-12-2021
14485,Customer_14485,West,05-06-2019
14486,Customer_14486,East,06-12-2022
14487,Customer_14487,West,17-05-2018
14488,Customer_14488,South,28-10-2020
14489,Customer_14489,South,12-11-2020
14490,Customer_14490,South,19-02-2019
14491,Customer_14491,North,29-08-2018
14492,Customer_14492,North,07-12-2020
14493,Customer_14493,North,12-01-2021
14494,Customer_14494,South,21-05-2023
14495,Customer_14495,West,10-07-2022
14496,Customer_14496,East,27-08-2018
14497,Customer_14497,South,06-01-2020
14498,Customer_14498,East,21-09-2019
14499,Customer_14499,West,03-12-2020
14500,Customer_14500,South,18-06-2018
14501,Customer_14501,North,04-03-2020
14502,Customer_14502,East,10-03-2023
14503,Customer_14503,East,11-11-2018
14504,Customer_14504,West,13-10-2019
14505,Customer_14505,East,18-08-2018
14506,Customer_14506,North,13-11-2019
14507,Customer_14507,South,16-01-2021
14508,Customer_14508,North,13-07-2022
14509,Customer_14509,South,02-04-2022
14510,Customer_14510,North,26-12-2018
14511,Customer_14511,West,30-12-2021
14512,Customer_14512,North,19-11-2022
14513,Customer_14513,South,06-12-2021
14514,Customer_14514,West,14-07-2018
14515,Customer_14515,East,02-06-2018
14516,Customer_14516,East,14-09-2020
14517,Customer_14517,South,18-12-2022
14518,Customer_14518,South,07-12-2019
14519,Customer_14519,South,17-05-2019
14520,Customer_14520,North,07-08-2020
14521,Customer_14521,North,21-04-2021
14522,Customer_14522,East,05-01-2021
14523,Customer_14523,North,02-03-2023
14524,Customer_14524,North,25-02-2023
14525,Customer_14525,North,08-01-2023
14526,Customer_14526,West,18-03-2018
14527,Customer_14527,East,31-05-2020
14528,Customer_14528,North,09-11-2018
14529,Customer_14529,North,18-03-2021
14530,Customer_14530,West,31-07-2018
14531,Customer_14531,South,13-12-2018
14532,Customer_14532,West,15-03-2023
14533,Customer_14533,South,02-07-2022
14534,Customer_14534,East,22-05-2020
14535,Customer_14535,South,23-10-2022
14536,Customer_14536,West,22-09-2018
14537,Customer_14537,East,13-02-2021
14538,Customer_14538,South,09-06-2018
14539,Customer_14539,West,25-03-2021
14540,Customer_14540,West,15-10-2020
14541,Customer_14541,North,19-11-2022
14542,Customer_14542,East,15-02-2023
14543,Customer_14543,North,24-02-2022
14544,Customer_14544,West,16-11-2020
14545,Customer_14545,East,12-04-2018
14546,Customer_14546,South,28-01-2022
14547,Customer_14547,North,31-05-2018
14548,Customer_14548,West,30-06-2022
14549,Customer_14549,West,19-02-2019
14550,Customer_14550,North,23-07-2018
14551,Customer_14551,West,06-07-2020
14552,Customer_14552,North,01-09-2018
14553,Customer_14553,North,16-08-2019
14554,Customer_14554,West,22-07-2019
14555,Customer_14555,South,23-02-2019
14556,Customer_14556,North,16-06-2020
14557,Customer_14557,South,10-01-2021
14558,Customer_14558,East,14-10-2021
14559,Customer_14559,West,29-06-2022
14560,Customer_14560,East,21-02-2021
14561,Customer_14561,East,18-03-2020
14562,Customer_14562,North,27-04-2021
14563,Customer_14563,West,06-06-2023
14564,Customer_14564,South,29-05-2022
14565,Customer_14565,South,19-11-2019
14566,Customer_14566,South,10-02-2021
14567,Customer_14567,South,25-08-2018
14568,Customer_14568,West,30-12-2022
14569,Customer_14569,South,08-12-2018
14570,Customer_14570,South,30-05-2021
14571,Customer_14571,South,29-01-2019
14572,Customer_14572,South,17-09-2020
14573,Customer_14573,South,12-06-2020
14574,Customer_14574,North,23-04-2019
14575,Customer_14575,North,20-06-2021
14576,Customer_14576,South,05-11-2021
14577,Customer_14577,North,19-07-2020
14578,Customer_14578,South,25-07-2018
14579,Customer_14579,West,31-08-2019
14580,Customer_14580,East,11-03-2023
14581,Customer_14581,South,14-09-2018
14582,Customer_14582,South,06-01-2020
14583,Customer_14583,South,25-01-2023
14584,Customer_14584,West,21-09-2019
14585,Customer_14585,East,13-12-2018
14586,Customer_14586,South,07-08-2019
14587,Customer_14587,East,28-06-2018
14588,Customer_14588,South,03-11-2018
14589,Customer_14589,North,12-10-2020
14590,Customer_14590,North,06-07-2022
14591,Customer_14591,North,21-01-2021
14592,Customer_14592,West,18-06-2019
14593,Customer_14593,North,28-12-2018
14594,Customer_14594,South,20-11-2019
14595,Customer_14595,North,31-07-2020
14596,Customer_14596,East,27-10-2020
14597,Customer_14597,North,16-09-2022
14598,Customer_14598,North,23-07-2021
14599,Customer_14599,North,29-04-2022
14600,Customer_14600,South,15-02-2018
14601,Customer_14601,North,26-12-2021
14602,Customer_14602,North,25-08-2020
14603,Customer_14603,North,05-01-2023
14604,Customer_14604,South,26-08-2021
14605,Customer_14605,South,09-01-2020
14606,Customer_14606,South,16-03-2020
14607,Customer_14607,West,29-08-2021
14608,Customer_14608,South,08-05-2022
14609,Customer_14609,North,22-04-2023
14610,Customer_14610,West,10-01-2021
14611,Customer_14611,South,05-06-2022
14612,Customer_14612,West,31-12-2021
14613,Customer_14613,South,08-03-2023
14614,Customer_14614,East,04-10-2021
14615,Customer_14615,West,18-06-2018
14616,Customer_14616,East,10-06-2021
14617,Customer_14617,South,20-05-2019
14618,Customer_14618,West,05-08-2021
14619,Customer_14619,South,06-02-2020
14620,Customer_14620,East,20-09-2021
14621,Customer_14621,West,08-04-2022
14622,Customer_14622,North,04-11-2019
14623,Customer_14623,West,27-12-2019
14624,Customer_14624,West,27-12-2018
14625,Customer_14625,South,07-02-2022
14626,Customer_14626,South,09-06-2021
14627,Customer_14627,North,05-04-2021
14628,Customer_14628,East,15-09-2020
14629,Customer_14629,North,19-12-2019
14630,Customer_14630,North,09-07-2019
14631,Customer_14631,West,11-06-2020
14632,Customer_14632,East,04-10-2020
14633,Customer_14633,East,20-02-2021
14634,Customer_14634,West,09-04-2020
14635,Customer_14635,North,15-09-2018
14636,Customer_14636,North,14-09-2018
14637,Customer_14637,South,05-03-2020
14638,Customer_14638,North,25-03-2020
14639,Customer_14639,East,07-10-2022
14640,Customer_14640,West,09-08-2021
14641,Customer_14641,North,24-12-2019
14642,Customer_14642,East,28-06-2021
14643,Customer_14643,South,17-12-2018
14644,Customer_14644,South,01-01-2018
14645,Customer_14645,North,16-12-2022
14646,Customer_14646,North,02-11-2020
14647,Customer_14647,West,01-03-2022
14648,Customer_14648,East,05-11-2021
14649,Customer_14649,West,15-03-2019
14650,Customer_14650,East,13-06-2022
14651,Customer_14651,East,27-07-2018
14652,Customer_14652,East,08-01-2023
14653,Customer_14653,South,22-11-2022
14654,Customer_14654,East,02-12-2019
14655,Customer_14655,West,06-02-2022
14656,Customer_14656,West,03-01-2021
14657,Customer_14657,East,18-10-2021
14658,Customer_14658,West,06-07-2021
14659,Customer_14659,South,05-04-2019
14660,Customer_14660,East,02-02-2022
14661,Customer_14661,South,06-01-2018
14662,Customer_14662,West,10-06-2018
14663,Customer_14663,East,16-01-2022
14664,Customer_14664,East,18-12-2021
14665,Customer_14665,East,26-10-2021
14666,Customer_14666,South,26-01-2019
14667,Customer_14667,South,01-01-2023
14668,Customer_14668,West,03-02-2021
14669,Customer_14669,North,15-12-2020
14670,Customer_14670,North,17-06-2018
14671,Customer_14671,South,27-04-2023
14672,Customer_14672,East,30-12-2021
14673,Customer_14673,East,06-11-2018
14674,Customer_14674,East,19-12-2022
14675,Customer_14675,East,21-07-2019
14676,Customer_14676,South,24-08-2022
14677,Customer_14677,East,27-10-2018
14678,Customer_14678,South,10-06-2020
14679,Customer_14679,East,09-05-2019
14680,Customer_14680,East,03-11-2021
14681,Customer_14681,North,17-05-2020
14682,Customer_14682,North,16-06-2022
14683,Customer_14683,South,26-03-2022
14684,Customer_14684,North,27-03-2020
14685,Customer_14685,East,03-04-2021
14686,Customer_14686,East,10-10-2020
14687,Customer_14687,North,12-01-2019
14688,Customer_14688,North,22-08-2020
14689,Customer_14689,South,21-04-2019
14690,Customer_14690,South,02-06-2023
14691,Customer_14691,South,09-04-2019
14692,Customer_14692,West,02-02-2019
14693,Customer_14693,West,06-05-2021
14694,Customer_14694,West,18-04-2019
14695,Customer_14695,South,04-03-2022
14696,Customer_14696,West,18-03-2019
14697,Customer_14697,South,21-01-2022
14698,Customer_14698,North,02-07-2018
14699,Customer_14699,East,24-04-2020
14700,Customer_14700,West,29-07-2022
14701,Customer_14701,East,02-02-2021
14702,Customer_14702,East,26-11-2019
14703,Customer_14703,West,30-07-2019
14704,Customer_14704,South,23-04-2021
14705,Customer_14705,South,04-09-2018
14706,Customer_14706,South,31-10-2020
14707,Customer_14707,East,15-07-2019
14708,Customer_14708,South,03-04-2020
14709,Customer_14709,West,15-06-2020
14710,Customer_14710,North,28-06-2021
14711,Customer_14711,North,13-04-2023
14712,Customer_14712,North,22-12-2020
14713,Customer_14713,South,12-12-2020
14714,Customer_14714,West,12-03-2019
14715,Customer_14715,North,20-05-2020
14716,Customer_14716,East,29-12-2019
14717,Customer_14717,North,16-04-2019
14718,Customer_14718,South,14-02-2019
14719,Customer_14719,North,10-10-2020
14720,Customer_14720,South,27-09-2021
14721,Customer_14721,East,12-07-2022
14722,Customer_14722,West,21-06-2018
14723,Customer_14723,West,26-02-2023
14724,Customer_14724,North,19-01-2023
14725,Customer_14725,South,29-01-2022
14726,Customer_14726,East,14-10-2021
14727,Customer_14727,East,12-06-2021
14728,Customer_14728,West,08-06-2022
14729,Customer_14729,East,20-09-2019
14730,Customer_14730,North,07-02-2018
14731,Customer_14731,East,06-08-2022
14732,Customer_14732,North,21-04-2022
14733,Customer_14733,East,18-08-2020
14734,Customer_14734,East,04-11-2021
14735,Customer_14735,North,03-03-2018
14736,Customer_14736,West,09-11-2018
14737,Customer_14737,North,24-09-2018
14738,Customer_14738,North,14-10-2022
14739,Customer_14739,East,19-11-2018
14740,Customer_14740,East,23-03-2019
14741,Customer_14741,South,06-12-2018
14742,Customer_14742,South,02-02-2021
14743,Customer_14743,North,20-07-2022
14744,Customer_14744,East,25-03-2023
14745,Customer_14745,North,03-08-2022
14746,Customer_14746,East,05-03-2023
14747,Customer_14747,North,17-05-2020
14748,Customer_14748,West,18-12-2019
14749,Customer_14749,West,22-12-2018
14750,Customer_14750,West,27-11-2022
14751,Customer_14751,North,16-02-2023
14752,Customer_14752,North,04-01-2019
14753,Customer_14753,North,23-10-2022
14754,Customer_14754,North,15-01-2019
14755,Customer_14755,South,20-09-2018
14756,Customer_14756,East,27-10-2018
14757,Customer_14757,East,14-08-2020
14758,Customer_14758,West,10-05-2021
14759,Customer_14759,South,21-03-2021
14760,Customer_14760,North,09-02-2018
14761,Customer_14761,East,01-07-2019
14762,Customer_14762,East,28-10-2018
14763,Customer_14763,North,31-03-2019
14764,Customer_14764,East,25-09-2019
14765,Customer_14765,West,12-11-2021
14766,Customer_14766,West,03-09-2022
14767,Customer_14767,South,16-08-2020
14768,Customer_14768,West,10-09-2021
14769,Customer_14769,South,01-04-2018
14770,Customer_14770,South,22-04-2018
14771,Customer_14771,South,13-07-2021
14772,Customer_14772,South,19-10-2021
14773,Customer_14773,West,20-04-2022
14774,Customer_14774,South,07-08-2018
14775,Customer_14775,South,26-06-2021
14776,Customer_14776,West,18-10-2022
14777,Customer_14777,North,19-02-2022
14778,Customer_14778,East,05-08-2018
14779,Customer_14779,North,17-12-2021
14780,Customer_14780,North,28-01-2019
14781,Customer_14781,West,20-04-2018
14782,Customer_14782,North,22-01-2018
14783,Customer_14783,East,20-10-2021
14784,Customer_14784,West,31-08-2022
14785,Customer_14785,North,22-03-2019
14786,Customer_14786,North,08-02-2023
14787,Customer_14787,West,27-03-2021
14788,Customer_14788,West,08-06-2019
14789,Customer_14789,South,03-12-2022
14790,Customer_14790,South,13-01-2022
14791,Customer_14791,East,27-12-2019
14792,Customer_14792,West,17-12-2022
14793,Customer_14793,West,02-01-2022
14794,Customer_14794,West,05-11-2020
14795,Customer_14795,East,06-06-2018
14796,Customer_14796,North,08-03-2020
14797,Customer_14797,North,24-10-2020
14798,Customer_14798,South,13-01-2023
14799,Customer_14799,East,23-04-2020
14800,Customer_14800,East,22-02-2018
14801,Customer_14801,North,10-03-2023
14802,Customer_14802,North,06-08-2019
14803,Customer_14803,West,18-04-2019
14804,Customer_14804,North,11-11-2018
14805,Customer_14805,East,27-11-2019
14806,Customer_14806,North,19-03-2020
14807,Customer_14807,East,28-04-2018
14808,Customer_14808,North,18-12-2022
14809,Customer_14809,East,15-05-2021
14810,Customer_14810,North,26-11-2018
14811,Customer_14811,West,07-09-2022
14812,Customer_14812,South,30-12-2022
14813,Customer_14813,North,09-06-2021
14814,Customer_14814,South,21-07-2019
14815,Customer_14815,West,31-03-2020
14816,Customer_14816,North,15-07-2022
14817,Customer_14817,West,15-08-2018
14818,Customer_14818,West,23-12-2019
14819,Customer_14819,North,11-05-2018
14820,Customer_14820,West,07-03-2019
14821,Customer_14821,South,07-07-2021
14822,Customer_14822,West,27-11-2021
14823,Customer_14823,North,01-04-2019
14824,Customer_14824,North,29-01-2019
14825,Customer_14825,East,01-07-2022
14826,Customer_14826,North,02-02-2023
14827,Customer_14827,West,03-02-2021
14828,Customer_14828,North,14-11-2021
14829,Customer_14829,North,27-11-2018
14830,Customer_14830,North,05-07-2020
14831,Customer_14831,South,28-03-2022
14832,Customer_14832,West,21-01-2018
14833,Customer_14833,West,14-06-2020
14834,Customer_14834,South,20-05-2022
14835,Customer_14835,South,02-02-2018
14836,Customer_14836,West,07-05-2023
14837,Customer_14837,South,10-08-2018
14838,Customer_14838,West,29-04-2023
14839,Customer_14839,North,14-04-2023
14840,Customer_14840,East,31-10-2018
14841,Customer_14841,West,21-07-2018
14842,Customer_14842,East,15-03-2019
14843,Customer_14843,West,16-06-2021
14844,Customer_14844,North,11-02-2018
14845,Customer_14845,West,10-06-2022
14846,Customer_14846,South,28-10-2019
14847,Customer_14847,North,09-06-2020
14848,Customer_14848,North,29-06-2021
14849,Customer_14849,West,07-06-2023
14850,Customer_14850,South,07-03-2019
14851,Customer_14851,West,13-07-2021
14852,Customer_14852,East,10-04-2022
14853,Customer_14853,West,30-01-2018
14854,Customer_14854,West,17-05-2021
14855,Customer_14855,East,25-04-2020
14856,Customer_14856,South,03-06-2022
14857,Customer_14857,East,23-12-2022
14858,Customer_14858,North,01-07-2021
14859,Customer_14859,South,06-05-2018
14860,Customer_14860,South,28-04-2019
14861,Customer_14861,East,29-08-2019
14862,Customer_14862,South,04-03-2023
14863,Customer_14863,North,27-01-2019
14864,Customer_14864,East,28-03-2021
14865,Customer_14865,West,13-05-2018
14866,Customer_14866,North,12-11-2019
14867,Customer_14867,South,11-07-2019
14868,Customer_14868,West,02-10-2021
14869,Customer_14869,South,23-02-2022
14870,Customer_14870,North,16-05-2019
14871,Customer_14871,West,19-02-2022
14872,Customer_14872,East,14-12-2021
14873,Customer_14873,West,27-06-2022
14874,Customer_14874,East,20-01-2021
14875,Customer_14875,West,11-02-2019
14876,Customer_14876,East,01-05-2022
14877,Customer_14877,South,12-11-2019
14878,Customer_14878,South,28-12-2020
14879,Customer_14879,East,12-09-2022
14880,Customer_14880,East,16-06-2021
14881,Customer_14881,North,12-02-2022
14882,Customer_14882,South,02-03-2022
14883,Customer_14883,North,14-08-2021
14884,Customer_14884,East,03-02-2022
14885,Customer_14885,East,17-11-2020
14886,Customer_14886,North,17-12-2020
14887,Customer_14887,West,23-06-2020
14888,Customer_14888,West,11-01-2020
14889,Customer_14889,South,14-05-2023
14890,Customer_14890,East,29-06-2018
14891,Customer_14891,West,27-04-2019
14892,Customer_14892,West,02-10-2018
14893,Customer_14893,North,10-08-2018
14894,Customer_14894,South,17-05-2022
14895,Customer_14895,North,28-06-2019
14896,Customer_14896,South,17-08-2020
14897,Customer_14897,South,02-10-2021
14898,Customer_14898,West,19-10-2022
14899,Customer_14899,West,30-06-2018
14900,Customer_14900,South,10-04-2021
14901,Customer_14901,West,15-05-2021
14902,Customer_14902,East,24-09-2021
14903,Customer_14903,North,02-04-2020
14904,Customer_14904,North,09-12-2019
14905,Customer_14905,South,06-04-2018
14906,Customer_14906,East,12-01-2023
14907,Customer_14907,North,18-09-2020
14908,Customer_14908,East,06-05-2018
14909,Customer_14909,South,10-02-2022
14910,Customer_14910,West,25-07-2022
14911,Customer_14911,East,05-07-2022
14912,Customer_14912,South,16-07-2022
14913,Customer_14913,South,22-03-2021
14914,Customer_14914,South,16-09-2018
14915,Customer_14915,East,23-11-2020
14916,Customer_14916,West,03-05-2023
14917,Customer_14917,West,29-05-2018
14918,Customer_14918,South,28-02-2023
14919,Customer_14919,West,27-10-2018
14920,Customer_14920,North,26-12-2021
14921,Customer_14921,South,21-02-2023
14922,Customer_14922,South,19-10-2021
14923,Customer_14923,East,12-05-2019
14924,Customer_14924,West,01-11-2019
14925,Customer_14925,South,18-09-2020
14926,Customer_14926,East,25-04-2021
14927,Customer_14927,East,16-04-2018
14928,Customer_14928,South,09-10-2021
14929,Customer_14929,South,04-03-2022
14930,Customer_14930,West,13-04-2020
14931,Customer_14931,West,28-05-2018
14932,Customer_14932,West,01-08-2019
14933,Customer_14933,South,16-06-2019
14934,Customer_14934,South,16-03-2019
14935,Customer_14935,West,17-05-2018
14936,Customer_14936,East,31-10-2020
14937,Customer_14937,West,03-12-2018
14938,Customer_14938,West,06-10-2018
14939,Customer_14939,East,06-05-2022
14940,Customer_14940,West,06-06-2023
14941,Customer_14941,North,08-01-2021
14942,Customer_14942,South,07-03-2023
14943,Customer_14943,East,06-10-2018
14944,Customer_14944,South,29-06-2020
14945,Customer_14945,East,12-12-2019
14946,Customer_14946,West,07-09-2018
14947,Customer_14947,East,09-09-2019
14948,Customer_14948,East,09-02-2020
14949,Customer_14949,East,21-12-2019
14950,Customer_14950,West,23-05-2019
14951,Customer_14951,South,22-05-2022
14952,Customer_14952,East,19-10-2020
14953,Customer_14953,North,13-04-2020
14954,Customer_14954,North,14-01-2020
14955,Customer_14955,North,18-07-2020
14956,Customer_14956,East,18-03-2023
14957,Customer_14957,West,02-04-2020
14958,Customer_14958,East,01-06-2023
14959,Customer_14959,East,04-04-2020
14960,Customer_14960,East,06-07-2022
14961,Customer_14961,South,12-11-2018
14962,Customer_14962,East,17-02-2018
14963,Customer_14963,South,24-06-2019
14964,Customer_14964,East,21-11-2022
14965,Customer_14965,East,03-01-2022
14966,Customer_14966,West,06-08-2022
14967,Customer_14967,East,02-01-2020
14968,Customer_14968,West,05-09-2018
14969,Customer_14969,South,11-05-2023
14970,Customer_14970,East,27-05-2018
14971,Customer_14971,South,02-04-2022
14972,Customer_14972,North,14-06-2020
14973,Customer_14973,East,13-07-2019
14974,Customer_14974,West,20-10-2022
14975,Customer_14975,North,06-12-2019
14976,Customer_14976,South,30-07-2018
14977,Customer_14977,West,01-06-2019
14978,Customer_14978,West,10-05-2020
14979,Customer_14979,North,12-03-2019
14980,Customer_14980,South,15-07-2021
14981,Customer_14981,East,06-01-2022
14982,Customer_14982,North,11-08-2018
14983,Customer_14983,South,23-06-2018
14984,Customer_14984,North,11-12-2021
14985,Customer_14985,North,05-11-2019
14986,Customer_14986,South,23-02-2022
14987,Customer_14987,West,22-01-2022
14988,Customer_14988,East,14-04-2023
14989,Customer_14989,North,11-10-2018
14990,Customer_14990,South,09-03-2021
14991,Customer_14991,South,27-01-2019
14992,Customer_14992,North,27-04-2021
14993,Customer_14993,South,13-01-2023
14994,Customer_14994,North,17-05-2022
14995,Customer_14995,North,25-10-2021
14996,Customer_14996,West,23-12-2019
14997,Customer_14997,South,12-10-2021
14998,Customer_14998,North,19-09-2020
14999,Customer_14999,South,24-05-2023
15000,Customer_15000,North,16-01-2018
15001,Customer_15001,West,29-07-2021
15002,Customer_15002,West,26-06-2018
15003,Customer_15003,East,28-04-2023
15004,Customer_15004,North,23-09-2019
15005,Customer_15005,East,08-07-2018
15006,Customer_15006,North,03-11-2018
15007,Customer_15007,South,31-01-2018
15008,Customer_15008,West,13-08-2019
15009,Customer_15009,East,29-09-2019
15010,Customer_15010,North,27-11-2019
15011,Customer_15011,East,08-06-2021
15012,Customer_15012,East,11-05-2020
15013,Customer_15013,West,03-04-2021
15014,Customer_15014,North,15-07-2019
15015,Customer_15015,North,03-06-2018
15016,Customer_15016,West,03-01-2021
15017,Customer_15017,North,05-07-2018
15018,Customer_15018,North,28-10-2022
15019,Customer_15019,South,24-10-2019
15020,Customer_15020,West,22-11-2018
15021,Customer_15021,West,17-12-2018
15022,Customer_15022,East,20-01-2020
15023,Customer_15023,South,02-08-2018
15024,Customer_15024,East,19-07-2020
15025,Customer_15025,North,14-08-2020
15026,Customer_15026,South,10-03-2021
15027,Customer_15027,East,03-04-2019
15028,Customer_15028,North,05-06-2018
15029,Customer_15029,North,24-12-2022
15030,Customer_15030,East,03-05-2023
15031,Customer_15031,East,13-06-2018
15032,Customer_15032,North,09-05-2020
15033,Customer_15033,South,06-08-2018
15034,Customer_15034,South,17-01-2021
15035,Customer_15035,East,13-06-2021
15036,Customer_15036,East,11-10-2020
15037,Customer_15037,East,13-07-2018
15038,Customer_15038,North,11-09-2020
15039,Customer_15039,South,26-11-2022
15040,Customer_15040,North,23-10-2020
15041,Customer_15041,West,20-11-2022
15042,Customer_15042,West,04-10-2020
15043,Customer_15043,North,07-03-2018
15044,Customer_15044,West,05-01-2018
15045,Customer_15045,South,20-03-2020
15046,Customer_15046,East,04-06-2023
15047,Customer_15047,East,15-11-2022
15048,Customer_15048,South,17-11-2020
15049,Customer_15049,North,15-05-2020
15050,Customer_15050,North,27-11-2018
15051,Customer_15051,West,12-03-2021
15052,Customer_15052,West,26-08-2018
15053,Customer_15053,West,07-04-2019
15054,Customer_15054,East,27-03-2023
15055,Customer_15055,South,01-02-2018
15056,Customer_15056,East,01-06-2019
15057,Customer_15057,West,27-07-2019
15058,Customer_15058,South,27-04-2021
15059,Customer_15059,South,20-01-2019
15060,Customer_15060,South,25-09-2022
15061,Customer_15061,South,17-08-2020
15062,Customer_15062,East,08-10-2021
15063,Customer_15063,East,08-04-2019
15064,Customer_15064,North,13-12-2021
15065,Customer_15065,South,08-02-2018
15066,Customer_15066,East,09-08-2021
15067,Customer_15067,South,15-10-2021
15068,Customer_15068,North,10-12-2018
15069,Customer_15069,North,15-11-2019
15070,Customer_15070,West,19-04-2020
15071,Customer_15071,North,02-02-2020
15072,Customer_15072,North,21-11-2020
15073,Customer_15073,North,02-12-2020
15074,Customer_15074,West,08-12-2018
15075,Customer_15075,South,18-03-2022
15076,Customer_15076,South,10-01-2018
15077,Customer_15077,North,02-01-2018
15078,Customer_15078,East,09-01-2021
15079,Customer_15079,West,16-06-2019
15080,Customer_15080,East,23-10-2021
15081,Customer_15081,West,04-09-2022
15082,Customer_15082,West,08-09-2020
15083,Customer_15083,East,04-11-2018
15084,Customer_15084,South,30-10-2019
15085,Customer_15085,West,05-06-2023
15086,Customer_15086,East,13-02-2023
15087,Customer_15087,West,21-02-2023
15088,Customer_15088,South,19-08-2020
15089,Customer_15089,South,03-08-2018
15090,Customer_15090,North,08-07-2019
15091,Customer_15091,North,26-07-2018
15092,Customer_15092,North,19-03-2018
15093,Customer_15093,South,09-10-2020
15094,Customer_15094,West,07-12-2018
15095,Customer_15095,East,03-03-2020
15096,Customer_15096,East,13-01-2022
15097,Customer_15097,West,03-04-2020
15098,Customer_15098,West,04-06-2019
15099,Customer_15099,West,17-03-2019
15100,Customer_15100,West,16-10-2022
15101,Customer_15101,South,24-01-2018
15102,Customer_15102,East,18-12-2021
15103,Customer_15103,West,15-05-2019
15104,Customer_15104,East,09-05-2019
15105,Customer_15105,South,30-07-2022
15106,Customer_15106,East,14-06-2020
15107,Customer_15107,East,08-01-2018
15108,Customer_15108,North,10-11-2021
15109,Customer_15109,West,10-08-2021
15110,Customer_15110,West,30-01-2019
15111,Customer_15111,North,16-03-2021
15112,Customer_15112,East,25-09-2019
15113,Customer_15113,East,30-07-2018
15114,Customer_15114,West,26-08-2020
15115,Customer_15115,South,12-06-2021
15116,Customer_15116,East,16-05-2019
15117,Customer_15117,South,05-03-2019
15118,Customer_15118,West,07-01-2023
15119,Customer_15119,South,18-09-2020
15120,Customer_15120,East,18-05-2020
15121,Customer_15121,South,05-03-2020
15122,Customer_15122,East,29-01-2020
15123,Customer_15123,West,02-01-2022
15124,Customer_15124,South,26-10-2022
15125,Customer_15125,South,21-04-2020
15126,Customer_15126,West,05-06-2023
15127,Customer_15127,North,09-06-2018
15128,Customer_15128,West,12-04-2022
15129,Customer_15129,West,03-07-2021
15130,Customer_15130,East,16-08-2020
15131,Customer_15131,North,21-12-2022
15132,Customer_15132,East,08-01-2020
15133,Customer_15133,North,05-09-2021
15134,Customer_15134,East,14-11-2021
15135,Customer_15135,East,08-02-2019
15136,Customer_15136,North,25-03-2023
15137,Customer_15137,North,14-08-2022
15138,Customer_15138,West,03-06-2018
15139,Customer_15139,North,09-04-2019
15140,Customer_15140,East,14-01-2018
15141,Customer_15141,South,05-08-2020
15142,Customer_15142,South,03-11-2020
15143,Customer_15143,East,07-03-2019
15144,Customer_15144,East,12-03-2019
15145,Customer_15145,North,11-11-2019
15146,Customer_15146,West,14-01-2021
15147,Customer_15147,West,09-12-2022
15148,Customer_15148,East,12-11-2018
15149,Customer_15149,East,22-05-2021
15150,Customer_15150,East,14-12-2021
15151,Customer_15151,West,27-01-2021
15152,Customer_15152,East,17-07-2021
15153,Customer_15153,South,18-02-2020
15154,Customer_15154,North,20-10-2020
15155,Customer_15155,North,14-07-2019
15156,Customer_15156,North,12-09-2022
15157,Customer_15157,West,13-04-2021
15158,Customer_15158,South,17-01-2021
15159,Customer_15159,South,30-06-2019
15160,Customer_15160,West,30-06-2018
15161,Customer_15161,North,14-06-2020
15162,Customer_15162,North,28-03-2018
15163,Customer_15163,West,23-12-2022
15164,Customer_15164,East,19-12-2020
15165,Customer_15165,West,23-05-2019
15166,Customer_15166,South,09-02-2023
15167,Customer_15167,West,14-07-2019
15168,Customer_15168,West,28-07-2019
15169,Customer_15169,West,19-05-2019
15170,Customer_15170,North,06-04-2018
15171,Customer_15171,East,22-02-2021
15172,Customer_15172,West,19-02-2018
15173,Customer_15173,South,13-04-2019
15174,Customer_15174,East,26-10-2018
15175,Customer_15175,South,19-10-2018
15176,Customer_15176,East,10-08-2020
15177,Customer_15177,West,29-06-2021
15178,Customer_15178,North,06-04-2020
15179,Customer_15179,West,26-10-2019
15180,Customer_15180,West,18-08-2021
15181,Customer_15181,South,16-03-2023
15182,Customer_15182,West,15-08-2018
15183,Customer_15183,West,23-03-2019
15184,Customer_15184,North,14-10-2018
15185,Customer_15185,North,04-02-2023
15186,Customer_15186,East,04-04-2020
15187,Customer_15187,West,25-04-2021
15188,Customer_15188,South,30-11-2021
15189,Customer_15189,East,13-10-2020
15190,Customer_15190,West,21-12-2019
15191,Customer_15191,East,03-07-2020
15192,Customer_15192,South,22-11-2019
15193,Customer_15193,West,29-10-2020
15194,Customer_15194,South,01-03-2021
15195,Customer_15195,East,13-04-2019
15196,Customer_15196,East,18-03-2019
15197,Customer_15197,West,01-11-2022
15198,Customer_15198,South,26-01-2023
15199,Customer_15199,South,17-01-2018
15200,Customer_15200,West,04-12-2020
15201,Customer_15201,East,24-02-2021
15202,Customer_15202,North,12-08-2021
15203,Customer_15203,South,06-03-2022
15204,Customer_15204,East,20-02-2023
15205,Customer_15205,West,26-05-2021
15206,Customer_15206,South,30-01-2022
15207,Customer_15207,East,16-11-2019
15208,Customer_15208,West,26-11-2021
15209,Customer_15209,East,14-12-2019
15210,Customer_15210,West,30-07-2018
15211,Customer_15211,North,29-06-2022
15212,Customer_15212,East,27-09-2022
15213,Customer_15213,West,25-07-2018
15214,Customer_15214,West,19-04-2021
15215,Customer_15215,South,23-05-2022
15216,Customer_15216,South,06-03-2021
15217,Customer_15217,North,06-10-2021
15218,Customer_15218,West,29-01-2023
15219,Customer_15219,West,08-07-2020
15220,Customer_15220,West,03-09-2020
15221,Customer_15221,South,13-02-2021
15222,Customer_15222,North,07-12-2020
15223,Customer_15223,West,28-07-2020
15224,Customer_15224,West,04-11-2019
15225,Customer_15225,East,24-08-2022
15226,Customer_15226,West,29-10-2018
15227,Customer_15227,West,25-03-2020
15228,Customer_15228,South,26-07-2020
15229,Customer_15229,North,13-12-2020
15230,Customer_15230,South,07-04-2022
15231,Customer_15231,East,25-02-2020
15232,Customer_15232,South,23-07-2019
15233,Customer_15233,South,03-02-2022
15234,Customer_15234,West,26-03-2022
15235,Customer_15235,South,22-03-2021
15236,Customer_15236,East,18-02-2022
15237,Customer_15237,North,25-05-2019
15238,Customer_15238,East,20-03-2020
15239,Customer_15239,South,28-09-2022
15240,Customer_15240,West,27-04-2023
15241,Customer_15241,South,30-06-2020
15242,Customer_15242,West,13-10-2019
15243,Customer_15243,West,02-03-2021
15244,Customer_15244,South,06-08-2018
15245,Customer_15245,South,03-05-2020
15246,Customer_15246,North,28-08-2018
15247,Customer_15247,East,03-08-2022
15248,Customer_15248,North,20-05-2023
15249,Customer_15249,East,01-01-2020
15250,Customer_15250,South,31-03-2022
15251,Customer_15251,East,02-06-2021
15252,Customer_15252,North,15-12-2020
15253,Customer_15253,West,10-06-2022
15254,Customer_15254,South,02-06-2023
15255,Customer_15255,South,06-04-2022
15256,Customer_15256,West,19-02-2021
15257,Customer_15257,East,11-09-2018
15258,Customer_15258,West,24-07-2019
15259,Customer_15259,South,25-01-2022
15260,Customer_15260,North,29-10-2020
15261,Customer_15261,East,13-05-2022
15262,Customer_15262,South,22-06-2020
15263,Customer_15263,North,01-08-2020
15264,Customer_15264,South,21-11-2018
15265,Customer_15265,East,10-02-2018
15266,Customer_15266,South,20-07-2021
15267,Customer_15267,East,23-10-2021
15268,Customer_15268,East,27-04-2018
15269,Customer_15269,West,11-03-2021
15270,Customer_15270,East,03-03-2022
15271,Customer_15271,East,09-04-2021
15272,Customer_15272,North,19-10-2019
15273,Customer_15273,South,06-01-2021
15274,Customer_15274,North,12-07-2022
15275,Customer_15275,West,14-10-2021
15276,Customer_15276,North,29-06-2021
15277,Customer_15277,West,18-02-2022
15278,Customer_15278,East,28-01-2023
15279,Customer_15279,East,26-08-2021
15280,Customer_15280,South,29-01-2019
15281,Customer_15281,West,07-12-2022
15282,Customer_15282,North,03-02-2022
15283,Customer_15283,North,19-04-2022
15284,Customer_15284,West,02-08-2019
15285,Customer_15285,East,07-11-2022
15286,Customer_15286,East,20-10-2019
15287,Customer_15287,East,14-06-2020
15288,Customer_15288,West,22-02-2019
15289,Customer_15289,East,31-01-2020
15290,Customer_15290,West,10-06-2022
15291,Customer_15291,West,06-07-2018
15292,Customer_15292,South,28-12-2020
15293,Customer_15293,West,26-01-2021
15294,Customer_15294,South,29-07-2019
15295,Customer_15295,East,28-08-2021
15296,Customer_15296,South,05-05-2020
15297,Customer_15297,South,06-06-2018
15298,Customer_15298,East,10-07-2018
15299,Customer_15299,North,05-05-2021
15300,Customer_15300,South,31-08-2020
15301,Customer_15301,West,05-02-2018
15302,Customer_15302,West,01-04-2021
15303,Customer_15303,North,14-02-2018
15304,Customer_15304,North,31-03-2023
15305,Customer_15305,North,19-10-2020
15306,Customer_15306,North,08-02-2022
15307,Customer_15307,East,19-01-2019
15308,Customer_15308,North,19-06-2023
15309,Customer_15309,West,21-05-2020
15310,Customer_15310,North,01-06-2021
15311,Customer_15311,North,06-07-2022
15312,Customer_15312,East,07-04-2022
15313,Customer_15313,West,10-03-2023
15314,Customer_15314,North,02-02-2022
15315,Customer_15315,East,21-02-2021
15316,Customer_15316,East,07-09-2018
15317,Customer_15317,North,29-04-2020
15318,Customer_15318,South,12-02-2023
15319,Customer_15319,South,27-09-2021
15320,Customer_15320,South,11-01-2018
15321,Customer_15321,South,07-05-2023
15322,Customer_15322,West,26-03-2020
15323,Customer_15323,West,09-06-2022
15324,Customer_15324,South,19-05-2021
15325,Customer_15325,West,30-03-2021
15326,Customer_15326,South,15-02-2022
15327,Customer_15327,South,23-09-2021
15328,Customer_15328,West,01-08-2019
15329,Customer_15329,South,03-09-2019
15330,Customer_15330,West,19-06-2018
15331,Customer_15331,East,06-11-2018
15332,Customer_15332,East,17-01-2019
15333,Customer_15333,East,16-01-2021
15334,Customer_15334,West,13-08-2020
15335,Customer_15335,South,18-12-2020
15336,Customer_15336,West,09-04-2022
15337,Customer_15337,East,11-04-2020
15338,Customer_15338,West,02-12-2022
15339,Customer_15339,West,26-04-2021
15340,Customer_15340,West,25-06-2018
15341,Customer_15341,South,27-12-2019
15342,Customer_15342,West,30-03-2019
15343,Customer_15343,North,29-10-2019
15344,Customer_15344,East,09-04-2021
15345,Customer_15345,West,10-12-2019
15346,Customer_15346,East,07-06-2022
15347,Customer_15347,South,25-11-2019
15348,Customer_15348,North,05-03-2018
15349,Customer_15349,East,30-03-2023
15350,Customer_15350,East,28-05-2020
15351,Customer_15351,North,20-01-2019
15352,Customer_15352,East,14-09-2018
15353,Customer_15353,East,29-09-2019
15354,Customer_15354,West,17-12-2022
15355,Customer_15355,East,31-03-2018
15356,Customer_15356,North,10-04-2020
15357,Customer_15357,South,01-01-2023
15358,Customer_15358,East,13-05-2023
15359,Customer_15359,East,28-12-2020
15360,Customer_15360,South,01-04-2018
15361,Customer_15361,West,24-07-2021
15362,Customer_15362,East,15-10-2020
15363,Customer_15363,South,27-06-2020
15364,Customer_15364,South,03-01-2021
15365,Customer_15365,East,05-03-2019
15366,Customer_15366,South,22-04-2021
15367,Customer_15367,North,14-02-2020
15368,Customer_15368,South,06-06-2018
15369,Customer_15369,West,01-10-2021
15370,Customer_15370,East,20-08-2018
15371,Customer_15371,East,04-01-2023
15372,Customer_15372,North,04-03-2019
15373,Customer_15373,South,02-12-2022
15374,Customer_15374,East,22-03-2022
15375,Customer_15375,West,07-01-2022
15376,Customer_15376,South,03-03-2023
15377,Customer_15377,East,17-02-2023
15378,Customer_15378,West,07-03-2023
15379,Customer_15379,West,23-05-2021
15380,Customer_15380,East,03-09-2022
15381,Customer_15381,West,03-05-2020
15382,Customer_15382,East,17-07-2018
15383,Customer_15383,West,01-07-2021
15384,Customer_15384,East,02-08-2019
15385,Customer_15385,South,21-04-2019
15386,Customer_15386,North,15-02-2022
15387,Customer_15387,North,02-09-2018
15388,Customer_15388,East,28-11-2020
15389,Customer_15389,North,24-10-2019
15390,Customer_15390,West,03-08-2022
15391,Customer_15391,East,02-07-2021
15392,Customer_15392,West,17-02-2019
15393,Customer_15393,North,03-08-2020
15394,Customer_15394,North,03-07-2020
15395,Customer_15395,West,10-04-2022
15396,Customer_15396,East,01-06-2018
15397,Customer_15397,West,06-12-2021
15398,Customer_15398,West,01-11-2020
15399,Customer_15399,South,01-04-2023
15400,Customer_15400,East,25-07-2020
15401,Customer_15401,North,28-10-2018
15402,Customer_15402,South,19-11-2022
15403,Customer_15403,West,21-06-2018
15404,Customer_15404,West,10-10-2020
15405,Customer_15405,West,05-03-2018
15406,Customer_15406,West,09-05-2022
15407,Customer_15407,West,27-05-2019
15408,Customer_15408,South,18-09-2022
15409,Customer_15409,East,10-08-2022
15410,Customer_15410,North,16-12-2018
15411,Customer_15411,East,03-11-2021
15412,Customer_15412,East,01-07-2019
15413,Customer_15413,South,18-02-2018
15414,Customer_15414,North,26-10-2021
15415,Customer_15415,East,24-12-2019
15416,Customer_15416,North,03-05-2018
15417,Customer_15417,South,04-01-2020
15418,Customer_15418,West,07-01-2021
15419,Customer_15419,South,08-02-2018
15420,Customer_15420,West,09-01-2018
15421,Customer_15421,East,11-02-2023
15422,Customer_15422,West,04-04-2021
15423,Customer_15423,East,16-04-2021
15424,Customer_15424,West,18-07-2018
15425,Customer_15425,West,12-01-2021
15426,Customer_15426,North,11-01-2018
15427,Customer_15427,South,29-04-2020
15428,Customer_15428,South,17-03-2023
15429,Customer_15429,West,12-11-2020
15430,Customer_15430,South,23-04-2022
15431,Customer_15431,West,12-09-2021
15432,Customer_15432,North,04-01-2021
15433,Customer_15433,West,11-11-2021
15434,Customer_15434,North,23-07-2022
15435,Customer_15435,South,16-04-2022
15436,Customer_15436,South,12-12-2021
15437,Customer_15437,South,21-06-2022
15438,Customer_15438,East,21-10-2019
15439,Customer_15439,West,03-03-2018
15440,Customer_15440,South,13-03-2018
15441,Customer_15441,North,29-12-2022
15442,Customer_15442,North,17-05-2021
15443,Customer_15443,East,31-12-2019
15444,Customer_15444,South,25-05-2022
15445,Customer_15445,East,02-05-2023
15446,Customer_15446,West,27-06-2020
15447,Customer_15447,North,17-03-2020
15448,Customer_15448,South,16-01-2018
15449,Customer_15449,East,23-12-2022
15450,Customer_15450,South,15-05-2021
15451,Customer_15451,South,15-09-2020
15452,Customer_15452,North,15-06-2023
15453,Customer_15453,East,10-12-2021
15454,Customer_15454,North,02-01-2023
15455,Customer_15455,North,02-05-2020
15456,Customer_15456,South,30-01-2019
15457,Customer_15457,West,29-08-2021
15458,Customer_15458,West,13-10-2020
15459,Customer_15459,East,28-07-2022
15460,Customer_15460,South,28-02-2022
15461,Customer_15461,West,13-04-2021
15462,Customer_15462,North,03-01-2022
15463,Customer_15463,South,31-03-2021
15464,Customer_15464,West,12-06-2020
15465,Customer_15465,North,01-01-2019
15466,Customer_15466,South,22-05-2022
15467,Customer_15467,South,26-01-2021
15468,Customer_15468,South,05-02-2022
15469,Customer_15469,West,14-11-2020
15470,Customer_15470,East,17-04-2020
15471,Customer_15471,South,24-04-2019
15472,Customer_15472,West,13-08-2021
15473,Customer_15473,West,26-07-2021
15474,Customer_15474,North,01-10-2021
15475,Customer_15475,South,03-05-2019
15476,Customer_15476,East,30-11-2022
15477,Customer_15477,West,14-04-2021
15478,Customer_15478,East,06-06-2023
15479,Customer_15479,East,02-12-2022
15480,Customer_15480,South,09-05-2020
15481,Customer_15481,North,17-01-2019
15482,Customer_15482,South,18-04-2018
15483,Customer_15483,East,09-07-2018
15484,Customer_15484,West,19-04-2022
15485,Customer_15485,East,27-02-2019
15486,Customer_15486,North,16-05-2021
15487,Customer_15487,South,16-08-2020
15488,Customer_15488,East,15-12-2022
15489,Customer_15489,South,07-05-2018
15490,Customer_15490,West,23-01-2018
15491,Customer_15491,East,02-08-2019
15492,Customer_15492,West,14-09-2018
15493,Customer_15493,North,26-02-2021
15494,Customer_15494,West,07-08-2019
15495,Customer_15495,North,13-03-2023
15496,Customer_15496,West,01-08-2020
15497,Customer_15497,West,29-12-2018
15498,Customer_15498,North,22-03-2020
15499,Customer_15499,South,15-06-2021
15500,Customer_15500,South,03-06-2023
15501,Customer_15501,North,17-04-2019
15502,Customer_15502,South,06-06-2018
15503,Customer_15503,South,25-06-2021
15504,Customer_15504,South,17-08-2018
15505,Customer_15505,South,17-09-2020
15506,Customer_15506,North,24-01-2019
15507,Customer_15507,East,31-03-2019
15508,Customer_15508,East,05-12-2022
15509,Customer_15509,East,05-03-2018
15510,Customer_15510,West,20-07-2020
15511,Customer_15511,North,19-03-2020
15512,Customer_15512,West,12-11-2021
15513,Customer_15513,North,25-05-2022
15514,Customer_15514,South,16-12-2020
15515,Customer_15515,North,10-06-2020
15516,Customer_15516,South,09-03-2021
15517,Customer_15517,West,26-09-2021
15518,Customer_15518,North,01-07-2020
15519,Customer_15519,South,13-12-2019
15520,Customer_15520,North,18-07-2018
15521,Customer_15521,South,27-05-2019
15522,Customer_15522,South,18-11-2021
15523,Customer_15523,North,04-05-2023
15524,Customer_15524,North,06-05-2019
15525,Customer_15525,North,29-04-2018
15526,Customer_15526,North,21-11-2021
15527,Customer_15527,South,25-10-2022
15528,Customer_15528,North,09-01-2021
15529,Customer_15529,North,06-04-2021
15530,Customer_15530,North,06-09-2021
15531,Customer_15531,West,17-07-2020
15532,Customer_15532,North,22-04-2021
15533,Customer_15533,North,04-12-2018
15534,Customer_15534,North,12-06-2018
15535,Customer_15535,North,24-03-2023
15536,Customer_15536,North,01-04-2023
15537,Customer_15537,East,12-10-2018
15538,Customer_15538,South,19-08-2022
15539,Customer_15539,West,18-02-2018
15540,Customer_15540,West,19-09-2020
15541,Customer_15541,South,29-08-2020
15542,Customer_15542,South,11-10-2021
15543,Customer_15543,East,10-03-2019
15544,Customer_15544,West,12-03-2021
15545,Customer_15545,South,16-11-2022
15546,Customer_15546,South,25-10-2022
15547,Customer_15547,South,03-11-2020
15548,Customer_15548,East,23-05-2021
15549,Customer_15549,North,27-10-2021
15550,Customer_15550,East,22-05-2018
15551,Customer_15551,West,26-05-2020
15552,Customer_15552,North,04-03-2018
15553,Customer_15553,West,27-06-2020
15554,Customer_15554,North,14-03-2023
15555,Customer_15555,East,05-06-2021
15556,Customer_15556,South,30-06-2020
15557,Customer_15557,East,06-01-2018
15558,Customer_15558,East,10-04-2021
15559,Customer_15559,South,24-09-2019
15560,Customer_15560,West,27-04-2021
15561,Customer_15561,West,13-07-2018
15562,Customer_15562,North,27-04-2019
15563,Customer_15563,West,04-01-2021
15564,Customer_15564,West,24-11-2022
15565,Customer_15565,South,26-09-2020
15566,Customer_15566,North,22-07-2021
15567,Customer_15567,West,07-08-2020
15568,Customer_15568,South,14-04-2023
15569,Customer_15569,South,10-09-2019
15570,Customer_15570,East,25-11-2018
15571,Customer_15571,South,02-12-2022
15572,Customer_15572,East,10-05-2019
15573,Customer_15573,West,08-10-2021
15574,Customer_15574,North,02-06-2018
15575,Customer_15575,East,02-05-2023
15576,Customer_15576,West,07-09-2018
15577,Customer_15577,West,06-02-2022
15578,Customer_15578,West,20-10-2019
15579,Customer_15579,West,03-11-2019
15580,Customer_15580,East,29-07-2019
15581,Customer_15581,West,19-06-2019
15582,Customer_15582,East,12-05-2023
15583,Customer_15583,West,05-03-2021
15584,Customer_15584,South,31-01-2022
15585,Customer_15585,East,22-02-2023
15586,Customer_15586,East,02-04-2018
15587,Customer_15587,North,23-02-2020
15588,Customer_15588,East,02-11-2022
15589,Customer_15589,North,07-04-2020
15590,Customer_15590,North,27-12-2022
15591,Customer_15591,South,15-05-2020
15592,Customer_15592,North,04-08-2019
15593,Customer_15593,East,09-10-2018
15594,Customer_15594,North,23-11-2020
15595,Customer_15595,South,03-01-2018
15596,Customer_15596,West,30-04-2019
15597,Customer_15597,South,12-01-2020
15598,Customer_15598,East,14-02-2021
15599,Customer_15599,West,22-02-2020
15600,Customer_15600,West,07-01-2019
15601,Customer_15601,South,12-06-2020
15602,Customer_15602,East,26-07-2020
15603,Customer_15603,East,02-01-2019
15604,Customer_15604,West,11-11-2021
15605,Customer_15605,West,22-01-2018
15606,Customer_15606,South,14-06-2021
15607,Customer_15607,West,31-03-2021
15608,Customer_15608,North,11-01-2022
15609,Customer_15609,South,15-03-2021
15610,Customer_15610,East,13-05-2021
15611,Customer_15611,North,22-09-2022
15612,Customer_15612,West,20-10-2020
15613,Customer_15613,South,29-02-2020
15614,Customer_15614,South,11-06-2019
15615,Customer_15615,West,14-06-2023
15616,Customer_15616,East,11-07-2018
15617,Customer_15617,East,25-09-2018
15618,Customer_15618,North,28-11-2020
15619,Customer_15619,North,24-04-2018
15620,Customer_15620,West,12-07-2021
15621,Customer_15621,North,18-04-2022
15622,Customer_15622,West,08-05-2018
15623,Customer_15623,East,22-08-2022
15624,Customer_15624,West,18-11-2022
15625,Customer_15625,South,18-11-2019
15626,Customer_15626,North,01-05-2022
15627,Customer_15627,East,02-08-2019
15628,Customer_15628,East,21-02-2019
15629,Customer_15629,East,14-04-2023
15630,Customer_15630,East,16-11-2021
15631,Customer_15631,North,04-05-2020
15632,Customer_15632,North,26-05-2019
15633,Customer_15633,North,14-07-2022
15634,Customer_15634,North,04-09-2018
15635,Customer_15635,East,03-11-2020
15636,Customer_15636,East,07-08-2018
15637,Customer_15637,North,25-07-2021
15638,Customer_15638,West,18-11-2021
15639,Customer_15639,South,14-08-2018
15640,Customer_15640,East,05-11-2018
15641,Customer_15641,East,12-10-2020
15642,Customer_15642,East,04-08-2022
15643,Customer_15643,North,07-05-2018
15644,Customer_15644,West,25-08-2021
15645,Customer_15645,South,26-08-2020
15646,Customer_15646,South,16-01-2020
15647,Customer_15647,West,11-10-2022
15648,Customer_15648,South,27-05-2022
15649,Customer_15649,North,15-09-2019
15650,Customer_15650,East,07-10-2020
15651,Customer_15651,West,02-06-2019
15652,Customer_15652,North,11-08-2018
15653,Customer_15653,East,11-01-2021
15654,Customer_15654,North,04-04-2019
15655,Customer_15655,West,27-12-2022
15656,Customer_15656,East,24-03-2019
15657,Customer_15657,North,07-01-2018
15658,Customer_15658,East,17-05-2019
15659,Customer_15659,West,13-08-2021
15660,Customer_15660,East,21-11-2022
15661,Customer_15661,South,09-04-2022
15662,Customer_15662,West,26-08-2021
15663,Customer_15663,West,20-08-2019
15664,Customer_15664,South,06-03-2023
15665,Customer_15665,South,11-05-2023
15666,Customer_15666,South,06-02-2023
15667,Customer_15667,North,04-10-2018
15668,Customer_15668,South,07-07-2020
15669,Customer_15669,North,10-11-2021
15670,Customer_15670,West,15-09-2021
15671,Customer_15671,East,22-01-2022
15672,Customer_15672,East,24-02-2018
15673,Customer_15673,South,28-03-2021
15674,Customer_15674,West,17-10-2021
15675,Customer_15675,North,09-11-2021
15676,Customer_15676,West,18-08-2021
15677,Customer_15677,South,24-01-2021
15678,Customer_15678,East,02-02-2018
15679,Customer_15679,West,21-03-2023
15680,Customer_15680,East,05-01-2020
15681,Customer_15681,West,28-03-2021
15682,Customer_15682,South,07-07-2019
15683,Customer_15683,West,30-03-2019
15684,Customer_15684,South,22-04-2018
15685,Customer_15685,North,10-04-2023
15686,Customer_15686,East,30-09-2018
15687,Customer_15687,North,02-12-2018
15688,Customer_15688,East,08-10-2020
15689,Customer_15689,East,10-10-2021
15690,Customer_15690,South,21-09-2019
15691,Customer_15691,West,14-08-2019
15692,Customer_15692,East,08-06-2019
15693,Customer_15693,West,26-03-2019
15694,Customer_15694,North,13-06-2019
15695,Customer_15695,North,21-12-2018
15696,Customer_15696,West,12-07-2021
15697,Customer_15697,West,09-09-2022
15698,Customer_15698,West,14-09-2018
15699,Customer_15699,North,27-08-2018
15700,Customer_15700,West,05-07-2020
15701,Customer_15701,South,02-04-2021
15702,Customer_15702,East,01-12-2018
15703,Customer_15703,South,08-09-2021
15704,Customer_15704,West,04-01-2020
15705,Customer_15705,South,15-05-2018
15706,Customer_15706,East,02-02-2022
15707,Customer_15707,North,04-03-2021
15708,Customer_15708,North,24-05-2018
15709,Customer_15709,West,10-10-2022
15710,Customer_15710,East,06-11-2019
15711,Customer_15711,North,19-01-2020
15712,Customer_15712,South,10-01-2019
15713,Customer_15713,South,26-05-2021
15714,Customer_15714,East,30-01-2020
15715,Customer_15715,South,26-08-2020
15716,Customer_15716,North,15-07-2022
15717,Customer_15717,North,03-02-2022
15718,Customer_15718,West,08-06-2019
15719,Customer_15719,South,16-10-2019
15720,Customer_15720,South,06-08-2018
15721,Customer_15721,East,08-12-2021
15722,Customer_15722,East,23-05-2022
15723,Customer_15723,West,20-03-2022
15724,Customer_15724,North,18-10-2021
15725,Customer_15725,West,12-04-2021
15726,Customer_15726,East,11-02-2022
15727,Customer_15727,East,20-01-2021
15728,Customer_15728,East,04-03-2022
15729,Customer_15729,East,31-01-2020
15730,Customer_15730,South,22-07-2022
15731,Customer_15731,East,16-05-2022
15732,Customer_15732,East,22-03-2019
15733,Customer_15733,South,29-07-2020
15734,Customer_15734,East,23-04-2022
15735,Customer_15735,North,17-02-2022
15736,Customer_15736,West,17-12-2021
15737,Customer_15737,South,01-07-2021
15738,Customer_15738,West,26-01-2021
15739,Customer_15739,East,22-10-2021
15740,Customer_15740,East,28-11-2018
15741,Customer_15741,East,02-08-2018
15742,Customer_15742,West,15-08-2021
15743,Customer_15743,East,29-11-2019
15744,Customer_15744,East,23-05-2020
15745,Customer_15745,South,12-12-2018
15746,Customer_15746,South,02-07-2018
15747,Customer_15747,West,15-03-2023
15748,Customer_15748,East,06-11-2019
15749,Customer_15749,North,21-08-2019
15750,Customer_15750,North,13-04-2019
15751,Customer_15751,North,09-06-2022
15752,Customer_15752,West,06-01-2018
15753,Customer_15753,East,03-09-2020
15754,Customer_15754,East,06-05-2022
15755,Customer_15755,West,30-01-2022
15756,Customer_15756,East,03-10-2020
15757,Customer_15757,North,05-10-2022
15758,Customer_15758,North,02-09-2022
15759,Customer_15759,South,09-07-2018
15760,Customer_15760,East,02-11-2019
15761,Customer_15761,North,01-06-2022
15762,Customer_15762,South,17-03-2021
15763,Customer_15763,West,30-06-2022
15764,Customer_15764,East,07-08-2021
15765,Customer_15765,East,27-09-2020
15766,Customer_15766,East,28-02-2019
15767,Customer_15767,East,28-11-2018
15768,Customer_15768,South,06-12-2019
15769,Customer_15769,East,31-07-2020
15770,Customer_15770,East,15-12-2020
15771,Customer_15771,East,07-09-2018
15772,Customer_15772,North,30-10-2019
15773,Customer_15773,East,05-12-2021
15774,Customer_15774,North,14-03-2019
15775,Customer_15775,West,19-05-2018
15776,Customer_15776,South,06-05-2019
15777,Customer_15777,West,08-08-2018
15778,Customer_15778,East,25-09-2019
15779,Customer_15779,West,05-02-2021
15780,Customer_15780,North,22-01-2020
15781,Customer_15781,North,05-11-2019
15782,Customer_15782,East,29-05-2021
15783,Customer_15783,West,09-07-2018
15784,Customer_15784,North,23-11-2018
15785,Customer_15785,West,09-11-2021
15786,Customer_15786,South,17-12-2021
15787,Customer_15787,East,25-06-2019
15788,Customer_15788,West,07-09-2021
15789,Customer_15789,East,16-08-2022
15790,Customer_15790,North,21-01-2019
15791,Customer_15791,East,19-02-2018
15792,Customer_15792,South,28-10-2020
15793,Customer_15793,West,12-11-2020
15794,Customer_15794,South,19-06-2021
15795,Customer_15795,South,22-07-2022
15796,Customer_15796,East,14-12-2018
15797,Customer_15797,East,18-12-2019
15798,Customer_15798,East,30-12-2021
15799,Customer_15799,West,03-09-2021
15800,Customer_15800,North,04-11-2022
15801,Customer_15801,South,05-10-2020
15802,Customer_15802,North,02-10-2019
15803,Customer_15803,North,26-04-2018
15804,Customer_15804,West,25-05-2019
15805,Customer_15805,West,25-12-2022
15806,Customer_15806,North,23-07-2018
15807,Customer_15807,West,28-10-2020
15808,Customer_15808,West,23-08-2022
15809,Customer_15809,East,02-07-2022
15810,Customer_15810,West,06-04-2019
15811,Customer_15811,South,20-08-2022
15812,Customer_15812,North,28-04-2020
15813,Customer_15813,East,24-06-2021
15814,Customer_15814,West,06-07-2019
15815,Customer_15815,North,27-07-2018
15816,Customer_15816,South,14-04-2021
15817,Customer_15817,North,30-06-2020
15818,Customer_15818,North,31-12-2022
15819,Customer_15819,South,02-11-2019
15820,Customer_15820,South,21-11-2022
15821,Customer_15821,East,25-07-2018
15822,Customer_15822,South,14-08-2022
15823,Customer_15823,North,21-03-2020
15824,Customer_15824,South,19-06-2020
15825,Customer_15825,North,06-03-2020
15826,Customer_15826,North,02-01-2021
15827,Customer_15827,West,08-03-2022
15828,Customer_15828,East,29-08-2020
15829,Customer_15829,North,30-01-2018
15830,Customer_15830,South,02-11-2022
15831,Customer_15831,West,21-04-2018
15832,Customer_15832,West,03-09-2022
15833,Customer_15833,East,27-05-2022
15834,Customer_15834,North,04-04-2022
15835,Customer_15835,East,19-11-2020
15836,Customer_15836,East,14-07-2021
15837,Customer_15837,North,16-11-2020
15838,Customer_15838,North,07-06-2021
15839,Customer_15839,South,22-11-2021
15840,Customer_15840,South,25-06-2019
15841,Customer_15841,North,15-03-2023
15842,Customer_15842,West,14-06-2023
15843,Customer_15843,South,20-10-2018
15844,Customer_15844,North,11-11-2021
15845,Customer_15845,North,13-05-2019
15846,Customer_15846,North,21-09-2021
15847,Customer_15847,West,15-03-2020
15848,Customer_15848,East,20-07-2021
15849,Customer_15849,North,29-03-2021
15850,Customer_15850,East,16-11-2022
15851,Customer_15851,South,16-10-2018
15852,Customer_15852,West,19-06-2020
15853,Customer_15853,North,10-08-2019
15854,Customer_15854,North,21-08-2019
15855,Customer_15855,West,02-03-2021
15856,Customer_15856,West,28-01-2023
15857,Customer_15857,East,08-08-2022
15858,Customer_15858,South,25-03-2021
15859,Customer_15859,West,23-05-2020
15860,Customer_15860,South,10-11-2021
15861,Customer_15861,West,23-07-2019
15862,Customer_15862,West,22-12-2019
15863,Customer_15863,North,28-11-2022
15864,Customer_15864,East,16-08-2022
15865,Customer_15865,North,29-06-2020
15866,Customer_15866,West,18-12-2021
15867,Customer_15867,East,05-05-2018
15868,Customer_15868,North,14-02-2021
15869,Customer_15869,East,25-05-2021
15870,Customer_15870,North,01-02-2022
15871,Customer_15871,North,05-03-2021
15872,Customer_15872,East,02-06-2023
15873,Customer_15873,West,03-03-2022
15874,Customer_15874,West,01-05-2018
15875,Customer_15875,East,05-01-2021
15876,Customer_15876,South,02-08-2019
15877,Customer_15877,East,26-06-2021
15878,Customer_15878,North,01-07-2020
15879,Customer_15879,East,14-06-2022
15880,Customer_15880,West,13-12-2022
15881,Customer_15881,South,25-12-2018
15882,Customer_15882,West,03-08-2019
15883,Customer_15883,North,13-12-2021
15884,Customer_15884,East,06-01-2022
15885,Customer_15885,West,21-03-2019
15886,Customer_15886,North,29-03-2021
15887,Customer_15887,East,07-12-2020
15888,Customer_15888,South,16-12-2022
15889,Customer_15889,West,11-04-2022
15890,Customer_15890,East,03-05-2021
15891,Customer_15891,North,11-06-2022
15892,Customer_15892,North,26-04-2022
15893,Customer_15893,South,12-06-2021
15894,Customer_15894,West,08-05-2018
15895,Customer_15895,West,22-01-2018
15896,Customer_15896,South,10-01-2022
15897,Customer_15897,East,08-08-2020
15898,Customer_15898,North,30-09-2019
15899,Customer_15899,East,09-12-2018
15900,Customer_15900,West,06-02-2020
15901,Customer_15901,South,15-08-2018
15902,Customer_15902,East,16-05-2023
15903,Customer_15903,East,13-05-2022
15904,Customer_15904,South,01-06-2021
15905,Customer_15905,East,22-10-2020
15906,Customer_15906,South,04-11-2022
15907,Customer_15907,East,03-11-2020
15908,Customer_15908,North,11-07-2021
15909,Customer_15909,East,04-01-2020
15910,Customer_15910,North,16-02-2023
15911,Customer_15911,North,15-11-2020
15912,Customer_15912,South,06-10-2018
15913,Customer_15913,South,10-07-2018
15914,Customer_15914,West,26-07-2019
15915,Customer_15915,East,15-02-2020
15916,Customer_15916,West,01-03-2022
15917,Customer_15917,South,25-10-2022
15918,Customer_15918,North,13-02-2018
15919,Customer_15919,East,15-12-2020
15920,Customer_15920,West,06-04-2022
15921,Customer_15921,East,16-01-2019
15922,Customer_15922,East,16-10-2021
15923,Customer_15923,East,05-12-2022
15924,Customer_15924,West,20-04-2022
15925,Customer_15925,North,07-07-2018
15926,Customer_15926,East,08-08-2019
15927,Customer_15927,North,11-01-2019
15928,Customer_15928,South,28-11-2022
15929,Customer_15929,South,05-10-2021
15930,Customer_15930,West,17-05-2020
15931,Customer_15931,South,22-05-2018
15932,Customer_15932,West,19-05-2019
15933,Customer_15933,South,08-12-2019
15934,Customer_15934,West,05-07-2022
15935,Customer_15935,South,20-07-2021
15936,Customer_15936,East,25-01-2022
15937,Customer_15937,North,19-04-2019
15938,Customer_15938,West,14-04-2022
15939,Customer_15939,East,27-08-2022
15940,Customer_15940,South,14-10-2021
15941,Customer_15941,West,29-04-2022
15942,Customer_15942,South,15-08-2018
15943,Customer_15943,West,29-05-2023
15944,Customer_15944,East,26-04-2023
15945,Customer_15945,South,20-01-2023
15946,Customer_15946,East,09-05-2018
15947,Customer_15947,North,31-10-2019
15948,Customer_15948,West,30-09-2019
15949,Customer_15949,North,21-02-2020
15950,Customer_15950,West,24-02-2019
15951,Customer_15951,South,18-10-2019
15952,Customer_15952,East,09-03-2020
15953,Customer_15953,West,01-03-2023
15954,Customer_15954,South,02-09-2021
15955,Customer_15955,West,17-05-2023
15956,Customer_15956,East,21-05-2023
15957,Customer_15957,East,20-11-2022
15958,Customer_15958,West,02-02-2023
15959,Customer_15959,West,06-10-2021
15960,Customer_15960,North,03-02-2018
15961,Customer_15961,East,26-04-2020
15962,Customer_15962,South,23-11-2019
15963,Customer_15963,North,17-05-2021
15964,Customer_15964,South,19-01-2023
15965,Customer_15965,South,28-09-2021
15966,Customer_15966,East,17-06-2020
15967,Customer_15967,East,15-07-2019
15968,Customer_15968,West,02-02-2023
15969,Customer_15969,West,22-03-2018
15970,Customer_15970,East,22-05-2022
15971,Customer_15971,West,29-05-2019
15972,Customer_15972,North,03-05-2021
15973,Customer_15973,South,28-05-2022
15974,Customer_15974,South,25-02-2023
15975,Customer_15975,South,03-10-2019
15976,Customer_15976,South,22-04-2018
15977,Customer_15977,North,27-08-2020
15978,Customer_15978,North,18-09-2022
15979,Customer_15979,South,15-07-2018
15980,Customer_15980,West,09-07-2019
15981,Customer_15981,East,06-03-2022
15982,Customer_15982,East,15-07-2022
15983,Customer_15983,North,05-11-2020
15984,Customer_15984,South,10-07-2022
15985,Customer_15985,North,28-09-2019
15986,Customer_15986,East,24-03-2019
15987,Customer_15987,West,05-10-2021
15988,Customer_15988,South,25-04-2020
15989,Customer_15989,East,01-02-2018
15990,Customer_15990,West,23-01-2019
15991,Customer_15991,West,18-01-2023
15992,Customer_15992,North,29-10-2019
15993,Customer_15993,North,30-06-2018
15994,Customer_15994,North,17-06-2021
15995,Customer_15995,South,07-10-2022
15996,Customer_15996,West,29-12-2022
15997,Customer_15997,West,02-04-2019
15998,Customer_15998,West,08-07-2018
15999,Customer_15999,West,20-06-2023
16000,Customer_16000,North,20-01-2018
16001,Customer_16001,West,18-03-2021
16002,Customer_16002,South,28-02-2018
16003,Customer_16003,South,01-04-2021
16004,Customer_16004,South,17-02-2018
16005,Customer_16005,North,28-07-2022
16006,Customer_16006,East,25-02-2022
16007,Customer_16007,East,17-01-2019
16008,Customer_16008,West,26-09-2022
16009,Customer_16009,West,19-02-2022
16010,Customer_16010,North,05-12-2022
16011,Customer_16011,North,20-03-2018
16012,Customer_16012,West,12-11-2019
16013,Customer_16013,West,27-11-2019
16014,Customer_16014,North,01-02-2023
16015,Customer_16015,East,30-08-2020
16016,Customer_16016,West,03-07-2020
16017,Customer_16017,South,09-05-2020
16018,Customer_16018,North,15-10-2020
16019,Customer_16019,North,24-07-2021
16020,Customer_16020,North,19-08-2021
16021,Customer_16021,West,04-06-2021
16022,Customer_16022,North,30-06-2020
16023,Customer_16023,North,06-12-2019
16024,Customer_16024,North,01-03-2021
16025,Customer_16025,West,12-04-2018
16026,Customer_16026,North,23-07-2020
16027,Customer_16027,West,19-07-2022
16028,Customer_16028,North,18-12-2020
16029,Customer_16029,North,26-02-2019
16030,Customer_16030,South,11-09-2022
16031,Customer_16031,West,03-01-2019
16032,Customer_16032,South,09-05-2020
16033,Customer_16033,North,25-05-2018
16034,Customer_16034,South,26-01-2022
16035,Customer_16035,North,06-02-2019
16036,Customer_16036,South,01-06-2019
16037,Customer_16037,North,29-08-2021
16038,Customer_16038,West,25-08-2020
16039,Customer_16039,South,25-01-2023
16040,Customer_16040,North,08-01-2022
16041,Customer_16041,South,30-01-2021
16042,Customer_16042,South,07-12-2019
16043,Customer_16043,East,19-05-2023
16044,Customer_16044,West,04-10-2021
16045,Customer_16045,South,19-02-2019
16046,Customer_16046,South,06-07-2022
16047,Customer_16047,South,20-06-2021
16048,Customer_16048,West,31-05-2023
16049,Customer_16049,West,08-06-2019
16050,Customer_16050,North,24-05-2023
16051,Customer_16051,South,05-11-2019
16052,Customer_16052,North,25-01-2019
16053,Customer_16053,East,09-07-2020
16054,Customer_16054,East,09-06-2021
16055,Customer_16055,East,28-10-2020
16056,Customer_16056,North,21-06-2019
16057,Customer_16057,North,23-02-2018
16058,Customer_16058,North,20-01-2020
16059,Customer_16059,East,28-02-2019
16060,Customer_16060,East,25-09-2019
16061,Customer_16061,South,10-01-2022
16062,Customer_16062,East,19-02-2021
16063,Customer_16063,South,01-08-2019
16064,Customer_16064,East,18-04-2023
16065,Customer_16065,West,04-06-2023
16066,Customer_16066,East,12-05-2022
16067,Customer_16067,South,20-08-2020
16068,Customer_16068,South,16-06-2018
16069,Customer_16069,West,25-09-2019
16070,Customer_16070,West,03-06-2019
16071,Customer_16071,East,27-06-2021
16072,Customer_16072,West,07-07-2020
16073,Customer_16073,West,13-06-2022
16074,Customer_16074,South,09-06-2021
16075,Customer_16075,South,17-04-2021
16076,Customer_16076,North,30-12-2018
16077,Customer_16077,East,07-06-2023
16078,Customer_16078,West,08-10-2020
16079,Customer_16079,South,25-09-2022
16080,Customer_16080,West,15-05-2023
16081,Customer_16081,East,07-10-2019
16082,Customer_16082,North,25-02-2023
16083,Customer_16083,West,28-10-2018
16084,Customer_16084,West,02-03-2018
16085,Customer_16085,West,21-11-2021
16086,Customer_16086,South,11-04-2022
16087,Customer_16087,North,19-02-2023
16088,Customer_16088,North,08-06-2020
16089,Customer_16089,South,11-11-2020
16090,Customer_16090,North,24-07-2018
16091,Customer_16091,East,11-03-2019
16092,Customer_16092,West,12-05-2019
16093,Customer_16093,South,12-09-2022
16094,Customer_16094,East,06-03-2020
16095,Customer_16095,North,03-12-2018
16096,Customer_16096,East,16-02-2021
16097,Customer_16097,South,16-03-2023
16098,Customer_16098,East,24-02-2019
16099,Customer_16099,East,17-11-2021
16100,Customer_16100,North,03-07-2022
16101,Customer_16101,North,20-04-2020
16102,Customer_16102,South,08-08-2022
16103,Customer_16103,West,14-02-2018
16104,Customer_16104,South,25-09-2021
16105,Customer_16105,South,05-07-2018
16106,Customer_16106,South,27-11-2018
16107,Customer_16107,East,17-05-2023
16108,Customer_16108,South,11-09-2020
16109,Customer_16109,East,14-12-2020
16110,Customer_16110,South,06-07-2022
16111,Customer_16111,North,12-10-2022
16112,Customer_16112,North,14-07-2021
16113,Customer_16113,East,04-12-2019
16114,Customer_16114,North,08-08-2020
16115,Customer_16115,East,10-06-2023
16116,Customer_16116,North,30-05-2022
16117,Customer_16117,South,22-02-2021
16118,Customer_16118,East,29-04-2023
16119,Customer_16119,East,21-12-2019
16120,Customer_16120,South,16-06-2021
16121,Customer_16121,North,06-01-2021
16122,Customer_16122,North,14-03-2019
16123,Customer_16123,East,31-10-2022
16124,Customer_16124,East,07-02-2022
16125,Customer_16125,North,23-07-2020
16126,Customer_16126,South,11-10-2022
16127,Customer_16127,South,15-01-2023
16128,Customer_16128,East,03-02-2022
16129,Customer_16129,North,28-07-2022
16130,Customer_16130,West,05-01-2018
16131,Customer_16131,South,13-03-2019
16132,Customer_16132,East,26-01-2018
16133,Customer_16133,West,26-04-2023
16134,Customer_16134,South,13-01-2022
16135,Customer_16135,East,19-10-2021
16136,Customer_16136,East,04-06-2019
16137,Customer_16137,South,02-11-2021
16138,Customer_16138,West,30-12-2018
16139,Customer_16139,South,02-03-2023
16140,Customer_16140,South,02-05-2020
16141,Customer_16141,South,08-02-2021
16142,Customer_16142,South,08-09-2022
16143,Customer_16143,South,09-02-2020
16144,Customer_16144,East,17-02-2021
16145,Customer_16145,West,10-03-2020
16146,Customer_16146,South,06-02-2021
16147,Customer_16147,South,05-02-2022
16148,Customer_16148,South,16-11-2022
16149,Customer_16149,North,03-09-2020
16150,Customer_16150,East,25-10-2022
16151,Customer_16151,South,09-09-2021
16152,Customer_16152,East,22-08-2021
16153,Customer_16153,North,12-03-2020
16154,Customer_16154,South,11-04-2018
16155,Customer_16155,North,04-05-2018
16156,Customer_16156,South,09-08-2018
16157,Customer_16157,East,29-08-2018
16158,Customer_16158,West,16-08-2019
16159,Customer_16159,North,19-01-2019
16160,Customer_16160,West,10-01-2019
16161,Customer_16161,North,23-05-2023
16162,Customer_16162,South,20-01-2018
16163,Customer_16163,North,23-04-2019
16164,Customer_16164,North,03-11-2018
16165,Customer_16165,West,19-10-2020
16166,Customer_16166,East,15-02-2021
16167,Customer_16167,South,24-06-2018
16168,Customer_16168,West,17-02-2022
16169,Customer_16169,North,07-05-2021
16170,Customer_16170,South,09-06-2020
16171,Customer_16171,South,10-01-2022
16172,Customer_16172,South,04-07-2019
16173,Customer_16173,East,27-04-2020
16174,Customer_16174,North,21-09-2022
16175,Customer_16175,North,04-05-2018
16176,Customer_16176,South,10-10-2020
16177,Customer_16177,East,26-08-2021
16178,Customer_16178,North,09-02-2022
16179,Customer_16179,West,05-10-2021
16180,Customer_16180,South,19-07-2022
16181,Customer_16181,South,02-08-2021
16182,Customer_16182,East,06-10-2019
16183,Customer_16183,West,12-01-2021
16184,Customer_16184,South,12-07-2022
16185,Customer_16185,North,30-11-2021
16186,Customer_16186,East,23-06-2020
16187,Customer_16187,North,01-03-2019
16188,Customer_16188,North,18-03-2018
16189,Customer_16189,North,11-03-2019
16190,Customer_16190,West,30-12-2019
16191,Customer_16191,North,31-03-2020
16192,Customer_16192,East,21-05-2018
16193,Customer_16193,East,30-07-2022
16194,Customer_16194,South,04-11-2018
16195,Customer_16195,North,06-11-2021
16196,Customer_16196,North,04-05-2018
16197,Customer_16197,West,12-12-2020
16198,Customer_16198,East,22-05-2022
16199,Customer_16199,South,28-03-2023
16200,Customer_16200,South,07-06-2021
16201,Customer_16201,East,03-03-2019
16202,Customer_16202,North,20-01-2019
16203,Customer_16203,North,01-09-2021
16204,Customer_16204,South,14-03-2023
16205,Customer_16205,East,14-03-2021
16206,Customer_16206,East,23-05-2021
16207,Customer_16207,West,06-11-2018
16208,Customer_16208,South,13-04-2022
16209,Customer_16209,West,08-08-2021
16210,Customer_16210,East,12-09-2019
16211,Customer_16211,West,17-06-2022
16212,Customer_16212,South,26-07-2022
16213,Customer_16213,West,16-02-2021
16214,Customer_16214,West,28-12-2022
16215,Customer_16215,West,10-04-2018
16216,Customer_16216,West,28-11-2020
16217,Customer_16217,South,09-06-2020
16218,Customer_16218,North,28-11-2018
16219,Customer_16219,East,20-10-2018
16220,Customer_16220,North,21-01-2022
16221,Customer_16221,East,22-10-2019
16222,Customer_16222,East,21-09-2018
16223,Customer_16223,South,29-06-2020
16224,Customer_16224,North,01-06-2022
16225,Customer_16225,West,28-01-2018
16226,Customer_16226,West,27-06-2018
16227,Customer_16227,South,07-06-2021
16228,Customer_16228,East,28-10-2021
16229,Customer_16229,East,08-04-2018
16230,Customer_16230,North,09-03-2018
16231,Customer_16231,South,04-11-2022
16232,Customer_16232,North,26-06-2022
16233,Customer_16233,South,28-02-2019
16234,Customer_16234,South,16-07-2021
16235,Customer_16235,South,11-02-2021
16236,Customer_16236,East,16-09-2019
16237,Customer_16237,West,15-08-2020
16238,Customer_16238,West,06-12-2021
16239,Customer_16239,West,24-06-2019
16240,Customer_16240,South,08-05-2020
16241,Customer_16241,South,06-06-2021
16242,Customer_16242,West,17-03-2023
16243,Customer_16243,East,25-04-2019
16244,Customer_16244,West,24-06-2021
16245,Customer_16245,East,11-07-2022
16246,Customer_16246,West,11-01-2020
16247,Customer_16247,West,25-09-2022
16248,Customer_16248,North,08-05-2019
16249,Customer_16249,South,19-05-2022
16250,Customer_16250,North,14-09-2019
16251,Customer_16251,South,24-09-2018
16252,Customer_16252,North,14-04-2023
16253,Customer_16253,East,17-01-2020
16254,Customer_16254,West,01-08-2019
16255,Customer_16255,East,05-05-2022
16256,Customer_16256,North,18-05-2022
16257,Customer_16257,West,26-03-2020
16258,Customer_16258,West,18-06-2021
16259,Customer_16259,South,25-12-2019
16260,Customer_16260,North,26-02-2022
16261,Customer_16261,West,02-08-2018
16262,Customer_16262,North,31-12-2018
16263,Customer_16263,South,21-10-2019
16264,Customer_16264,South,29-02-2020
16265,Customer_16265,West,22-06-2022
16266,Customer_16266,West,02-03-2021
16267,Customer_16267,North,13-06-2021
16268,Customer_16268,West,07-05-2020
16269,Customer_16269,South,22-05-2019
16270,Customer_16270,West,12-09-2022
16271,Customer_16271,East,28-04-2020
16272,Customer_16272,North,27-04-2023
16273,Customer_16273,South,24-05-2021
16274,Customer_16274,South,23-10-2022
16275,Customer_16275,North,26-03-2020
16276,Customer_16276,South,03-11-2021
16277,Customer_16277,East,11-10-2021
16278,Customer_16278,South,10-10-2022
16279,Customer_16279,West,24-01-2020
16280,Customer_16280,West,16-08-2019
16281,Customer_16281,East,26-01-2023
16282,Customer_16282,West,04-08-2021
16283,Customer_16283,South,27-10-2019
16284,Customer_16284,South,24-08-2021
16285,Customer_16285,North,10-05-2019
16286,Customer_16286,West,16-01-2022
16287,Customer_16287,North,07-03-2019
16288,Customer_16288,North,14-06-2018
16289,Customer_16289,East,28-05-2022
16290,Customer_16290,East,07-09-2021
16291,Customer_16291,North,30-04-2018
16292,Customer_16292,East,04-09-2018
16293,Customer_16293,South,02-01-2019
16294,Customer_16294,South,19-01-2021
16295,Customer_16295,East,05-02-2019
16296,Customer_16296,North,10-12-2019
16297,Customer_16297,North,09-10-2021
16298,Customer_16298,East,30-07-2021
16299,Customer_16299,North,21-02-2021
16300,Customer_16300,North,15-02-2019
16301,Customer_16301,North,11-11-2022
16302,Customer_16302,East,19-12-2018
16303,Customer_16303,West,02-06-2019
16304,Customer_16304,South,10-08-2022
16305,Customer_16305,South,20-03-2018
16306,Customer_16306,North,27-02-2023
16307,Customer_16307,South,22-04-2019
16308,Customer_16308,North,19-06-2020
16309,Customer_16309,East,02-01-2018
16310,Customer_16310,South,03-07-2022
16311,Customer_16311,South,13-01-2019
16312,Customer_16312,West,11-04-2023
16313,Customer_16313,South,16-11-2018
16314,Customer_16314,North,03-04-2021
16315,Customer_16315,North,24-06-2019
16316,Customer_16316,North,12-01-2021
16317,Customer_16317,South,08-10-2020
16318,Customer_16318,South,10-04-2018
16319,Customer_16319,East,25-05-2020
16320,Customer_16320,North,02-08-2018
16321,Customer_16321,South,03-02-2023
16322,Customer_16322,West,23-05-2019
16323,Customer_16323,West,22-06-2018
16324,Customer_16324,South,12-10-2020
16325,Customer_16325,North,02-12-2019
16326,Customer_16326,North,21-04-2019
16327,Customer_16327,North,06-04-2021
16328,Customer_16328,South,19-11-2020
16329,Customer_16329,South,25-08-2020
16330,Customer_16330,West,28-05-2020
16331,Customer_16331,North,01-04-2019
16332,Customer_16332,North,19-01-2020
16333,Customer_16333,North,14-06-2019
16334,Customer_16334,South,13-10-2021
16335,Customer_16335,South,08-11-2020
16336,Customer_16336,West,14-11-2019
16337,Customer_16337,North,31-03-2018
16338,Customer_16338,East,15-12-2020
16339,Customer_16339,West,07-11-2021
16340,Customer_16340,West,17-03-2018
16341,Customer_16341,West,11-09-2020
16342,Customer_16342,West,10-02-2020
16343,Customer_16343,East,13-02-2018
16344,Customer_16344,West,21-07-2019
16345,Customer_16345,North,25-05-2021
16346,Customer_16346,East,15-07-2018
16347,Customer_16347,West,29-04-2022
16348,Customer_16348,North,22-07-2021
16349,Customer_16349,North,16-09-2020
16350,Customer_16350,North,16-02-2020
16351,Customer_16351,North,17-05-2021
16352,Customer_16352,South,26-08-2022
16353,Customer_16353,East,21-03-2021
16354,Customer_16354,North,13-11-2018
16355,Customer_16355,South,02-06-2022
16356,Customer_16356,North,12-02-2022
16357,Customer_16357,East,18-06-2021
16358,Customer_16358,East,20-06-2019
16359,Customer_16359,North,12-11-2021
16360,Customer_16360,North,23-04-2019
16361,Customer_16361,North,30-04-2019
16362,Customer_16362,West,19-03-2020
16363,Customer_16363,East,04-07-2018
16364,Customer_16364,South,17-10-2020
16365,Customer_16365,North,06-05-2018
16366,Customer_16366,East,25-06-2021
16367,Customer_16367,South,13-04-2022
16368,Customer_16368,South,09-12-2020
16369,Customer_16369,North,27-08-2019
16370,Customer_16370,North,14-08-2020
16371,Customer_16371,South,01-02-2021
16372,Customer_16372,West,13-08-2022
16373,Customer_16373,South,24-07-2022
16374,Customer_16374,South,09-05-2019
16375,Customer_16375,East,05-02-2019
16376,Customer_16376,South,17-05-2018
16377,Customer_16377,South,26-11-2021
16378,Customer_16378,West,12-01-2018
16379,Customer_16379,West,22-04-2022
16380,Customer_16380,West,03-12-2021
16381,Customer_16381,North,03-07-2022
16382,Customer_16382,North,15-08-2020
16383,Customer_16383,West,30-10-2022
16384,Customer_16384,West,18-05-2022
16385,Customer_16385,West,18-04-2023
16386,Customer_16386,South,30-04-2019
16387,Customer_16387,North,04-04-2019
16388,Customer_16388,North,21-08-2018
16389,Customer_16389,East,09-02-2022
16390,Customer_16390,North,07-06-2018
16391,Customer_16391,South,05-01-2021
16392,Customer_16392,South,08-07-2020
16393,Customer_16393,North,17-01-2023
16394,Customer_16394,East,17-05-2019
16395,Customer_16395,North,09-03-2020
16396,Customer_16396,North,25-11-2022
16397,Customer_16397,South,06-11-2020
16398,Customer_16398,West,19-11-2019
16399,Customer_16399,North,31-01-2021
16400,Customer_16400,East,26-12-2021
16401,Customer_16401,East,31-03-2021
16402,Customer_16402,South,15-05-2020
16403,Customer_16403,North,20-04-2020
16404,Customer_16404,East,24-01-2022
16405,Customer_16405,East,24-02-2022
16406,Customer_16406,East,26-06-2020
16407,Customer_16407,South,01-01-2018
16408,Customer_16408,North,15-02-2023
16409,Customer_16409,North,16-12-2021
16410,Customer_16410,West,05-07-2021
16411,Customer_16411,South,03-04-2022
16412,Customer_16412,West,25-10-2018
16413,Customer_16413,East,08-01-2018
16414,Customer_16414,West,16-03-2021
16415,Customer_16415,South,14-03-2018
16416,Customer_16416,North,13-04-2023
16417,Customer_16417,East,28-05-2022
16418,Customer_16418,West,14-06-2023
16419,Customer_16419,South,10-02-2022
16420,Customer_16420,South,30-08-2021
16421,Customer_16421,East,07-07-2022
16422,Customer_16422,North,16-07-2022
16423,Customer_16423,East,19-08-2021
16424,Customer_16424,West,28-05-2021
16425,Customer_16425,North,26-02-2018
16426,Customer_16426,West,20-01-2021
16427,Customer_16427,West,05-06-2021
16428,Customer_16428,South,24-04-2019
16429,Customer_16429,West,06-03-2021
16430,Customer_16430,East,04-03-2018
16431,Customer_16431,South,24-09-2018
16432,Customer_16432,South,06-02-2019
16433,Customer_16433,North,29-06-2020
16434,Customer_16434,East,18-02-2022
16435,Customer_16435,South,26-01-2021
16436,Customer_16436,South,20-01-2021
16437,Customer_16437,East,01-06-2023
16438,Customer_16438,West,23-06-2022
16439,Customer_16439,South,19-01-2022
16440,Customer_16440,West,03-06-2020
16441,Customer_16441,South,28-02-2020
16442,Customer_16442,East,14-08-2020
16443,Customer_16443,South,03-06-2018
16444,Customer_16444,West,01-01-2020
16445,Customer_16445,North,24-02-2021
16446,Customer_16446,East,26-11-2020
16447,Customer_16447,West,21-05-2020
16448,Customer_16448,South,18-02-2020
16449,Customer_16449,East,12-07-2019
16450,Customer_16450,North,09-01-2018
16451,Customer_16451,East,05-03-2021
16452,Customer_16452,East,16-11-2019
16453,Customer_16453,North,10-02-2021
16454,Customer_16454,South,05-05-2019
16455,Customer_16455,North,06-09-2021
16456,Customer_16456,East,10-11-2018
16457,Customer_16457,South,29-04-2020
16458,Customer_16458,West,06-07-2021
16459,Customer_16459,West,04-10-2019
16460,Customer_16460,West,04-01-2020
16461,Customer_16461,East,04-06-2018
16462,Customer_16462,South,22-02-2020
16463,Customer_16463,West,27-02-2023
16464,Customer_16464,North,16-05-2022
16465,Customer_16465,South,23-06-2021
16466,Customer_16466,East,27-06-2020
16467,Customer_16467,North,08-12-2020
16468,Customer_16468,East,28-06-2018
16469,Customer_16469,North,12-09-2018
16470,Customer_16470,East,12-02-2021
16471,Customer_16471,North,29-04-2019
16472,Customer_16472,North,09-07-2021
16473,Customer_16473,East,04-12-2022
16474,Customer_16474,West,27-02-2020
16475,Customer_16475,North,08-01-2023
16476,Customer_16476,East,18-04-2019
16477,Customer_16477,North,30-10-2022
16478,Customer_16478,South,12-11-2018
16479,Customer_16479,West,12-10-2019
16480,Customer_16480,South,30-10-2019
16481,Customer_16481,South,27-04-2019
16482,Customer_16482,East,07-11-2018
16483,Customer_16483,South,01-03-2018
16484,Customer_16484,South,15-01-2018
16485,Customer_16485,North,04-05-2018
16486,Customer_16486,North,09-04-2018
16487,Customer_16487,West,10-10-2021
16488,Customer_16488,East,04-10-2022
16489,Customer_16489,West,23-01-2018
16490,Customer_16490,North,12-11-2021
16491,Customer_16491,South,27-04-2018
16492,Customer_16492,East,08-06-2019
16493,Customer_16493,South,16-05-2022
16494,Customer_16494,East,03-09-2019
16495,Customer_16495,South,21-09-2019
16496,Customer_16496,East,06-07-2021
16497,Customer_16497,North,10-01-2020
16498,Customer_16498,East,25-08-2018
16499,Customer_16499,South,08-05-2020
16500,Customer_16500,North,04-02-2021
16501,Customer_16501,East,18-02-2023
16502,Customer_16502,East,14-06-2020
16503,Customer_16503,West,16-02-2022
16504,Customer_16504,West,18-10-2022
16505,Customer_16505,East,12-08-2022
16506,Customer_16506,East,02-03-2021
16507,Customer_16507,East,06-02-2018
16508,Customer_16508,South,28-07-2019
16509,Customer_16509,North,29-01-2023
16510,Customer_16510,North,30-09-2018
16511,Customer_16511,West,29-07-2018
16512,Customer_16512,East,09-04-2020
16513,Customer_16513,West,15-03-2023
16514,Customer_16514,South,23-04-2021
16515,Customer_16515,North,09-12-2018
16516,Customer_16516,West,30-04-2022
16517,Customer_16517,North,26-11-2018
16518,Customer_16518,South,16-07-2021
16519,Customer_16519,South,30-03-2022
16520,Customer_16520,West,21-08-2021
16521,Customer_16521,West,27-06-2019
16522,Customer_16522,West,14-09-2018
16523,Customer_16523,East,08-05-2018
16524,Customer_16524,South,22-01-2021
16525,Customer_16525,West,28-04-2019
16526,Customer_16526,South,31-01-2023
16527,Customer_16527,East,29-03-2019
16528,Customer_16528,East,29-12-2021
16529,Customer_16529,North,28-06-2022
16530,Customer_16530,West,01-05-2020
16531,Customer_16531,North,10-02-2021
16532,Customer_16532,East,30-09-2020
16533,Customer_16533,North,27-01-2022
16534,Customer_16534,West,14-07-2022
16535,Customer_16535,South,01-02-2022
16536,Customer_16536,South,04-03-2023
16537,Customer_16537,West,28-09-2021
16538,Customer_16538,North,11-06-2023
16539,Customer_16539,South,24-09-2020
16540,Customer_16540,South,25-01-2020
16541,Customer_16541,North,21-11-2019
16542,Customer_16542,North,30-06-2019
16543,Customer_16543,East,23-07-2018
16544,Customer_16544,East,01-12-2021
16545,Customer_16545,East,29-04-2020
16546,Customer_16546,North,05-05-2018
16547,Customer_16547,East,03-11-2019
16548,Customer_16548,West,05-06-2023
16549,Customer_16549,North,19-03-2021
16550,Customer_16550,North,04-02-2018
16551,Customer_16551,East,16-12-2020
16552,Customer_16552,West,16-08-2022
16553,Customer_16553,East,06-01-2022
16554,Customer_16554,South,02-02-2018
16555,Customer_16555,West,01-08-2018
16556,Customer_16556,South,17-11-2022
16557,Customer_16557,East,22-01-2019
16558,Customer_16558,South,06-08-2018
16559,Customer_16559,North,22-01-2022
16560,Customer_16560,South,13-02-2020
16561,Customer_16561,East,10-10-2020
16562,Customer_16562,North,25-02-2018
16563,Customer_16563,East,10-07-2018
16564,Customer_16564,North,21-01-2023
16565,Customer_16565,West,01-09-2019
16566,Customer_16566,North,09-05-2022
16567,Customer_16567,East,10-05-2022
16568,Customer_16568,North,17-01-2021
16569,Customer_16569,North,01-03-2021
16570,Customer_16570,East,30-08-2022
16571,Customer_16571,West,01-05-2022
16572,Customer_16572,South,19-09-2020
16573,Customer_16573,East,29-12-2018
16574,Customer_16574,South,30-07-2018
16575,Customer_16575,East,12-12-2022
16576,Customer_16576,South,29-12-2018
16577,Customer_16577,North,26-09-2022
16578,Customer_16578,South,02-04-2023
16579,Customer_16579,West,14-06-2020
16580,Customer_16580,East,04-05-2021
16581,Customer_16581,North,17-02-2020
16582,Customer_16582,South,14-11-2022
16583,Customer_16583,West,16-07-2022
16584,Customer_16584,South,15-06-2023
16585,Customer_16585,West,24-06-2020
16586,Customer_16586,West,02-01-2023
16587,Customer_16587,South,07-08-2021
16588,Customer_16588,North,25-03-2018
16589,Customer_16589,North,17-05-2021
16590,Customer_16590,North,25-04-2021
16591,Customer_16591,West,24-01-2022
16592,Customer_16592,South,13-02-2018
16593,Customer_16593,East,08-06-2022
16594,Customer_16594,East,18-12-2019
16595,Customer_16595,North,02-03-2019
16596,Customer_16596,North,30-07-2018
16597,Customer_16597,South,19-01-2020
16598,Customer_16598,North,07-06-2020
16599,Customer_16599,East,19-12-2020
16600,Customer_16600,West,17-01-2021
16601,Customer_16601,West,07-06-2019
16602,Customer_16602,South,17-11-2020
16603,Customer_16603,South,28-10-2022
16604,Customer_16604,North,16-01-2020
16605,Customer_16605,West,07-07-2020
16606,Customer_16606,East,09-07-2021
16607,Customer_16607,North,22-07-2021
16608,Customer_16608,East,06-03-2023
16609,Customer_16609,East,05-09-2019
16610,Customer_16610,West,27-05-2020
16611,Customer_16611,West,16-11-2019
16612,Customer_16612,South,07-11-2020
16613,Customer_16613,West,17-10-2020
16614,Customer_16614,South,18-02-2023
16615,Customer_16615,East,23-02-2019
16616,Customer_16616,North,12-02-2023
16617,Customer_16617,North,12-06-2022
16618,Customer_16618,North,29-07-2021
16619,Customer_16619,East,18-10-2021
16620,Customer_16620,North,13-09-2021
16621,Customer_16621,North,15-05-2020
16622,Customer_16622,West,11-02-2018
16623,Customer_16623,South,11-08-2018
16624,Customer_16624,East,18-04-2020
16625,Customer_16625,West,05-04-2021
16626,Customer_16626,South,01-05-2022
16627,Customer_16627,East,05-11-2022
16628,Customer_16628,West,11-11-2018
16629,Customer_16629,South,13-08-2018
16630,Customer_16630,North,21-08-2019
16631,Customer_16631,West,25-09-2022
16632,Customer_16632,West,07-07-2021
16633,Customer_16633,East,08-10-2021
16634,Customer_16634,West,21-01-2022
16635,Customer_16635,West,25-02-2018
16636,Customer_16636,West,18-10-2021
16637,Customer_16637,South,18-01-2022
16638,Customer_16638,South,10-09-2018
16639,Customer_16639,West,16-04-2018
16640,Customer_16640,West,04-06-2023
16641,Customer_16641,North,18-02-2020
16642,Customer_16642,West,01-12-2018
16643,Customer_16643,South,15-07-2019
16644,Customer_16644,East,19-08-2022
16645,Customer_16645,South,04-08-2019
16646,Customer_16646,South,31-05-2023
16647,Customer_16647,West,29-10-2018
16648,Customer_16648,East,15-07-2018
16649,Customer_16649,North,28-08-2021
16650,Customer_16650,North,02-01-2018
16651,Customer_16651,West,26-05-2021
16652,Customer_16652,North,02-01-2021
16653,Customer_16653,East,30-04-2022
16654,Customer_16654,North,07-11-2022
16655,Customer_16655,West,27-09-2022
16656,Customer_16656,South,12-02-2020
16657,Customer_16657,West,09-04-2018
16658,Customer_16658,North,31-08-2018
16659,Customer_16659,North,25-08-2019
16660,Customer_16660,North,30-09-2019
16661,Customer_16661,East,31-08-2022
16662,Customer_16662,South,29-09-2019
16663,Customer_16663,North,12-08-2018
16664,Customer_16664,North,27-11-2022
16665,Customer_16665,North,07-04-2018
16666,Customer_16666,East,01-06-2023
16667,Customer_16667,West,11-02-2019
16668,Customer_16668,West,30-07-2018
16669,Customer_16669,East,27-06-2020
16670,Customer_16670,South,20-03-2022
16671,Customer_16671,East,06-09-2020
16672,Customer_16672,North,04-03-2023
16673,Customer_16673,West,03-02-2021
16674,Customer_16674,West,05-03-2018
16675,Customer_16675,North,20-04-2023
16676,Customer_16676,West,01-01-2020
16677,Customer_16677,East,08-02-2022
16678,Customer_16678,East,02-01-2019
16679,Customer_16679,South,01-11-2018
16680,Customer_16680,South,03-01-2022
16681,Customer_16681,West,28-03-2019
16682,Customer_16682,North,30-07-2019
16683,Customer_16683,South,01-04-2019
16684,Customer_16684,South,12-04-2023
16685,Customer_16685,West,10-02-2018
16686,Customer_16686,South,20-06-2019
16687,Customer_16687,North,29-08-2019
16688,Customer_16688,East,28-07-2020
16689,Customer_16689,West,23-06-2023
16690,Customer_16690,South,20-08-2019
16691,Customer_16691,North,21-12-2022
16692,Customer_16692,West,07-09-2020
16693,Customer_16693,North,18-04-2022
16694,Customer_16694,West,15-05-2019
16695,Customer_16695,South,22-04-2019
16696,Customer_16696,West,09-07-2021
16697,Customer_16697,North,24-01-2022
16698,Customer_16698,East,21-11-2022
16699,Customer_16699,West,18-05-2020
16700,Customer_16700,North,01-02-2022
16701,Customer_16701,North,16-12-2021
16702,Customer_16702,North,04-06-2023
16703,Customer_16703,West,11-04-2023
16704,Customer_16704,East,13-11-2020
16705,Customer_16705,East,15-06-2022
16706,Customer_16706,South,13-03-2022
16707,Customer_16707,East,20-12-2018
16708,Customer_16708,North,18-05-2018
16709,Customer_16709,South,04-07-2019
16710,Customer_16710,East,06-04-2019
16711,Customer_16711,South,14-12-2020
16712,Customer_16712,West,15-01-2023
16713,Customer_16713,East,24-03-2022
16714,Customer_16714,West,20-08-2020
16715,Customer_16715,North,21-08-2022
16716,Customer_16716,East,22-10-2019
16717,Customer_16717,East,24-12-2018
16718,Customer_16718,East,30-01-2022
16719,Customer_16719,North,15-03-2022
16720,Customer_16720,North,28-04-2023
16721,Customer_16721,South,16-05-2022
16722,Customer_16722,West,10-04-2018
16723,Customer_16723,North,31-05-2018
16724,Customer_16724,South,29-01-2022
16725,Customer_16725,East,15-12-2018
16726,Customer_16726,West,17-12-2022
16727,Customer_16727,South,24-04-2022
16728,Customer_16728,North,06-01-2019
16729,Customer_16729,West,26-10-2022
16730,Customer_16730,North,02-06-2020
16731,Customer_16731,North,19-12-2018
16732,Customer_16732,West,11-09-2020
16733,Customer_16733,North,22-05-2023
16734,Customer_16734,West,21-01-2022
16735,Customer_16735,East,16-04-2021
16736,Customer_16736,East,31-05-2018
16737,Customer_16737,West,08-10-2018
16738,Customer_16738,West,29-01-2021
16739,Customer_16739,East,01-09-2021
16740,Customer_16740,South,06-04-2019
16741,Customer_16741,South,12-05-2019
16742,Customer_16742,West,24-05-2022
16743,Customer_16743,West,01-05-2023
16744,Customer_16744,West,17-11-2019
16745,Customer_16745,East,29-12-2020
16746,Customer_16746,South,26-02-2018
16747,Customer_16747,West,15-02-2022
16748,Customer_16748,East,15-02-2023
16749,Customer_16749,North,12-06-2020
16750,Customer_16750,West,25-12-2022
16751,Customer_16751,South,09-05-2018
16752,Customer_16752,North,02-01-2023
16753,Customer_16753,West,12-02-2023
16754,Customer_16754,North,22-12-2020
16755,Customer_16755,North,28-02-2021
16756,Customer_16756,North,03-07-2022
16757,Customer_16757,West,23-12-2022
16758,Customer_16758,North,05-11-2018
16759,Customer_16759,North,26-02-2023
16760,Customer_16760,West,13-08-2022
16761,Customer_16761,North,21-11-2021
16762,Customer_16762,South,09-04-2019
16763,Customer_16763,West,25-08-2020
16764,Customer_16764,South,11-05-2018
16765,Customer_16765,West,30-04-2018
16766,Customer_16766,East,20-05-2019
16767,Customer_16767,West,27-04-2019
16768,Customer_16768,South,04-06-2020
16769,Customer_16769,East,16-12-2019
16770,Customer_16770,South,15-09-2022
16771,Customer_16771,North,18-07-2021
16772,Customer_16772,East,03-08-2019
16773,Customer_16773,North,22-06-2021
16774,Customer_16774,East,03-12-2022
16775,Customer_16775,South,01-09-2020
16776,Customer_16776,South,11-10-2021
16777,Customer_16777,South,22-01-2018
16778,Customer_16778,North,30-03-2021
16779,Customer_16779,East,03-03-2020
16780,Customer_16780,West,30-11-2022
16781,Customer_16781,South,22-04-2019
16782,Customer_16782,South,21-01-2023
16783,Customer_16783,South,11-04-2021
16784,Customer_16784,North,06-09-2021
16785,Customer_16785,South,27-02-2023
16786,Customer_16786,East,10-10-2020
16787,Customer_16787,East,19-08-2022
16788,Customer_16788,South,10-10-2020
16789,Customer_16789,East,21-08-2020
16790,Customer_16790,North,10-11-2018
16791,Customer_16791,North,13-01-2018
16792,Customer_16792,West,06-06-2022
16793,Customer_16793,East,22-08-2019
16794,Customer_16794,South,14-11-2018
16795,Customer_16795,West,27-04-2019
16796,Customer_16796,South,01-04-2022
16797,Customer_16797,South,15-04-2021
16798,Customer_16798,South,25-10-2022
16799,Customer_16799,East,03-05-2023
16800,Customer_16800,North,08-10-2020
16801,Customer_16801,East,29-03-2019
16802,Customer_16802,West,04-08-2022
16803,Customer_16803,South,20-07-2018
16804,Customer_16804,South,22-01-2023
16805,Customer_16805,North,18-11-2018
16806,Customer_16806,South,17-07-2019
16807,Customer_16807,North,02-12-2021
16808,Customer_16808,West,15-08-2021
16809,Customer_16809,South,06-05-2021
16810,Customer_16810,South,13-06-2018
16811,Customer_16811,West,08-06-2021
16812,Customer_16812,West,16-11-2019
16813,Customer_16813,North,13-07-2019
16814,Customer_16814,South,26-03-2019
16815,Customer_16815,East,28-05-2019
16816,Customer_16816,South,01-01-2021
16817,Customer_16817,East,19-05-2019
16818,Customer_16818,North,21-08-2020
16819,Customer_16819,East,24-05-2023
16820,Customer_16820,East,22-02-2021
16821,Customer_16821,West,25-03-2018
16822,Customer_16822,East,13-01-2022
16823,Customer_16823,North,26-05-2019
16824,Customer_16824,East,01-01-2022
16825,Customer_16825,East,14-09-2019
16826,Customer_16826,West,26-08-2022
16827,Customer_16827,South,01-06-2019
16828,Customer_16828,East,09-10-2019
16829,Customer_16829,North,16-10-2019
16830,Customer_16830,South,18-04-2020
16831,Customer_16831,West,18-02-2023
16832,Customer_16832,West,16-06-2023
16833,Customer_16833,North,30-07-2019
16834,Customer_16834,West,24-12-2021
16835,Customer_16835,North,10-06-2018
16836,Customer_16836,West,05-03-2023
16837,Customer_16837,East,13-02-2021
16838,Customer_16838,North,29-01-2019
16839,Customer_16839,West,10-04-2022
16840,Customer_16840,South,06-08-2018
16841,Customer_16841,East,20-10-2022
16842,Customer_16842,North,04-07-2020
16843,Customer_16843,South,09-01-2022
16844,Customer_16844,North,18-06-2020
16845,Customer_16845,East,08-02-2020
16846,Customer_16846,South,09-04-2020
16847,Customer_16847,North,26-11-2020
16848,Customer_16848,North,04-02-2020
16849,Customer_16849,West,10-07-2021
16850,Customer_16850,East,12-11-2022
16851,Customer_16851,West,19-01-2022
16852,Customer_16852,West,08-01-2019
16853,Customer_16853,South,10-04-2021
16854,Customer_16854,West,15-05-2023
16855,Customer_16855,North,25-01-2021
16856,Customer_16856,West,22-09-2019
16857,Customer_16857,South,28-08-2022
16858,Customer_16858,West,19-05-2022
16859,Customer_16859,South,28-06-2022
16860,Customer_16860,South,30-05-2018
16861,Customer_16861,North,06-06-2020
16862,Customer_16862,West,25-08-2018
16863,Customer_16863,North,20-05-2019
16864,Customer_16864,North,09-06-2021
16865,Customer_16865,West,16-03-2018
16866,Customer_16866,North,05-10-2021
16867,Customer_16867,South,10-01-2020
16868,Customer_16868,West,10-05-2019
16869,Customer_16869,South,28-08-2022
16870,Customer_16870,South,19-06-2023
16871,Customer_16871,North,24-06-2020
16872,Customer_16872,South,08-06-2019
16873,Customer_16873,West,03-03-2022
16874,Customer_16874,East,16-02-2020
16875,Customer_16875,East,12-05-2023
16876,Customer_16876,North,27-08-2020
16877,Customer_16877,West,30-10-2020
16878,Customer_16878,North,06-01-2018
16879,Customer_16879,North,11-11-2021
16880,Customer_16880,South,20-10-2019
16881,Customer_16881,South,16-07-2020
16882,Customer_16882,North,16-10-2020
16883,Customer_16883,South,16-09-2020
16884,Customer_16884,South,08-03-2023
16885,Customer_16885,North,27-05-2021
16886,Customer_16886,North,02-04-2019
16887,Customer_16887,South,29-05-2023
16888,Customer_16888,East,21-08-2022
16889,Customer_16889,East,16-09-2020
16890,Customer_16890,East,02-10-2022
16891,Customer_16891,East,19-02-2020
16892,Customer_16892,East,27-03-2018
16893,Customer_16893,North,21-06-2022
16894,Customer_16894,East,29-10-2022
16895,Customer_16895,North,26-07-2022
16896,Customer_16896,South,02-01-2022
16897,Customer_16897,South,07-06-2019
16898,Customer_16898,East,08-06-2020
16899,Customer_16899,North,15-02-2023
16900,Customer_16900,South,01-04-2020
16901,Customer_16901,North,12-01-2023
16902,Customer_16902,North,05-11-2022
16903,Customer_16903,North,04-11-2022
16904,Customer_16904,West,28-02-2021
16905,Customer_16905,South,07-07-2021
16906,Customer_16906,East,17-04-2022
16907,Customer_16907,West,08-04-2022
16908,Customer_16908,West,25-07-2019
16909,Customer_16909,South,04-04-2018
16910,Customer_16910,South,30-07-2018
16911,Customer_16911,West,27-08-2021
16912,Customer_16912,East,09-02-2019
16913,Customer_16913,South,15-10-2021
16914,Customer_16914,South,08-02-2021
16915,Customer_16915,North,25-08-2018
16916,Customer_16916,East,28-12-2021
16917,Customer_16917,South,18-12-2019
16918,Customer_16918,South,13-01-2019
16919,Customer_16919,North,16-01-2018
16920,Customer_16920,South,17-06-2020
16921,Customer_16921,South,16-08-2020
16922,Customer_16922,North,25-12-2022
16923,Customer_16923,South,10-05-2018
16924,Customer_16924,South,02-03-2023
16925,Customer_16925,South,07-01-2023
16926,Customer_16926,South,07-05-2019
16927,Customer_16927,West,27-04-2020
16928,Customer_16928,East,02-12-2022
16929,Customer_16929,West,05-01-2022
16930,Customer_16930,East,29-08-2018
16931,Customer_16931,South,03-10-2019
16932,Customer_16932,West,24-10-2019
16933,Customer_16933,North,21-02-2018
16934,Customer_16934,North,19-01-2020
16935,Customer_16935,West,10-10-2020
16936,Customer_16936,West,25-03-2022
16937,Customer_16937,South,23-11-2019
16938,Customer_16938,South,03-09-2022
16939,Customer_16939,West,10-11-2019
16940,Customer_16940,South,14-05-2020
16941,Customer_16941,North,19-11-2022
16942,Customer_16942,West,14-04-2023
16943,Customer_16943,South,15-05-2020
16944,Customer_16944,West,08-07-2020
16945,Customer_16945,West,14-02-2021
16946,Customer_16946,East,13-05-2023
16947,Customer_16947,South,29-03-2019
16948,Customer_16948,East,07-08-2021
16949,Customer_16949,East,29-11-2018
16950,Customer_16950,West,30-01-2022
16951,Customer_16951,North,11-11-2019
16952,Customer_16952,North,26-04-2018
16953,Customer_16953,East,31-01-2023
16954,Customer_16954,West,26-01-2021
16955,Customer_16955,South,06-03-2020
16956,Customer_16956,East,15-06-2021
16957,Customer_16957,East,30-03-2022
16958,Customer_16958,North,07-07-2021
16959,Customer_16959,West,22-05-2020
16960,Customer_16960,South,24-11-2022
16961,Customer_16961,South,06-06-2021
16962,Customer_16962,South,19-12-2018
16963,Customer_16963,East,31-12-2020
16964,Customer_16964,South,03-06-2019
16965,Customer_16965,South,20-06-2023
16966,Customer_16966,West,18-09-2021
16967,Customer_16967,South,27-09-2021
16968,Customer_16968,North,12-11-2021
16969,Customer_16969,East,06-12-2019
16970,Customer_16970,North,11-03-2022
16971,Customer_16971,North,19-08-2021
16972,Customer_16972,West,02-12-2022
16973,Customer_16973,East,18-07-2022
16974,Customer_16974,North,24-01-2020
16975,Customer_16975,West,17-03-2018
16976,Customer_16976,South,09-07-2018
16977,Customer_16977,South,13-07-2018
16978,Customer_16978,North,28-06-2021
16979,Customer_16979,East,30-08-2021
16980,Customer_16980,North,10-09-2020
16981,Customer_16981,North,27-05-2022
16982,Customer_16982,East,14-02-2018
16983,Customer_16983,North,05-05-2018
16984,Customer_16984,South,18-12-2022
16985,Customer_16985,West,25-03-2020
16986,Customer_16986,West,15-03-2019
16987,Customer_16987,South,26-01-2018
16988,Customer_16988,West,25-05-2022
16989,Customer_16989,West,05-11-2020
16990,Customer_16990,East,03-07-2020
16991,Customer_16991,South,24-08-2018
16992,Customer_16992,West,25-05-2019
16993,Customer_16993,West,02-07-2020
16994,Customer_16994,West,08-08-2019
16995,Customer_16995,East,06-10-2019
16996,Customer_16996,South,28-02-2022
16997,Customer_16997,West,28-02-2018
16998,Customer_16998,East,01-03-2023
16999,Customer_16999,North,12-08-2021
17000,Customer_17000,East,02-01-2019
17001,Customer_17001,South,25-10-2021
17002,Customer_17002,East,15-08-2020
17003,Customer_17003,North,01-01-2023
17004,Customer_17004,North,26-04-2020
17005,Customer_17005,North,17-03-2019
17006,Customer_17006,North,12-01-2022
17007,Customer_17007,South,28-06-2022
17008,Customer_17008,West,27-10-2019
17009,Customer_17009,South,03-03-2018
17010,Customer_17010,North,05-10-2018
17011,Customer_17011,South,11-01-2022
17012,Customer_17012,North,14-04-2020
17013,Customer_17013,West,11-07-2018
17014,Customer_17014,East,17-08-2021
17015,Customer_17015,South,20-11-2019
17016,Customer_17016,West,25-02-2020
17017,Customer_17017,South,21-08-2020
17018,Customer_17018,East,13-03-2019
17019,Customer_17019,East,06-09-2021
17020,Customer_17020,East,21-12-2022
17021,Customer_17021,North,07-06-2023
17022,Customer_17022,North,20-01-2021
17023,Customer_17023,East,30-12-2018
17024,Customer_17024,North,04-05-2023
17025,Customer_17025,South,14-12-2021
17026,Customer_17026,West,27-09-2020
17027,Customer_17027,North,26-08-2019
17028,Customer_17028,West,28-09-2021
17029,Customer_17029,South,20-07-2019
17030,Customer_17030,North,16-10-2018
17031,Customer_17031,South,16-09-2019
17032,Customer_17032,West,30-11-2020
17033,Customer_17033,North,02-01-2021
17034,Customer_17034,South,07-05-2018
17035,Customer_17035,North,10-01-2020
17036,Customer_17036,West,04-02-2021
17037,Customer_17037,South,07-09-2021
17038,Customer_17038,East,06-03-2023
17039,Customer_17039,East,27-12-2019
17040,Customer_17040,East,05-11-2019
17041,Customer_17041,West,19-07-2020
17042,Customer_17042,East,12-06-2020
17043,Customer_17043,East,19-12-2019
17044,Customer_17044,West,19-10-2022
17045,Customer_17045,South,27-05-2018
17046,Customer_17046,East,21-03-2022
17047,Customer_17047,North,24-12-2022
17048,Customer_17048,North,10-09-2019
17049,Customer_17049,East,08-12-2019
17050,Customer_17050,East,03-04-2022
17051,Customer_17051,East,10-12-2021
17052,Customer_17052,East,21-06-2020
17053,Customer_17053,South,05-02-2019
17054,Customer_17054,East,10-07-2021
17055,Customer_17055,East,23-02-2020
17056,Customer_17056,West,28-10-2022
17057,Customer_17057,East,09-06-2023
17058,Customer_17058,North,20-11-2019
17059,Customer_17059,West,30-01-2022
17060,Customer_17060,West,08-10-2020
17061,Customer_17061,South,29-12-2021
17062,Customer_17062,South,25-09-2020
17063,Customer_17063,West,29-08-2020
17064,Customer_17064,South,31-07-2021
17065,Customer_17065,East,14-07-2018
17066,Customer_17066,East,05-02-2021
17067,Customer_17067,North,27-01-2018
17068,Customer_17068,East,27-12-2018
17069,Customer_17069,West,07-07-2019
17070,Customer_17070,North,09-10-2021
17071,Customer_17071,West,10-11-2020
17072,Customer_17072,South,15-08-2019
17073,Customer_17073,West,17-11-2019
17074,Customer_17074,East,21-06-2020
17075,Customer_17075,West,05-02-2020
17076,Customer_17076,East,13-12-2019
17077,Customer_17077,East,24-04-2022
17078,Customer_17078,North,18-11-2018
17079,Customer_17079,East,14-10-2021
17080,Customer_17080,East,12-01-2021
17081,Customer_17081,South,30-06-2019
17082,Customer_17082,East,31-07-2018
17083,Customer_17083,North,19-08-2019
17084,Customer_17084,South,03-01-2020
17085,Customer_17085,West,22-09-2022
17086,Customer_17086,West,08-06-2021
17087,Customer_17087,North,17-06-2022
17088,Customer_17088,North,07-03-2023
17089,Customer_17089,West,08-01-2019
17090,Customer_17090,North,26-04-2021
17091,Customer_17091,North,04-06-2018
17092,Customer_17092,South,28-10-2018
17093,Customer_17093,East,12-11-2019
17094,Customer_17094,North,10-04-2018
17095,Customer_17095,East,26-10-2021
17096,Customer_17096,West,08-07-2019
17097,Customer_17097,South,15-01-2020
17098,Customer_17098,South,02-05-2018
17099,Customer_17099,West,24-07-2020
17100,Customer_17100,East,12-08-2018
17101,Customer_17101,East,13-04-2023
17102,Customer_17102,East,03-11-2020
17103,Customer_17103,West,05-08-2018
17104,Customer_17104,West,20-01-2022
17105,Customer_17105,East,21-04-2022
17106,Customer_17106,West,25-03-2018
17107,Customer_17107,West,11-02-2023
17108,Customer_17108,South,03-03-2023
17109,Customer_17109,South,12-05-2022
17110,Customer_17110,East,12-11-2020
17111,Customer_17111,West,03-03-2023
17112,Customer_17112,North,11-02-2018
17113,Customer_17113,East,17-12-2020
17114,Customer_17114,North,21-05-2020
17115,Customer_17115,East,30-01-2018
17116,Customer_17116,North,17-06-2023
17117,Customer_17117,East,24-03-2022
17118,Customer_17118,East,26-04-2021
17119,Customer_17119,North,28-03-2023
17120,Customer_17120,South,24-06-2019
17121,Customer_17121,West,03-04-2023
17122,Customer_17122,South,25-06-2021
17123,Customer_17123,East,11-08-2018
17124,Customer_17124,East,15-05-2022
17125,Customer_17125,North,12-12-2021
17126,Customer_17126,West,16-10-2019
17127,Customer_17127,South,19-06-2018
17128,Customer_17128,South,20-03-2023
17129,Customer_17129,South,02-12-2021
17130,Customer_17130,East,24-05-2020
17131,Customer_17131,West,01-11-2022
17132,Customer_17132,North,05-11-2018
17133,Customer_17133,East,30-09-2020
17134,Customer_17134,West,11-07-2019
17135,Customer_17135,North,19-06-2019
17136,Customer_17136,West,14-10-2019
17137,Customer_17137,South,12-06-2022
17138,Customer_17138,West,19-10-2019
17139,Customer_17139,South,24-02-2018
17140,Customer_17140,West,13-06-2022
17141,Customer_17141,North,22-05-2019
17142,Customer_17142,West,16-04-2021
17143,Customer_17143,South,06-12-2018
17144,Customer_17144,South,09-07-2018
17145,Customer_17145,South,16-05-2020
17146,Customer_17146,East,06-08-2021
17147,Customer_17147,East,21-02-2022
17148,Customer_17148,West,13-05-2018
17149,Customer_17149,North,26-12-2019
17150,Customer_17150,North,10-07-2021
17151,Customer_17151,West,12-03-2019
17152,Customer_17152,South,12-11-2019
17153,Customer_17153,North,28-02-2023
17154,Customer_17154,West,17-06-2022
17155,Customer_17155,South,31-01-2018
17156,Customer_17156,South,27-04-2023
17157,Customer_17157,East,06-12-2019
17158,Customer_17158,South,20-02-2020
17159,Customer_17159,South,05-11-2018
17160,Customer_17160,East,28-08-2018
17161,Customer_17161,East,16-05-2021
17162,Customer_17162,North,20-04-2022
17163,Customer_17163,South,18-03-2021
17164,Customer_17164,South,08-05-2018
17165,Customer_17165,East,24-05-2023
17166,Customer_17166,West,27-01-2020
17167,Customer_17167,East,11-12-2019
17168,Customer_17168,West,04-09-2021
17169,Customer_17169,South,05-11-2021
17170,Customer_17170,South,09-07-2018
17171,Customer_17171,South,07-10-2021
17172,Customer_17172,North,09-05-2020
17173,Customer_17173,East,24-04-2018
17174,Customer_17174,West,08-07-2020
17175,Customer_17175,South,05-01-2022
17176,Customer_17176,South,22-01-2021
17177,Customer_17177,South,19-07-2020
17178,Customer_17178,North,17-06-2020
17179,Customer_17179,South,27-01-2019
17180,Customer_17180,South,14-06-2023
17181,Customer_17181,West,24-04-2018
17182,Customer_17182,West,15-03-2018
17183,Customer_17183,East,27-09-2020
17184,Customer_17184,South,12-02-2020
17185,Customer_17185,East,01-01-2021
17186,Customer_17186,South,03-06-2022
17187,Customer_17187,South,28-12-2019
17188,Customer_17188,East,19-09-2018
17189,Customer_17189,North,30-05-2023
17190,Customer_17190,South,29-11-2022
17191,Customer_17191,North,04-12-2019
17192,Customer_17192,West,28-06-2020
17193,Customer_17193,North,04-03-2018
17194,Customer_17194,North,15-07-2022
17195,Customer_17195,West,22-05-2022
17196,Customer_17196,West,24-02-2020
17197,Customer_17197,East,17-11-2022
17198,Customer_17198,South,06-02-2018
17199,Customer_17199,South,23-03-2021
17200,Customer_17200,South,14-10-2018
17201,Customer_17201,North,31-10-2018
17202,Customer_17202,South,14-05-2022
17203,Customer_17203,East,27-02-2023
17204,Customer_17204,East,20-12-2021
17205,Customer_17205,North,21-06-2020
17206,Customer_17206,North,03-12-2019
17207,Customer_17207,North,09-10-2018
17208,Customer_17208,South,13-03-2021
17209,Customer_17209,South,09-11-2018
17210,Customer_17210,South,15-01-2018
17211,Customer_17211,West,04-02-2022
17212,Customer_17212,South,16-04-2020
17213,Customer_17213,South,08-08-2020
17214,Customer_17214,East,08-03-2019
17215,Customer_17215,South,27-01-2023
17216,Customer_17216,North,28-01-2022
17217,Customer_17217,West,03-03-2021
17218,Customer_17218,South,13-11-2021
17219,Customer_17219,South,27-06-2020
17220,Customer_17220,West,24-07-2019
17221,Customer_17221,West,19-06-2022
17222,Customer_17222,South,27-05-2021
17223,Customer_17223,East,08-06-2021
17224,Customer_17224,East,24-01-2022
17225,Customer_17225,South,03-06-2019
17226,Customer_17226,North,18-04-2020
17227,Customer_17227,West,10-11-2018
17228,Customer_17228,East,05-03-2023
17229,Customer_17229,West,11-12-2021
17230,Customer_17230,West,25-07-2020
17231,Customer_17231,North,21-03-2022
17232,Customer_17232,North,28-01-2018
17233,Customer_17233,South,20-08-2021
17234,Customer_17234,East,29-10-2021
17235,Customer_17235,North,23-04-2022
17236,Customer_17236,North,02-04-2018
17237,Customer_17237,East,23-05-2023
17238,Customer_17238,East,09-10-2019
17239,Customer_17239,East,04-08-2018
17240,Customer_17240,South,01-03-2023
17241,Customer_17241,West,13-01-2018
17242,Customer_17242,North,17-04-2020
17243,Customer_17243,North,13-08-2020
17244,Customer_17244,South,10-10-2020
17245,Customer_17245,North,30-10-2018
17246,Customer_17246,North,15-04-2019
17247,Customer_17247,South,04-07-2021
17248,Customer_17248,South,19-04-2023
17249,Customer_17249,South,15-04-2020
17250,Customer_17250,North,19-12-2021
17251,Customer_17251,West,10-07-2019
17252,Customer_17252,North,08-07-2020
17253,Customer_17253,West,04-01-2021
17254,Customer_17254,West,19-04-2023
17255,Customer_17255,North,09-09-2018
17256,Customer_17256,North,17-10-2020
17257,Customer_17257,West,22-10-2021
17258,Customer_17258,West,01-05-2020
17259,Customer_17259,East,10-03-2018
17260,Customer_17260,South,02-06-2021
17261,Customer_17261,North,05-02-2022
17262,Customer_17262,South,08-05-2020
17263,Customer_17263,South,24-01-2020
17264,Customer_17264,South,17-09-2019
17265,Customer_17265,South,10-06-2023
17266,Customer_17266,East,08-02-2023
17267,Customer_17267,West,10-11-2018
17268,Customer_17268,South,23-01-2018
17269,Customer_17269,North,18-11-2021
17270,Customer_17270,North,02-03-2022
17271,Customer_17271,East,26-06-2021
17272,Customer_17272,North,29-03-2023
17273,Customer_17273,South,19-06-2018
17274,Customer_17274,North,29-10-2021
17275,Customer_17275,West,21-08-2022
17276,Customer_17276,East,12-05-2018
17277,Customer_17277,South,10-01-2018
17278,Customer_17278,South,03-03-2023
17279,Customer_17279,North,07-04-2021
17280,Customer_17280,North,13-07-2020
17281,Customer_17281,West,25-04-2019
17282,Customer_17282,North,14-01-2023
17283,Customer_17283,West,07-08-2018
17284,Customer_17284,North,16-05-2021
17285,Customer_17285,South,04-06-2021
17286,Customer_17286,North,28-03-2019
17287,Customer_17287,North,24-06-2019
17288,Customer_17288,West,27-10-2020
17289,Customer_17289,East,09-05-2022
17290,Customer_17290,North,27-10-2022
17291,Customer_17291,South,22-09-2020
17292,Customer_17292,East,21-04-2020
17293,Customer_17293,West,08-11-2021
17294,Customer_17294,East,24-04-2020
17295,Customer_17295,West,19-04-2019
17296,Customer_17296,South,15-09-2021
17297,Customer_17297,East,17-06-2022
17298,Customer_17298,West,11-01-2021
17299,Customer_17299,West,26-05-2021
17300,Customer_17300,North,02-01-2020
17301,Customer_17301,North,23-10-2020
17302,Customer_17302,West,06-09-2021
17303,Customer_17303,West,19-08-2022
17304,Customer_17304,East,05-07-2022
17305,Customer_17305,East,25-10-2022
17306,Customer_17306,North,02-09-2021
17307,Customer_17307,North,07-07-2018
17308,Customer_17308,East,06-03-2022
17309,Customer_17309,East,26-11-2019
17310,Customer_17310,East,31-05-2022
17311,Customer_17311,West,10-11-2021
17312,Customer_17312,West,09-03-2021
17313,Customer_17313,West,10-08-2019
17314,Customer_17314,East,05-11-2019
17315,Customer_17315,South,28-11-2020
17316,Customer_17316,North,22-10-2018
17317,Customer_17317,North,08-05-2021
17318,Customer_17318,South,10-05-2022
17319,Customer_17319,East,14-03-2018
17320,Customer_17320,South,18-02-2018
17321,Customer_17321,West,10-02-2018
17322,Customer_17322,West,09-12-2020
17323,Customer_17323,East,16-03-2022
17324,Customer_17324,East,24-03-2018
17325,Customer_17325,South,21-06-2023
17326,Customer_17326,West,22-05-2020
17327,Customer_17327,East,29-06-2021
17328,Customer_17328,East,17-03-2020
17329,Customer_17329,West,08-03-2019
17330,Customer_17330,East,23-11-2021
17331,Customer_17331,East,10-11-2020
17332,Customer_17332,West,26-06-2022
17333,Customer_17333,North,23-09-2022
17334,Customer_17334,West,03-08-2019
17335,Customer_17335,North,26-02-2023
17336,Customer_17336,South,21-07-2021
17337,Customer_17337,East,22-02-2022
17338,Customer_17338,East,29-04-2023
17339,Customer_17339,North,31-03-2019
17340,Customer_17340,South,28-01-2020
17341,Customer_17341,East,12-05-2018
17342,Customer_17342,North,21-11-2022
17343,Customer_17343,South,24-07-2021
17344,Customer_17344,South,03-10-2020
17345,Customer_17345,North,30-04-2018
17346,Customer_17346,West,05-05-2019
17347,Customer_17347,South,19-09-2018
17348,Customer_17348,East,19-02-2021
17349,Customer_17349,South,08-03-2023
17350,Customer_17350,East,09-11-2019
17351,Customer_17351,South,06-03-2019
17352,Customer_17352,North,18-04-2019
17353,Customer_17353,North,07-08-2019
17354,Customer_17354,North,21-01-2018
17355,Customer_17355,East,31-12-2021
17356,Customer_17356,North,05-01-2019
17357,Customer_17357,South,12-12-2020
17358,Customer_17358,South,07-08-2019
17359,Customer_17359,West,15-12-2022
17360,Customer_17360,West,25-02-2018
17361,Customer_17361,East,18-06-2018
17362,Customer_17362,North,26-10-2021
17363,Customer_17363,South,19-06-2018
17364,Customer_17364,East,04-08-2022
17365,Customer_17365,North,27-04-2019
17366,Customer_17366,South,26-04-2022
17367,Customer_17367,North,03-06-2023
17368,Customer_17368,West,11-11-2020
17369,Customer_17369,South,12-07-2022
17370,Customer_17370,South,12-10-2018
17371,Customer_17371,North,10-06-2019
17372,Customer_17372,East,13-07-2021
17373,Customer_17373,North,18-12-2018
17374,Customer_17374,South,22-02-2019
17375,Customer_17375,South,29-12-2018
17376,Customer_17376,West,22-11-2022
17377,Customer_17377,West,15-12-2020
17378,Customer_17378,East,25-05-2018
17379,Customer_17379,West,05-09-2020
17380,Customer_17380,South,22-05-2018
17381,Customer_17381,West,08-06-2023
17382,Customer_17382,East,17-03-2019
17383,Customer_17383,East,03-04-2020
17384,Customer_17384,West,13-07-2022
17385,Customer_17385,West,12-04-2019
17386,Customer_17386,East,31-08-2018
17387,Customer_17387,West,22-10-2020
17388,Customer_17388,South,22-06-2023
17389,Customer_17389,North,23-02-2019
17390,Customer_17390,North,04-03-2019
17391,Customer_17391,South,16-06-2022
17392,Customer_17392,South,22-11-2019
17393,Customer_17393,East,14-01-2019
17394,Customer_17394,East,20-08-2020
17395,Customer_17395,South,09-11-2021
17396,Customer_17396,South,06-02-2021
17397,Customer_17397,North,05-06-2021
17398,Customer_17398,West,10-06-2022
17399,Customer_17399,West,04-02-2021
17400,Customer_17400,West,06-12-2020
17401,Customer_17401,North,08-08-2018
17402,Customer_17402,West,11-01-2018
17403,Customer_17403,East,24-10-2021
17404,Customer_17404,East,01-04-2018
17405,Customer_17405,North,01-01-2019
17406,Customer_17406,North,13-06-2022
17407,Customer_17407,East,25-04-2022
17408,Customer_17408,East,19-09-2022
17409,Customer_17409,South,05-06-2023
17410,Customer_17410,East,08-09-2020
17411,Customer_17411,East,28-02-2022
17412,Customer_17412,South,19-03-2018
17413,Customer_17413,North,08-02-2021
17414,Customer_17414,West,27-03-2019
17415,Customer_17415,East,24-02-2019
17416,Customer_17416,East,18-04-2022
17417,Customer_17417,South,07-03-2020
17418,Customer_17418,North,28-09-2022
17419,Customer_17419,East,07-12-2020
17420,Customer_17420,West,08-10-2019
17421,Customer_17421,East,14-02-2019
17422,Customer_17422,North,14-11-2021
17423,Customer_17423,South,04-08-2022
17424,Customer_17424,East,18-09-2020
17425,Customer_17425,East,17-11-2018
17426,Customer_17426,East,26-04-2018
17427,Customer_17427,East,24-11-2021
17428,Customer_17428,West,19-12-2022
17429,Customer_17429,North,11-03-2023
17430,Customer_17430,West,11-02-2018
17431,Customer_17431,North,07-11-2020
17432,Customer_17432,South,16-07-2020
17433,Customer_17433,East,12-07-2020
17434,Customer_17434,South,17-03-2022
17435,Customer_17435,North,18-04-2020
17436,Customer_17436,North,16-02-2022
17437,Customer_17437,South,19-02-2023
17438,Customer_17438,East,20-09-2021
17439,Customer_17439,West,10-07-2021
17440,Customer_17440,South,01-12-2020
17441,Customer_17441,North,15-06-2021
17442,Customer_17442,West,09-11-2022
17443,Customer_17443,North,22-11-2020
17444,Customer_17444,South,22-07-2018
17445,Customer_17445,West,15-11-2022
17446,Customer_17446,North,06-03-2019
17447,Customer_17447,South,15-11-2019
17448,Customer_17448,South,29-10-2018
17449,Customer_17449,North,16-04-2023
17450,Customer_17450,South,30-05-2020
17451,Customer_17451,North,19-02-2018
17452,Customer_17452,North,20-12-2020
17453,Customer_17453,South,19-12-2018
17454,Customer_17454,West,01-06-2022
17455,Customer_17455,West,17-04-2020
17456,Customer_17456,South,07-06-2023
17457,Customer_17457,South,28-12-2020
17458,Customer_17458,West,19-03-2023
17459,Customer_17459,West,16-07-2022
17460,Customer_17460,South,13-10-2019
17461,Customer_17461,East,17-03-2021
17462,Customer_17462,South,05-07-2018
17463,Customer_17463,South,08-01-2019
17464,Customer_17464,West,04-06-2021
17465,Customer_17465,West,06-07-2021
17466,Customer_17466,North,07-12-2019
17467,Customer_17467,South,31-01-2018
17468,Customer_17468,North,29-04-2022
17469,Customer_17469,West,27-11-2018
17470,Customer_17470,West,05-07-2021
17471,Customer_17471,West,25-03-2022
17472,Customer_17472,West,11-06-2020
17473,Customer_17473,North,25-08-2018
17474,Customer_17474,West,30-05-2019
17475,Customer_17475,South,26-12-2018
17476,Customer_17476,West,21-01-2019
17477,Customer_17477,North,11-07-2018
17478,Customer_17478,East,14-07-2019
17479,Customer_17479,South,13-12-2019
17480,Customer_17480,South,15-08-2018
17481,Customer_17481,West,01-05-2023
17482,Customer_17482,North,30-05-2020
17483,Customer_17483,North,13-05-2022
17484,Customer_17484,South,29-05-2021
17485,Customer_17485,North,24-02-2023
17486,Customer_17486,North,16-01-2023
17487,Customer_17487,West,26-05-2023
17488,Customer_17488,West,21-09-2018
17489,Customer_17489,North,30-08-2022
17490,Customer_17490,East,21-03-2021
17491,Customer_17491,West,09-04-2020
17492,Customer_17492,North,06-05-2020
17493,Customer_17493,East,04-03-2018
17494,Customer_17494,West,11-07-2021
17495,Customer_17495,West,23-11-2021
17496,Customer_17496,North,04-04-2023
17497,Customer_17497,North,08-05-2020
17498,Customer_17498,North,18-11-2019
17499,Customer_17499,West,18-06-2019
17500,Customer_17500,East,20-05-2020
17501,Customer_17501,East,15-02-2023
17502,Customer_17502,South,25-09-2018
17503,Customer_17503,South,30-07-2020
17504,Customer_17504,West,20-01-2020
17505,Customer_17505,East,04-12-2019
17506,Customer_17506,West,06-03-2019
17507,Customer_17507,East,27-01-2018
17508,Customer_17508,North,08-06-2020
17509,Customer_17509,South,23-04-2020
17510,Customer_17510,East,29-05-2021
17511,Customer_17511,West,26-05-2018
17512,Customer_17512,South,28-02-2018
17513,Customer_17513,East,06-05-2020
17514,Customer_17514,East,10-06-2021
17515,Customer_17515,West,08-12-2020
17516,Customer_17516,West,26-05-2023
17517,Customer_17517,South,02-05-2022
17518,Customer_17518,East,17-06-2019
17519,Customer_17519,South,27-03-2022
17520,Customer_17520,West,16-06-2018
17521,Customer_17521,North,13-01-2020
17522,Customer_17522,North,15-05-2020
17523,Customer_17523,East,17-05-2019
17524,Customer_17524,South,30-01-2020
17525,Customer_17525,North,10-08-2018
17526,Customer_17526,West,15-03-2020
17527,Customer_17527,North,14-07-2019
17528,Customer_17528,North,12-04-2021
17529,Customer_17529,East,26-04-2023
17530,Customer_17530,North,09-01-2019
17531,Customer_17531,East,15-06-2023
17532,Customer_17532,North,25-12-2022
17533,Customer_17533,North,13-08-2019
17534,Customer_17534,North,23-12-2019
17535,Customer_17535,South,12-08-2020
17536,Customer_17536,North,27-02-2018
17537,Customer_17537,South,07-06-2021
17538,Customer_17538,North,15-03-2021
17539,Customer_17539,North,17-12-2018
17540,Customer_17540,North,29-05-2022
17541,Customer_17541,West,14-12-2021
17542,Customer_17542,North,12-05-2022
17543,Customer_17543,East,06-10-2022
17544,Customer_17544,North,17-05-2018
17545,Customer_17545,North,18-07-2019
17546,Customer_17546,South,23-11-2018
17547,Customer_17547,South,06-03-2018
17548,Customer_17548,North,09-04-2019
17549,Customer_17549,North,03-02-2022
17550,Customer_17550,East,02-02-2018
17551,Customer_17551,North,08-11-2021
17552,Customer_17552,North,27-09-2018
17553,Customer_17553,West,18-03-2021
17554,Customer_17554,North,02-12-2020
17555,Customer_17555,North,01-03-2019
17556,Customer_17556,West,29-06-2018
17557,Customer_17557,West,27-10-2018
17558,Customer_17558,South,29-03-2018
17559,Customer_17559,North,19-08-2018
17560,Customer_17560,South,04-11-2022
17561,Customer_17561,West,10-01-2023
17562,Customer_17562,South,22-04-2022
17563,Customer_17563,West,01-04-2021
17564,Customer_17564,South,15-04-2022
17565,Customer_17565,East,01-06-2018
17566,Customer_17566,North,28-11-2022
17567,Customer_17567,North,19-06-2019
17568,Customer_17568,North,02-11-2020
17569,Customer_17569,South,06-02-2022
17570,Customer_17570,West,05-09-2022
17571,Customer_17571,North,16-12-2022
17572,Customer_17572,South,23-01-2021
17573,Customer_17573,West,05-01-2019
17574,Customer_17574,West,28-06-2021
17575,Customer_17575,North,28-05-2023
17576,Customer_17576,West,16-12-2022
17577,Customer_17577,North,24-05-2018
17578,Customer_17578,South,25-10-2022
17579,Customer_17579,East,08-10-2022
17580,Customer_17580,South,01-03-2021
17581,Customer_17581,South,20-06-2020
17582,Customer_17582,West,11-09-2021
17583,Customer_17583,South,12-10-2022
17584,Customer_17584,West,08-02-2023
17585,Customer_17585,West,03-03-2021
17586,Customer_17586,East,05-01-2023
17587,Customer_17587,North,25-10-2019
17588,Customer_17588,North,28-03-2018
17589,Customer_17589,West,04-11-2021
17590,Customer_17590,North,25-12-2018
17591,Customer_17591,West,23-05-2018
17592,Customer_17592,South,14-05-2022
17593,Customer_17593,South,16-04-2020
17594,Customer_17594,North,09-05-2020
17595,Customer_17595,South,06-02-2022
17596,Customer_17596,North,09-06-2018
17597,Customer_17597,East,07-03-2022
17598,Customer_17598,South,18-09-2020
17599,Customer_17599,South,24-05-2019
17600,Customer_17600,West,22-01-2023
17601,Customer_17601,North,13-08-2021
17602,Customer_17602,North,22-08-2020
17603,Customer_17603,East,17-03-2023
17604,Customer_17604,South,16-12-2022
17605,Customer_17605,South,08-12-2018
17606,Customer_17606,East,16-11-2019
17607,Customer_17607,North,11-07-2021
17608,Customer_17608,South,26-05-2021
17609,Customer_17609,South,15-04-2020
17610,Customer_17610,West,24-05-2019
17611,Customer_17611,North,31-03-2018
17612,Customer_17612,North,23-01-2023
17613,Customer_17613,West,24-08-2021
17614,Customer_17614,East,30-05-2021
17615,Customer_17615,East,28-03-2018
17616,Customer_17616,North,18-07-2019
17617,Customer_17617,South,29-12-2019
17618,Customer_17618,North,08-06-2018
17619,Customer_17619,East,19-11-2020
17620,Customer_17620,South,07-02-2022
17621,Customer_17621,West,28-07-2021
17622,Customer_17622,East,27-02-2021
17623,Customer_17623,North,21-05-2020
17624,Customer_17624,West,28-10-2019
17625,Customer_17625,West,08-10-2021
17626,Customer_17626,South,01-11-2020
17627,Customer_17627,East,26-11-2018
17628,Customer_17628,South,04-03-2023
17629,Customer_17629,East,06-08-2022
17630,Customer_17630,East,03-08-2022
17631,Customer_17631,West,13-12-2022
17632,Customer_17632,North,27-01-2020
17633,Customer_17633,East,07-10-2021
17634,Customer_17634,South,23-06-2022
17635,Customer_17635,West,02-12-2021
17636,Customer_17636,North,06-07-2018
17637,Customer_17637,East,03-01-2019
17638,Customer_17638,West,24-07-2022
17639,Customer_17639,South,24-12-2022
17640,Customer_17640,North,25-05-2022
17641,Customer_17641,East,07-08-2020
17642,Customer_17642,East,23-08-2022
17643,Customer_17643,North,05-09-2019
17644,Customer_17644,North,16-08-2019
17645,Customer_17645,South,07-02-2018
17646,Customer_17646,South,26-05-2022
17647,Customer_17647,North,03-07-2020
17648,Customer_17648,East,07-08-2020
17649,Customer_17649,East,28-06-2022
17650,Customer_17650,West,02-09-2019
17651,Customer_17651,North,23-11-2021
17652,Customer_17652,West,05-02-2022
17653,Customer_17653,West,05-03-2020
17654,Customer_17654,South,20-01-2019
17655,Customer_17655,East,20-10-2020
17656,Customer_17656,North,20-08-2021
17657,Customer_17657,West,07-06-2018
17658,Customer_17658,West,13-07-2022
17659,Customer_17659,East,17-08-2018
17660,Customer_17660,East,26-08-2021
17661,Customer_17661,North,15-12-2020
17662,Customer_17662,North,08-07-2020
17663,Customer_17663,South,27-05-2023
17664,Customer_17664,North,22-12-2020
17665,Customer_17665,West,30-08-2021
17666,Customer_17666,West,14-12-2019
17667,Customer_17667,East,28-03-2023
17668,Customer_17668,South,29-07-2021
17669,Customer_17669,North,23-06-2022
17670,Customer_17670,East,06-09-2022
17671,Customer_17671,West,26-02-2022
17672,Customer_17672,North,27-09-2020
17673,Customer_17673,North,27-03-2023
17674,Customer_17674,South,04-07-2021
17675,Customer_17675,North,14-12-2021
17676,Customer_17676,North,09-04-2018
17677,Customer_17677,North,22-09-2020
17678,Customer_17678,North,04-05-2021
17679,Customer_17679,West,10-12-2018
17680,Customer_17680,North,26-12-2020
17681,Customer_17681,North,09-02-2023
17682,Customer_17682,West,27-09-2019
17683,Customer_17683,South,02-02-2021
17684,Customer_17684,South,26-05-2018
17685,Customer_17685,East,14-12-2018
17686,Customer_17686,West,26-07-2019
17687,Customer_17687,North,30-10-2022
17688,Customer_17688,South,18-02-2023
17689,Customer_17689,South,14-11-2020
17690,Customer_17690,North,22-09-2022
17691,Customer_17691,North,04-11-2022
17692,Customer_17692,East,05-09-2020
17693,Customer_17693,East,27-08-2021
17694,Customer_17694,South,14-06-2020
17695,Customer_17695,West,25-11-2021
17696,Customer_17696,South,20-06-2022
17697,Customer_17697,East,25-10-2018
17698,Customer_17698,West,08-07-2019
17699,Customer_17699,East,04-06-2020
17700,Customer_17700,West,11-05-2019
17701,Customer_17701,South,07-05-2022
17702,Customer_17702,East,18-06-2022
17703,Customer_17703,East,28-03-2019
17704,Customer_17704,East,15-05-2020
17705,Customer_17705,North,26-03-2019
17706,Customer_17706,West,03-08-2021
17707,Customer_17707,North,30-12-2018
17708,Customer_17708,South,28-12-2018
17709,Customer_17709,East,21-12-2021
17710,Customer_17710,South,18-09-2022
17711,Customer_17711,East,27-07-2021
17712,Customer_17712,East,02-07-2022
17713,Customer_17713,South,29-11-2020
17714,Customer_17714,West,12-12-2018
17715,Customer_17715,South,28-03-2021
17716,Customer_17716,North,11-11-2019
17717,Customer_17717,East,20-01-2018
17718,Customer_17718,East,30-07-2020
17719,Customer_17719,West,20-04-2020
17720,Customer_17720,South,27-10-2020
17721,Customer_17721,West,23-06-2021
17722,Customer_17722,East,28-04-2018
17723,Customer_17723,North,26-08-2022
17724,Customer_17724,South,15-04-2018
17725,Customer_17725,East,10-06-2023
17726,Customer_17726,South,09-04-2023
17727,Customer_17727,South,04-06-2018
17728,Customer_17728,South,08-10-2018
17729,Customer_17729,South,23-10-2020
17730,Customer_17730,East,05-03-2022
17731,Customer_17731,South,18-08-2019
17732,Customer_17732,South,09-06-2021
17733,Customer_17733,South,15-09-2022
17734,Customer_17734,South,03-09-2020
17735,Customer_17735,East,20-11-2022
17736,Customer_17736,East,14-01-2018
17737,Customer_17737,South,22-04-2020
17738,Customer_17738,North,14-12-2020
17739,Customer_17739,West,22-03-2021
17740,Customer_17740,West,02-04-2019
17741,Customer_17741,East,15-09-2021
17742,Customer_17742,West,20-10-2022
17743,Customer_17743,West,11-05-2018
17744,Customer_17744,South,15-06-2021
17745,Customer_17745,East,14-04-2022
17746,Customer_17746,South,23-01-2018
17747,Customer_17747,South,01-10-2020
17748,Customer_17748,South,19-05-2021
17749,Customer_17749,East,09-03-2022
17750,Customer_17750,West,12-12-2019
17751,Customer_17751,West,18-01-2019
17752,Customer_17752,North,10-05-2020
17753,Customer_17753,South,30-09-2021
17754,Customer_17754,West,29-03-2019
17755,Customer_17755,East,28-05-2022
17756,Customer_17756,North,05-07-2018
17757,Customer_17757,North,02-08-2019
17758,Customer_17758,North,19-07-2018
17759,Customer_17759,West,09-05-2020
17760,Customer_17760,South,10-03-2022
17761,Customer_17761,East,22-04-2022
17762,Customer_17762,East,18-03-2019
17763,Customer_17763,North,06-09-2019
17764,Customer_17764,East,01-10-2019
17765,Customer_17765,North,30-09-2019
17766,Customer_17766,North,02-07-2021
17767,Customer_17767,South,07-11-2020
17768,Customer_17768,North,07-05-2020
17769,Customer_17769,East,11-06-2018
17770,Customer_17770,West,04-07-2020
17771,Customer_17771,West,15-09-2021
17772,Customer_17772,West,31-05-2023
17773,Customer_17773,West,04-05-2023
17774,Customer_17774,North,02-07-2018
17775,Customer_17775,South,08-02-2023
17776,Customer_17776,North,21-09-2021
17777,Customer_17777,North,19-05-2018
17778,Customer_17778,West,17-10-2018
17779,Customer_17779,North,18-09-2018
17780,Customer_17780,East,13-10-2020
17781,Customer_17781,West,11-05-2022
17782,Customer_17782,South,19-05-2022
17783,Customer_17783,East,09-09-2021
17784,Customer_17784,North,27-01-2019
17785,Customer_17785,North,31-01-2021
17786,Customer_17786,East,23-03-2023
17787,Customer_17787,West,07-02-2023
17788,Customer_17788,North,28-12-2021
17789,Customer_17789,East,28-02-2022
17790,Customer_17790,West,28-02-2020
17791,Customer_17791,East,22-05-2020
17792,Customer_17792,East,19-05-2022
17793,Customer_17793,South,01-12-2018
17794,Customer_17794,East,18-05-2022
17795,Customer_17795,North,09-06-2023
17796,Customer_17796,South,06-04-2018
17797,Customer_17797,North,20-10-2020
17798,Customer_17798,South,07-08-2021
17799,Customer_17799,North,25-06-2020
17800,Customer_17800,North,21-12-2019
17801,Customer_17801,South,17-08-2019
17802,Customer_17802,North,28-05-2021
17803,Customer_17803,North,01-06-2021
17804,Customer_17804,North,11-02-2023
17805,Customer_17805,South,10-07-2022
17806,Customer_17806,South,31-12-2020
17807,Customer_17807,West,17-05-2019
17808,Customer_17808,North,14-02-2020
17809,Customer_17809,North,01-04-2020
17810,Customer_17810,West,23-01-2021
17811,Customer_17811,South,12-04-2019
17812,Customer_17812,East,17-11-2021
17813,Customer_17813,East,17-03-2023
17814,Customer_17814,West,01-05-2018
17815,Customer_17815,North,31-07-2019
17816,Customer_17816,North,27-05-2020
17817,Customer_17817,East,22-10-2018
17818,Customer_17818,North,19-08-2021
17819,Customer_17819,North,05-01-2018
17820,Customer_17820,North,09-05-2023
17821,Customer_17821,North,10-11-2019
17822,Customer_17822,West,16-06-2020
17823,Customer_17823,West,01-10-2020
17824,Customer_17824,North,20-09-2018
17825,Customer_17825,South,15-07-2021
17826,Customer_17826,West,20-04-2020
17827,Customer_17827,East,08-01-2019
17828,Customer_17828,South,18-09-2019
17829,Customer_17829,South,03-10-2019
17830,Customer_17830,East,29-10-2018
17831,Customer_17831,North,21-09-2021
17832,Customer_17832,South,11-05-2018
17833,Customer_17833,North,03-05-2019
17834,Customer_17834,West,02-02-2018
17835,Customer_17835,North,13-06-2022
17836,Customer_17836,South,09-09-2018
17837,Customer_17837,South,31-10-2022
17838,Customer_17838,West,26-09-2021
17839,Customer_17839,North,12-06-2020
17840,Customer_17840,East,23-11-2018
17841,Customer_17841,South,11-04-2020
17842,Customer_17842,East,08-10-2021
17843,Customer_17843,East,29-03-2021
17844,Customer_17844,East,04-12-2018
17845,Customer_17845,South,10-02-2020
17846,Customer_17846,South,18-07-2020
17847,Customer_17847,East,07-10-2021
17848,Customer_17848,South,24-01-2019
17849,Customer_17849,South,30-10-2022
17850,Customer_17850,North,04-05-2018
17851,Customer_17851,East,11-08-2018
17852,Customer_17852,West,18-04-2021
17853,Customer_17853,South,09-09-2020
17854,Customer_17854,North,09-05-2019
17855,Customer_17855,North,25-11-2018
17856,Customer_17856,East,22-12-2021
17857,Customer_17857,North,16-11-2022
17858,Customer_17858,West,15-08-2021
17859,Customer_17859,East,06-08-2021
17860,Customer_17860,East,20-05-2018
17861,Customer_17861,West,25-04-2021
17862,Customer_17862,East,13-09-2018
17863,Customer_17863,South,31-12-2020
17864,Customer_17864,South,07-12-2019
17865,Customer_17865,East,29-01-2022
17866,Customer_17866,South,08-04-2019
17867,Customer_17867,East,11-11-2019
17868,Customer_17868,West,13-05-2021
17869,Customer_17869,West,08-11-2019
17870,Customer_17870,East,09-03-2018
17871,Customer_17871,East,11-11-2020
17872,Customer_17872,West,06-07-2022
17873,Customer_17873,South,29-03-2022
17874,Customer_17874,West,20-11-2021
17875,Customer_17875,North,05-05-2023
17876,Customer_17876,West,22-12-2020
17877,Customer_17877,North,05-05-2018
17878,Customer_17878,North,07-12-2020
17879,Customer_17879,East,11-09-2020
17880,Customer_17880,South,02-02-2018
17881,Customer_17881,North,21-07-2020
17882,Customer_17882,South,26-09-2018
17883,Customer_17883,East,11-08-2020
17884,Customer_17884,South,04-05-2022
17885,Customer_17885,East,26-09-2022
17886,Customer_17886,West,27-01-2021
17887,Customer_17887,West,05-11-2021
17888,Customer_17888,North,13-02-2018
17889,Customer_17889,East,07-03-2020
17890,Customer_17890,North,06-02-2021
17891,Customer_17891,West,09-06-2021
17892,Customer_17892,East,18-06-2019
17893,Customer_17893,North,19-01-2020
17894,Customer_17894,West,13-04-2021
17895,Customer_17895,South,02-05-2022
17896,Customer_17896,West,07-05-2019
17897,Customer_17897,East,21-02-2018
17898,Customer_17898,South,30-01-2022
17899,Customer_17899,South,11-04-2020
17900,Customer_17900,North,31-10-2020
17901,Customer_17901,North,30-09-2020
17902,Customer_17902,West,26-12-2018
17903,Customer_17903,North,07-02-2021
17904,Customer_17904,South,16-06-2022
17905,Customer_17905,West,17-12-2019
17906,Customer_17906,South,01-06-2022
17907,Customer_17907,South,05-12-2020
17908,Customer_17908,West,11-09-2019
17909,Customer_17909,South,03-02-2019
17910,Customer_17910,North,28-09-2022
17911,Customer_17911,North,17-02-2022
17912,Customer_17912,West,15-07-2018
17913,Customer_17913,North,31-01-2018
17914,Customer_17914,North,17-07-2018
17915,Customer_17915,North,10-08-2022
17916,Customer_17916,South,07-12-2019
17917,Customer_17917,West,16-09-2021
17918,Customer_17918,East,25-10-2022
17919,Customer_17919,West,04-08-2018
17920,Customer_17920,East,19-08-2019
17921,Customer_17921,East,12-10-2021
17922,Customer_17922,South,23-05-2018
17923,Customer_17923,North,06-06-2018
17924,Customer_17924,East,21-02-2021
17925,Customer_17925,South,05-10-2019
17926,Customer_17926,West,28-02-2019
17927,Customer_17927,West,22-10-2018
17928,Customer_17928,North,29-01-2022
17929,Customer_17929,North,06-01-2019
17930,Customer_17930,North,09-05-2018
17931,Customer_17931,North,13-03-2018
17932,Customer_17932,West,03-03-2022
17933,Customer_17933,East,23-01-2020
17934,Customer_17934,South,14-12-2018
17935,Customer_17935,West,03-05-2021
17936,Customer_17936,South,23-09-2018
17937,Customer_17937,North,26-10-2022
17938,Customer_17938,South,09-05-2023
17939,Customer_17939,East,26-12-2020
17940,Customer_17940,West,16-05-2022
17941,Customer_17941,East,09-06-2020
17942,Customer_17942,South,27-12-2019
17943,Customer_17943,West,08-12-2020
17944,Customer_17944,North,28-02-2019
17945,Customer_17945,West,04-01-2019
17946,Customer_17946,East,24-05-2019
17947,Customer_17947,South,27-06-2021
17948,Customer_17948,West,23-08-2020
17949,Customer_17949,South,29-05-2021
17950,Customer_17950,North,08-02-2019
17951,Customer_17951,South,22-06-2018
17952,Customer_17952,West,25-12-2021
17953,Customer_17953,South,28-04-2020
17954,Customer_17954,West,05-10-2019
17955,Customer_17955,North,02-05-2019
17956,Customer_17956,South,18-03-2020
17957,Customer_17957,South,15-03-2018
17958,Customer_17958,West,03-10-2022
17959,Customer_17959,West,20-01-2023
17960,Customer_17960,West,24-08-2020
17961,Customer_17961,West,01-06-2022
17962,Customer_17962,West,16-03-2018
17963,Customer_17963,East,11-04-2020
17964,Customer_17964,West,12-09-2018
17965,Customer_17965,West,21-03-2023
17966,Customer_17966,South,25-10-2021
17967,Customer_17967,West,17-04-2019
17968,Customer_17968,South,25-10-2021
17969,Customer_17969,South,26-05-2023
17970,Customer_17970,West,09-06-2019
17971,Customer_17971,East,07-01-2023
17972,Customer_17972,South,12-06-2020
17973,Customer_17973,East,30-06-2022
17974,Customer_17974,North,08-05-2019
17975,Customer_17975,East,25-03-2022
17976,Customer_17976,North,28-10-2019
17977,Customer_17977,West,14-05-2022
17978,Customer_17978,North,08-01-2020
17979,Customer_17979,South,07-01-2023
17980,Customer_17980,North,31-08-2019
17981,Customer_17981,North,05-06-2022
17982,Customer_17982,North,10-02-2019
17983,Customer_17983,North,29-11-2018
17984,Customer_17984,West,22-07-2019
17985,Customer_17985,North,01-04-2019
17986,Customer_17986,South,04-04-2020
17987,Customer_17987,East,15-10-2022
17988,Customer_17988,West,16-10-2018
17989,Customer_17989,East,17-06-2019
17990,Customer_17990,West,17-11-2020
17991,Customer_17991,North,02-12-2022
17992,Customer_17992,South,01-03-2022
17993,Customer_17993,East,27-05-2019
17994,Customer_17994,South,14-08-2021
17995,Customer_17995,North,25-05-2019
17996,Customer_17996,North,20-07-2022
17997,Customer_17997,South,13-06-2021
17998,Customer_17998,South,28-01-2023
17999,Customer_17999,West,23-12-2018
18000,Customer_18000,East,27-08-2020
18001,Customer_18001,South,03-09-2020
18002,Customer_18002,South,07-02-2020
18003,Customer_18003,West,07-05-2022
18004,Customer_18004,North,17-05-2020
18005,Customer_18005,South,07-07-2018
18006,Customer_18006,West,27-06-2022
18007,Customer_18007,South,20-04-2018
18008,Customer_18008,South,20-12-2019
18009,Customer_18009,West,05-09-2021
18010,Customer_18010,South,20-01-2023
18011,Customer_18011,North,14-04-2020
18012,Customer_18012,North,05-02-2023
18013,Customer_18013,West,02-09-2018
18014,Customer_18014,South,20-11-2019
18015,Customer_18015,North,23-07-2018
18016,Customer_18016,West,07-05-2023
18017,Customer_18017,West,25-06-2018
18018,Customer_18018,West,29-12-2020
18019,Customer_18019,East,09-03-2022
18020,Customer_18020,South,13-06-2022
18021,Customer_18021,West,15-03-2023
18022,Customer_18022,South,29-11-2018
18023,Customer_18023,West,24-12-2019
18024,Customer_18024,East,22-08-2022
18025,Customer_18025,South,11-05-2021
18026,Customer_18026,South,20-12-2020
18027,Customer_18027,South,31-07-2022
18028,Customer_18028,South,05-11-2020
18029,Customer_18029,North,12-12-2022
18030,Customer_18030,North,02-02-2018
18031,Customer_18031,South,03-08-2019
18032,Customer_18032,South,07-10-2018
18033,Customer_18033,East,29-07-2021
18034,Customer_18034,North,07-05-2023
18035,Customer_18035,South,13-09-2020
18036,Customer_18036,North,23-05-2021
18037,Customer_18037,South,22-08-2021
18038,Customer_18038,North,30-04-2019
18039,Customer_18039,North,19-06-2020
18040,Customer_18040,East,09-02-2019
18041,Customer_18041,North,10-04-2023
18042,Customer_18042,East,14-10-2018
18043,Customer_18043,South,07-04-2021
18044,Customer_18044,West,22-02-2022
18045,Customer_18045,West,21-02-2021
18046,Customer_18046,West,09-04-2022
18047,Customer_18047,East,12-05-2019
18048,Customer_18048,North,12-10-2021
18049,Customer_18049,East,25-06-2021
18050,Customer_18050,South,20-08-2022
18051,Customer_18051,East,21-04-2020
18052,Customer_18052,East,28-10-2018
18053,Customer_18053,East,29-03-2022
18054,Customer_18054,West,23-07-2021
18055,Customer_18055,East,12-12-2022
18056,Customer_18056,East,15-06-2020
18057,Customer_18057,East,01-08-2020
18058,Customer_18058,East,22-03-2023
18059,Customer_18059,North,18-02-2019
18060,Customer_18060,South,05-12-2022
18061,Customer_18061,North,18-12-2020
18062,Customer_18062,West,23-10-2021
18063,Customer_18063,South,09-07-2018
18064,Customer_18064,North,14-04-2021
18065,Customer_18065,West,30-10-2020
18066,Customer_18066,West,14-07-2018
18067,Customer_18067,East,17-08-2019
18068,Customer_18068,South,07-11-2022
18069,Customer_18069,North,09-11-2018
18070,Customer_18070,South,21-04-2019
18071,Customer_18071,South,28-07-2018
18072,Customer_18072,East,01-02-2020
18073,Customer_18073,West,29-11-2019
18074,Customer_18074,South,10-03-2023
18075,Customer_18075,West,13-06-2021
18076,Customer_18076,East,10-06-2018
18077,Customer_18077,North,23-07-2022
18078,Customer_18078,North,22-10-2022
18079,Customer_18079,East,17-03-2021
18080,Customer_18080,North,04-02-2019
18081,Customer_18081,South,03-05-2022
18082,Customer_18082,North,13-07-2018
18083,Customer_18083,South,12-08-2022
18084,Customer_18084,West,19-01-2022
18085,Customer_18085,North,05-06-2018
18086,Customer_18086,South,12-12-2022
18087,Customer_18087,West,15-01-2020
18088,Customer_18088,West,13-03-2023
18089,Customer_18089,South,07-01-2020
18090,Customer_18090,East,05-07-2020
18091,Customer_18091,East,23-11-2019
18092,Customer_18092,South,20-04-2019
18093,Customer_18093,North,21-05-2022
18094,Customer_18094,West,11-04-2023
18095,Customer_18095,South,28-02-2020
18096,Customer_18096,North,13-10-2020
18097,Customer_18097,East,20-03-2019
18098,Customer_18098,West,18-10-2021
18099,Customer_18099,South,06-10-2020
18100,Customer_18100,East,19-02-2019
18101,Customer_18101,West,22-10-2018
18102,Customer_18102,East,10-10-2018
18103,Customer_18103,East,30-11-2022
18104,Customer_18104,South,18-06-2023
18105,Customer_18105,East,28-03-2019
18106,Customer_18106,West,25-03-2023
18107,Customer_18107,West,21-01-2021
18108,Customer_18108,West,11-12-2021
18109,Customer_18109,South,24-08-2018
18110,Customer_18110,East,06-07-2021
18111,Customer_18111,South,13-06-2018
18112,Customer_18112,North,26-12-2018
18113,Customer_18113,West,19-01-2019
18114,Customer_18114,South,21-02-2018
18115,Customer_18115,South,01-02-2018
18116,Customer_18116,North,22-09-2022
18117,Customer_18117,South,04-12-2019
18118,Customer_18118,East,10-04-2018
18119,Customer_18119,South,29-04-2019
18120,Customer_18120,East,03-08-2021
18121,Customer_18121,West,07-10-2018
18122,Customer_18122,North,21-08-2019
18123,Customer_18123,North,08-03-2021
18124,Customer_18124,West,25-08-2021
18125,Customer_18125,East,21-03-2022
18126,Customer_18126,South,13-11-2019
18127,Customer_18127,West,10-06-2018
18128,Customer_18128,West,03-02-2021
18129,Customer_18129,South,04-10-2022
18130,Customer_18130,South,20-02-2019
18131,Customer_18131,East,16-12-2021
18132,Customer_18132,North,01-04-2022
18133,Customer_18133,West,22-03-2022
18134,Customer_18134,North,06-05-2018
18135,Customer_18135,East,07-02-2019
18136,Customer_18136,South,17-02-2023
18137,Customer_18137,East,11-07-2022
18138,Customer_18138,South,20-06-2019
18139,Customer_18139,North,14-10-2020
18140,Customer_18140,West,16-11-2018
18141,Customer_18141,East,17-01-2022
18142,Customer_18142,East,27-07-2022
18143,Customer_18143,East,29-12-2019
18144,Customer_18144,West,26-06-2022
18145,Customer_18145,North,15-07-2022
18146,Customer_18146,East,23-11-2020
18147,Customer_18147,West,23-10-2021
18148,Customer_18148,East,06-12-2018
18149,Customer_18149,South,24-05-2020
18150,Customer_18150,North,18-08-2019
18151,Customer_18151,East,07-04-2021
18152,Customer_18152,South,25-01-2021
18153,Customer_18153,East,15-02-2021
18154,Customer_18154,South,03-02-2020
18155,Customer_18155,South,26-01-2019
18156,Customer_18156,East,26-05-2019
18157,Customer_18157,East,28-05-2023
18158,Customer_18158,South,03-03-2019
18159,Customer_18159,West,19-09-2022
18160,Customer_18160,North,18-01-2020
18161,Customer_18161,North,09-06-2022
18162,Customer_18162,South,07-04-2019
18163,Customer_18163,East,21-03-2022
18164,Customer_18164,East,10-05-2021
18165,Customer_18165,South,13-05-2021
18166,Customer_18166,South,12-03-2018
18167,Customer_18167,West,02-10-2021
18168,Customer_18168,West,15-04-2018
18169,Customer_18169,North,11-04-2020
18170,Customer_18170,East,22-10-2018
18171,Customer_18171,East,12-07-2022
18172,Customer_18172,South,19-11-2020
18173,Customer_18173,South,10-01-2020
18174,Customer_18174,East,26-01-2018
18175,Customer_18175,South,04-10-2022
18176,Customer_18176,South,09-04-2018
18177,Customer_18177,South,07-03-2019
18178,Customer_18178,North,02-01-2018
18179,Customer_18179,East,28-05-2020
18180,Customer_18180,East,13-09-2022
18181,Customer_18181,East,15-04-2019
18182,Customer_18182,North,30-08-2022
18183,Customer_18183,South,17-03-2021
18184,Customer_18184,West,06-02-2019
18185,Customer_18185,South,12-01-2023
18186,Customer_18186,East,19-06-2018
18187,Customer_18187,North,04-05-2019
18188,Customer_18188,North,05-02-2018
18189,Customer_18189,West,21-09-2018
18190,Customer_18190,North,23-04-2020
18191,Customer_18191,North,18-04-2023
18192,Customer_18192,East,20-05-2022
18193,Customer_18193,East,11-04-2021
18194,Customer_18194,South,07-12-2021
18195,Customer_18195,South,06-05-2020
18196,Customer_18196,South,07-11-2021
18197,Customer_18197,East,10-08-2018
18198,Customer_18198,South,28-09-2021
18199,Customer_18199,West,10-04-2018
18200,Customer_18200,North,23-02-2018
18201,Customer_18201,North,20-02-2020
18202,Customer_18202,South,12-03-2022
18203,Customer_18203,East,30-06-2018
18204,Customer_18204,East,28-03-2023
18205,Customer_18205,South,03-10-2018
18206,Customer_18206,South,28-02-2019
18207,Customer_18207,East,09-05-2019
18208,Customer_18208,West,17-08-2019
18209,Customer_18209,North,08-03-2021
18210,Customer_18210,West,19-03-2018
18211,Customer_18211,West,06-04-2019
18212,Customer_18212,West,18-08-2021
18213,Customer_18213,North,19-12-2021
18214,Customer_18214,North,07-12-2020
18215,Customer_18215,South,17-02-2023
18216,Customer_18216,South,05-03-2019
18217,Customer_18217,West,26-12-2020
18218,Customer_18218,West,31-05-2021
18219,Customer_18219,South,13-05-2021
18220,Customer_18220,South,31-12-2019
18221,Customer_18221,East,19-11-2021
18222,Customer_18222,North,03-01-2018
18223,Customer_18223,North,04-09-2021
18224,Customer_18224,South,18-07-2022
18225,Customer_18225,South,24-03-2018
18226,Customer_18226,North,02-08-2021
18227,Customer_18227,North,02-12-2022
18228,Customer_18228,South,27-05-2018
18229,Customer_18229,South,27-06-2021
18230,Customer_18230,East,08-05-2021
18231,Customer_18231,South,06-06-2022
18232,Customer_18232,South,16-01-2021
18233,Customer_18233,East,30-12-2021
18234,Customer_18234,East,27-06-2021
18235,Customer_18235,South,05-06-2022
18236,Customer_18236,East,30-08-2022
18237,Customer_18237,North,15-07-2018
18238,Customer_18238,South,06-06-2022
18239,Customer_18239,South,31-01-2020
18240,Customer_18240,South,18-08-2021
18241,Customer_18241,South,19-06-2021
18242,Customer_18242,South,29-09-2021
18243,Customer_18243,South,28-12-2022
18244,Customer_18244,East,05-01-2020
18245,Customer_18245,North,10-03-2019
18246,Customer_18246,West,15-10-2022
18247,Customer_18247,North,19-03-2023
18248,Customer_18248,South,04-03-2022
18249,Customer_18249,North,04-04-2021
18250,Customer_18250,North,16-08-2020
18251,Customer_18251,North,13-03-2018
18252,Customer_18252,South,04-10-2021
18253,Customer_18253,North,26-07-2022
18254,Customer_18254,West,19-05-2022
18255,Customer_18255,West,06-05-2021
18256,Customer_18256,West,21-05-2022
18257,Customer_18257,South,30-12-2020
18258,Customer_18258,East,22-01-2020
18259,Customer_18259,East,18-02-2019
18260,Customer_18260,West,05-07-2018
18261,Customer_18261,East,20-10-2018
18262,Customer_18262,South,21-09-2021
18263,Customer_18263,East,29-03-2022
18264,Customer_18264,East,24-08-2020
18265,Customer_18265,North,19-10-2019
18266,Customer_18266,North,01-06-2020
18267,Customer_18267,East,07-02-2018
18268,Customer_18268,West,07-10-2021
18269,Customer_18269,North,14-12-2022
18270,Customer_18270,West,26-02-2019
18271,Customer_18271,East,07-11-2021
18272,Customer_18272,South,23-04-2021
18273,Customer_18273,North,19-03-2020
18274,Customer_18274,South,21-08-2019
18275,Customer_18275,West,14-02-2022
18276,Customer_18276,East,30-07-2019
18277,Customer_18277,East,18-05-2018
18278,Customer_18278,North,12-07-2020
18279,Customer_18279,North,25-07-2019
18280,Customer_18280,West,18-09-2020
18281,Customer_18281,North,21-12-2020
18282,Customer_18282,North,06-08-2018
18283,Customer_18283,South,21-10-2019
18284,Customer_18284,East,28-07-2021
18285,Customer_18285,North,17-12-2021
18286,Customer_18286,South,05-05-2022
18287,Customer_18287,East,28-03-2021
18288,Customer_18288,North,27-04-2021
18289,Customer_18289,West,26-04-2021
18290,Customer_18290,East,19-10-2018
18291,Customer_18291,West,28-04-2021
18292,Customer_18292,West,06-02-2018
18293,Customer_18293,East,13-07-2020
18294,Customer_18294,East,19-09-2022
18295,Customer_18295,West,01-09-2018
18296,Customer_18296,West,17-09-2022
18297,Customer_18297,South,22-05-2022
18298,Customer_18298,South,15-03-2018
18299,Customer_18299,North,07-02-2020
18300,Customer_18300,North,27-06-2019
18301,Customer_18301,North,21-06-2021
18302,Customer_18302,South,10-01-2019
18303,Customer_18303,North,05-11-2022
18304,Customer_18304,South,27-02-2022
18305,Customer_18305,North,01-01-2022
18306,Customer_18306,West,14-11-2018
18307,Customer_18307,South,12-10-2020
18308,Customer_18308,South,11-10-2018
18309,Customer_18309,East,25-09-2021
18310,Customer_18310,South,23-05-2019
18311,Customer_18311,North,27-11-2018
18312,Customer_18312,North,18-11-2019
18313,Customer_18313,East,19-03-2018
18314,Customer_18314,East,29-09-2021
18315,Customer_18315,North,13-07-2021
18316,Customer_18316,North,30-03-2020
18317,Customer_18317,North,30-09-2018
18318,Customer_18318,North,27-03-2022
18319,Customer_18319,North,27-12-2019
18320,Customer_18320,East,24-05-2023
18321,Customer_18321,West,26-09-2018
18322,Customer_18322,South,20-03-2023
18323,Customer_18323,East,16-01-2022
18324,Customer_18324,East,23-11-2022
18325,Customer_18325,North,23-09-2019
18326,Customer_18326,West,29-07-2020
18327,Customer_18327,East,20-04-2022
18328,Customer_18328,East,19-05-2018
18329,Customer_18329,East,10-11-2021
18330,Customer_18330,West,05-10-2022
18331,Customer_18331,South,02-03-2023
18332,Customer_18332,North,03-02-2021
18333,Customer_18333,West,28-03-2022
18334,Customer_18334,East,24-10-2021
18335,Customer_18335,East,07-10-2022
18336,Customer_18336,North,28-11-2019
18337,Customer_18337,West,30-04-2023
18338,Customer_18338,West,30-03-2020
18339,Customer_18339,North,13-08-2021
18340,Customer_18340,South,23-12-2018
18341,Customer_18341,West,23-06-2021
18342,Customer_18342,North,17-09-2020
18343,Customer_18343,North,25-09-2021
18344,Customer_18344,East,27-02-2022
18345,Customer_18345,North,20-11-2022
18346,Customer_18346,South,21-08-2022
18347,Customer_18347,South,13-04-2019
18348,Customer_18348,East,24-11-2022
18349,Customer_18349,South,30-03-2023
18350,Customer_18350,South,26-07-2018
18351,Customer_18351,East,29-09-2021
18352,Customer_18352,West,20-10-2022
18353,Customer_18353,North,07-03-2022
18354,Customer_18354,North,24-11-2018
18355,Customer_18355,South,17-09-2021
18356,Customer_18356,East,04-12-2019
18357,Customer_18357,East,14-04-2020
18358,Customer_18358,North,15-03-2023
18359,Customer_18359,East,24-02-2018
18360,Customer_18360,South,16-06-2018
18361,Customer_18361,South,19-01-2020
18362,Customer_18362,West,10-01-2021
18363,Customer_18363,North,26-06-2019
18364,Customer_18364,West,01-11-2018
18365,Customer_18365,South,01-10-2022
18366,Customer_18366,West,19-03-2019
18367,Customer_18367,West,23-12-2018
18368,Customer_18368,North,25-10-2020
18369,Customer_18369,East,21-04-2020
18370,Customer_18370,South,15-01-2020
18371,Customer_18371,South,07-04-2022
18372,Customer_18372,North,10-01-2020
18373,Customer_18373,East,17-04-2021
18374,Customer_18374,East,02-03-2022
18375,Customer_18375,West,30-10-2019
18376,Customer_18376,West,24-11-2018
18377,Customer_18377,South,20-12-2019
18378,Customer_18378,South,01-06-2018
18379,Customer_18379,East,20-09-2020
18380,Customer_18380,West,07-09-2022
18381,Customer_18381,North,05-06-2023
18382,Customer_18382,North,22-08-2019
18383,Customer_18383,South,04-11-2021
18384,Customer_18384,West,17-02-2023
18385,Customer_18385,North,06-02-2018
18386,Customer_18386,East,15-01-2019
18387,Customer_18387,East,09-01-2019
18388,Customer_18388,South,27-07-2020
18389,Customer_18389,North,28-12-2019
18390,Customer_18390,East,14-09-2018
18391,Customer_18391,West,29-04-2023
18392,Customer_18392,East,05-06-2019
18393,Customer_18393,South,22-12-2019
18394,Customer_18394,North,14-11-2020
18395,Customer_18395,West,25-12-2022
18396,Customer_18396,West,03-05-2019
18397,Customer_18397,North,30-09-2020
18398,Customer_18398,East,29-11-2019
18399,Customer_18399,East,30-05-2022
18400,Customer_18400,North,13-08-2020
18401,Customer_18401,West,05-07-2019
18402,Customer_18402,East,10-09-2022
18403,Customer_18403,South,16-12-2022
18404,Customer_18404,West,13-07-2018
18405,Customer_18405,West,13-04-2020
18406,Customer_18406,South,02-07-2022
18407,Customer_18407,North,03-06-2018
18408,Customer_18408,South,27-07-2018
18409,Customer_18409,North,04-05-2019
18410,Customer_18410,West,08-10-2020
18411,Customer_18411,East,19-01-2018
18412,Customer_18412,North,16-07-2021
18413,Customer_18413,South,21-04-2019
18414,Customer_18414,North,10-06-2022
18415,Customer_18415,North,06-02-2022
18416,Customer_18416,West,04-01-2023
18417,Customer_18417,North,29-01-2021
18418,Customer_18418,East,25-03-2021
18419,Customer_18419,West,23-02-2020
18420,Customer_18420,East,09-11-2022
18421,Customer_18421,East,06-03-2019
18422,Customer_18422,North,01-02-2018
18423,Customer_18423,South,07-06-2023
18424,Customer_18424,East,20-08-2022
18425,Customer_18425,South,04-01-2022
18426,Customer_18426,West,03-12-2020
18427,Customer_18427,East,20-03-2018
18428,Customer_18428,East,12-06-2021
18429,Customer_18429,South,05-11-2021
18430,Customer_18430,West,07-05-2023
18431,Customer_18431,South,08-08-2021
18432,Customer_18432,East,18-09-2021
18433,Customer_18433,South,23-04-2022
18434,Customer_18434,North,20-04-2023
18435,Customer_18435,West,26-02-2023
18436,Customer_18436,East,28-08-2019
18437,Customer_18437,East,25-01-2021
18438,Customer_18438,North,26-06-2018
18439,Customer_18439,West,24-12-2021
18440,Customer_18440,West,09-10-2019
18441,Customer_18441,North,30-12-2022
18442,Customer_18442,East,24-11-2020
18443,Customer_18443,North,22-11-2020
18444,Customer_18444,East,25-07-2019
18445,Customer_18445,East,27-04-2018
18446,Customer_18446,East,03-08-2018
18447,Customer_18447,West,20-07-2020
18448,Customer_18448,South,01-12-2018
18449,Customer_18449,West,01-05-2021
18450,Customer_18450,East,14-07-2022
18451,Customer_18451,South,15-08-2022
18452,Customer_18452,West,06-10-2020
18453,Customer_18453,West,30-08-2020
18454,Customer_18454,West,24-08-2021
18455,Customer_18455,North,10-02-2021
18456,Customer_18456,South,23-03-2018
18457,Customer_18457,North,09-10-2018
18458,Customer_18458,East,23-01-2018
18459,Customer_18459,West,19-04-2020
18460,Customer_18460,West,12-03-2019
18461,Customer_18461,North,26-12-2019
18462,Customer_18462,West,02-02-2023
18463,Customer_18463,South,11-10-2020
18464,Customer_18464,North,11-06-2021
18465,Customer_18465,South,07-02-2023
18466,Customer_18466,West,05-02-2020
18467,Customer_18467,North,10-06-2019
18468,Customer_18468,North,09-04-2019
18469,Customer_18469,South,13-02-2020
18470,Customer_18470,North,10-09-2018
18471,Customer_18471,East,28-10-2019
18472,Customer_18472,North,09-05-2022
18473,Customer_18473,East,26-07-2019
18474,Customer_18474,West,04-01-2022
18475,Customer_18475,North,20-04-2022
18476,Customer_18476,East,23-11-2021
18477,Customer_18477,West,06-08-2022
18478,Customer_18478,North,19-12-2018
18479,Customer_18479,South,27-08-2020
18480,Customer_18480,West,22-11-2019
18481,Customer_18481,North,01-04-2020
18482,Customer_18482,South,06-06-2018
18483,Customer_18483,North,11-05-2019
18484,Customer_18484,North,02-06-2019
18485,Customer_18485,South,17-07-2020
18486,Customer_18486,South,17-01-2018
18487,Customer_18487,West,13-12-2021
18488,Customer_18488,North,06-04-2020
18489,Customer_18489,East,09-06-2018
18490,Customer_18490,North,12-01-2023
18491,Customer_18491,North,14-03-2018
18492,Customer_18492,South,13-05-2022
18493,Customer_18493,North,11-12-2019
18494,Customer_18494,East,01-04-2022
18495,Customer_18495,West,04-12-2021
18496,Customer_18496,West,15-11-2021
18497,Customer_18497,North,01-03-2020
18498,Customer_18498,South,30-11-2018
18499,Customer_18499,East,22-12-2018
18500,Customer_18500,North,18-03-2020
18501,Customer_18501,West,09-11-2021
18502,Customer_18502,West,19-12-2022
18503,Customer_18503,North,09-02-2019
18504,Customer_18504,East,25-11-2022
18505,Customer_18505,East,14-05-2019
18506,Customer_18506,West,25-03-2021
18507,Customer_18507,West,15-06-2020
18508,Customer_18508,West,22-01-2020
18509,Customer_18509,South,15-08-2022
18510,Customer_18510,East,13-03-2019
18511,Customer_18511,West,17-06-2023
18512,Customer_18512,East,05-07-2020
18513,Customer_18513,South,26-12-2021
18514,Customer_18514,West,15-07-2019
18515,Customer_18515,South,20-02-2018
18516,Customer_18516,South,15-03-2022
18517,Customer_18517,North,13-11-2018
18518,Customer_18518,North,26-06-2022
18519,Customer_18519,South,18-08-2021
18520,Customer_18520,South,07-09-2018
18521,Customer_18521,North,12-12-2022
18522,Customer_18522,West,09-06-2020
18523,Customer_18523,East,28-01-2019
18524,Customer_18524,South,13-10-2021
18525,Customer_18525,East,02-12-2019
18526,Customer_18526,North,04-10-2020
18527,Customer_18527,East,25-05-2023
18528,Customer_18528,West,18-01-2019
18529,Customer_18529,East,08-02-2021
18530,Customer_18530,East,06-09-2018
18531,Customer_18531,East,15-09-2022
18532,Customer_18532,East,15-08-2022
18533,Customer_18533,East,07-12-2018
18534,Customer_18534,North,22-09-2018
18535,Customer_18535,South,08-11-2021
18536,Customer_18536,East,26-03-2020
18537,Customer_18537,West,29-11-2021
18538,Customer_18538,North,22-05-2019
18539,Customer_18539,North,22-12-2019
18540,Customer_18540,West,15-04-2023
18541,Customer_18541,North,28-02-2022
18542,Customer_18542,North,18-08-2021
18543,Customer_18543,South,09-12-2019
18544,Customer_18544,South,27-01-2022
18545,Customer_18545,East,27-04-2020
18546,Customer_18546,South,08-06-2021
18547,Customer_18547,South,17-04-2022
18548,Customer_18548,South,28-06-2020
18549,Customer_18549,South,19-09-2020
18550,Customer_18550,West,20-11-2020
18551,Customer_18551,West,28-11-2019
18552,Customer_18552,East,26-11-2019
18553,Customer_18553,East,30-08-2021
18554,Customer_18554,East,28-07-2019
18555,Customer_18555,East,02-02-2022
18556,Customer_18556,West,14-09-2020
18557,Customer_18557,South,16-07-2019
18558,Customer_18558,South,09-08-2022
18559,Customer_18559,South,14-10-2019
18560,Customer_18560,South,14-04-2018
18561,Customer_18561,South,29-04-2018
18562,Customer_18562,East,22-02-2023
18563,Customer_18563,West,14-05-2018
18564,Customer_18564,South,11-11-2022
18565,Customer_18565,East,27-07-2018
18566,Customer_18566,East,11-06-2020
18567,Customer_18567,South,16-02-2022
18568,Customer_18568,North,01-02-2023
18569,Customer_18569,West,21-11-2020
18570,Customer_18570,South,08-08-2021
18571,Customer_18571,East,23-08-2020
18572,Customer_18572,West,26-04-2021
18573,Customer_18573,South,08-11-2021
18574,Customer_18574,East,08-09-2022
18575,Customer_18575,North,07-02-2023
18576,Customer_18576,North,24-05-2022
18577,Customer_18577,South,20-01-2020
18578,Customer_18578,South,29-06-2021
18579,Customer_18579,East,08-12-2022
18580,Customer_18580,South,10-11-2018
18581,Customer_18581,South,06-08-2018
18582,Customer_18582,West,02-05-2022
18583,Customer_18583,South,21-11-2018
18584,Customer_18584,West,29-08-2021
18585,Customer_18585,West,23-01-2023
18586,Customer_18586,North,21-04-2018
18587,Customer_18587,North,07-01-2021
18588,Customer_18588,West,27-11-2019
18589,Customer_18589,West,07-03-2020
18590,Customer_18590,North,18-04-2020
18591,Customer_18591,South,06-10-2018
18592,Customer_18592,North,06-12-2020
18593,Customer_18593,North,28-07-2019
18594,Customer_18594,North,08-03-2022
18595,Customer_18595,East,14-01-2018
18596,Customer_18596,West,22-05-2023
18597,Customer_18597,South,28-03-2023
18598,Customer_18598,South,13-09-2019
18599,Customer_18599,North,20-01-2023
18600,Customer_18600,South,26-11-2022
18601,Customer_18601,East,03-11-2022
18602,Customer_18602,North,28-01-2021
18603,Customer_18603,North,17-07-2019
18604,Customer_18604,West,30-01-2021
18605,Customer_18605,South,17-05-2018
18606,Customer_18606,South,23-12-2022
18607,Customer_18607,North,14-10-2019
18608,Customer_18608,East,15-09-2022
18609,Customer_18609,South,28-12-2020
18610,Customer_18610,East,20-10-2019
18611,Customer_18611,East,22-08-2018
18612,Customer_18612,North,30-07-2018
18613,Customer_18613,South,20-05-2020
18614,Customer_18614,South,06-10-2019
18615,Customer_18615,West,07-02-2020
18616,Customer_18616,South,30-09-2020
18617,Customer_18617,East,25-01-2021
18618,Customer_18618,South,02-06-2020
18619,Customer_18619,South,20-10-2021
18620,Customer_18620,East,09-05-2018
18621,Customer_18621,South,22-03-2019
18622,Customer_18622,South,08-04-2020
18623,Customer_18623,West,20-09-2019
18624,Customer_18624,South,13-12-2022
18625,Customer_18625,East,26-05-2019
18626,Customer_18626,North,24-08-2019
18627,Customer_18627,South,23-06-2021
18628,Customer_18628,West,15-01-2022
18629,Customer_18629,West,30-01-2019
18630,Customer_18630,North,08-08-2020
18631,Customer_18631,East,14-10-2020
18632,Customer_18632,West,14-08-2019
18633,Customer_18633,North,29-12-2019
18634,Customer_18634,South,10-01-2023
18635,Customer_18635,West,19-04-2023
18636,Customer_18636,West,28-12-2020
18637,Customer_18637,South,13-02-2019
18638,Customer_18638,South,07-01-2020
18639,Customer_18639,West,30-03-2022
18640,Customer_18640,East,15-03-2020
18641,Customer_18641,West,17-07-2021
18642,Customer_18642,North,08-08-2022
18643,Customer_18643,West,17-10-2020
18644,Customer_18644,East,09-04-2022
18645,Customer_18645,North,15-05-2019
18646,Customer_18646,South,25-03-2022
18647,Customer_18647,North,01-07-2022
18648,Customer_18648,South,02-03-2018
18649,Customer_18649,East,26-06-2019
18650,Customer_18650,North,21-03-2019
18651,Customer_18651,South,08-01-2021
18652,Customer_18652,West,02-04-2021
18653,Customer_18653,South,04-05-2022
18654,Customer_18654,West,19-12-2020
18655,Customer_18655,North,03-02-2021
18656,Customer_18656,East,23-09-2018
18657,Customer_18657,East,21-04-2021
18658,Customer_18658,South,13-02-2021
18659,Customer_18659,South,15-11-2022
18660,Customer_18660,South,17-02-2019
18661,Customer_18661,North,10-04-2018
18662,Customer_18662,West,14-11-2019
18663,Customer_18663,West,03-04-2018
18664,Customer_18664,South,17-01-2022
18665,Customer_18665,West,02-01-2022
18666,Customer_18666,South,03-03-2018
18667,Customer_18667,East,08-04-2020
18668,Customer_18668,West,22-03-2022
18669,Customer_18669,West,19-09-2019
18670,Customer_18670,West,19-11-2022
18671,Customer_18671,North,27-11-2021
18672,Customer_18672,South,14-09-2021
18673,Customer_18673,West,18-10-2022
18674,Customer_18674,North,28-08-2018
18675,Customer_18675,West,25-05-2020
18676,Customer_18676,South,21-02-2021
18677,Customer_18677,East,05-04-2022
18678,Customer_18678,South,01-01-2023
18679,Customer_18679,West,17-12-2018
18680,Customer_18680,South,20-05-2018
18681,Customer_18681,South,02-09-2020
18682,Customer_18682,South,29-11-2022
18683,Customer_18683,North,13-06-2019
18684,Customer_18684,East,28-05-2021
18685,Customer_18685,East,07-11-2019
18686,Customer_18686,East,19-05-2020
18687,Customer_18687,North,29-11-2018
18688,Customer_18688,South,24-02-2023
18689,Customer_18689,South,02-07-2021
18690,Customer_18690,West,24-05-2020
18691,Customer_18691,East,19-01-2021
18692,Customer_18692,South,27-03-2021
18693,Customer_18693,West,15-08-2022
18694,Customer_18694,South,18-05-2023
18695,Customer_18695,South,25-11-2018
18696,Customer_18696,South,08-04-2018
18697,Customer_18697,North,24-04-2022
18698,Customer_18698,West,29-01-2021
18699,Customer_18699,North,27-05-2019
18700,Customer_18700,South,30-10-2018
18701,Customer_18701,East,27-09-2022
18702,Customer_18702,West,14-11-2020
18703,Customer_18703,North,05-06-2020
18704,Customer_18704,East,28-08-2018
18705,Customer_18705,South,11-12-2021
18706,Customer_18706,South,26-01-2022
18707,Customer_18707,North,10-04-2022
18708,Customer_18708,South,04-04-2019
18709,Customer_18709,East,16-04-2018
18710,Customer_18710,North,15-05-2023
18711,Customer_18711,East,11-02-2018
18712,Customer_18712,North,05-11-2020
18713,Customer_18713,North,10-08-2021
18714,Customer_18714,East,07-07-2019
18715,Customer_18715,South,06-07-2019
18716,Customer_18716,East,24-05-2018
18717,Customer_18717,South,01-06-2020
18718,Customer_18718,South,06-02-2021
18719,Customer_18719,North,15-02-2019
18720,Customer_18720,West,11-07-2018
18721,Customer_18721,South,26-12-2020
18722,Customer_18722,West,03-04-2020
18723,Customer_18723,South,23-09-2020
18724,Customer_18724,South,13-03-2018
18725,Customer_18725,North,13-01-2018
18726,Customer_18726,West,02-09-2019
18727,Customer_18727,South,26-04-2020
18728,Customer_18728,North,21-03-2021
18729,Customer_18729,West,18-05-2023
18730,Customer_18730,South,23-02-2023
18731,Customer_18731,West,17-03-2020
18732,Customer_18732,South,17-03-2020
18733,Customer_18733,South,27-09-2019
18734,Customer_18734,West,13-08-2020
18735,Customer_18735,East,10-06-2022
18736,Customer_18736,West,01-12-2021
18737,Customer_18737,South,23-09-2022
18738,Customer_18738,East,14-05-2018
18739,Customer_18739,North,03-01-2019
18740,Customer_18740,West,23-09-2022
18741,Customer_18741,East,06-02-2018
18742,Customer_18742,West,13-05-2021
18743,Customer_18743,North,07-02-2022
18744,Customer_18744,North,12-03-2021
18745,Customer_18745,North,06-12-2022
18746,Customer_18746,North,03-08-2018
18747,Customer_18747,West,28-12-2019
18748,Customer_18748,South,01-10-2019
18749,Customer_18749,South,19-12-2020
18750,Customer_18750,South,24-01-2021
18751,Customer_18751,South,10-12-2019
18752,Customer_18752,North,01-10-2022
18753,Customer_18753,East,10-08-2020
18754,Customer_18754,North,05-04-2020
18755,Customer_18755,North,17-09-2020
18756,Customer_18756,North,25-02-2023
18757,Customer_18757,East,20-08-2021
18758,Customer_18758,East,11-07-2020
18759,Customer_18759,West,06-11-2020
18760,Customer_18760,West,17-03-2021
18761,Customer_18761,West,30-01-2018
18762,Customer_18762,West,20-03-2023
18763,Customer_18763,South,21-03-2022
18764,Customer_18764,North,17-03-2018
18765,Customer_18765,South,18-07-2019
18766,Customer_18766,West,09-03-2018
18767,Customer_18767,East,03-02-2018
18768,Customer_18768,West,18-03-2022
18769,Customer_18769,East,21-06-2021
18770,Customer_18770,East,09-03-2018
18771,Customer_18771,North,09-11-2022
18772,Customer_18772,South,21-01-2019
18773,Customer_18773,West,30-04-2020
18774,Customer_18774,South,16-02-2020
18775,Customer_18775,South,25-03-2021
18776,Customer_18776,East,30-01-2018
18777,Customer_18777,North,07-07-2022
18778,Customer_18778,West,22-07-2022
18779,Customer_18779,West,27-03-2020
18780,Customer_18780,North,11-11-2021
18781,Customer_18781,South,27-01-2022
18782,Customer_18782,North,24-07-2020
18783,Customer_18783,North,05-09-2020
18784,Customer_18784,North,22-11-2021
18785,Customer_18785,South,08-03-2019
18786,Customer_18786,West,07-06-2023
18787,Customer_18787,North,16-12-2019
18788,Customer_18788,South,17-07-2018
18789,Customer_18789,North,02-12-2020
18790,Customer_18790,West,07-09-2021
18791,Customer_18791,North,01-05-2020
18792,Customer_18792,East,22-10-2020
18793,Customer_18793,South,20-09-2020
18794,Customer_18794,West,18-06-2022
18795,Customer_18795,West,28-08-2018
18796,Customer_18796,North,06-04-2023
18797,Customer_18797,North,07-11-2022
18798,Customer_18798,North,15-06-2019
18799,Customer_18799,West,24-06-2022
18800,Customer_18800,East,23-11-2018
18801,Customer_18801,South,10-10-2021
18802,Customer_18802,South,20-07-2019
18803,Customer_18803,West,04-09-2019
18804,Customer_18804,East,12-06-2019
18805,Customer_18805,South,24-09-2020
18806,Customer_18806,South,08-06-2023
18807,Customer_18807,North,16-02-2021
18808,Customer_18808,South,16-06-2022
18809,Customer_18809,East,09-03-2022
18810,Customer_18810,South,09-11-2022
18811,Customer_18811,East,16-07-2022
18812,Customer_18812,East,23-03-2021
18813,Customer_18813,East,02-02-2019
18814,Customer_18814,East,10-10-2019
18815,Customer_18815,East,06-12-2019
18816,Customer_18816,East,30-03-2021
18817,Customer_18817,West,10-07-2020
18818,Customer_18818,North,09-05-2020
18819,Customer_18819,South,22-09-2018
18820,Customer_18820,East,02-02-2021
18821,Customer_18821,South,11-02-2023
18822,Customer_18822,West,24-05-2019
18823,Customer_18823,West,01-02-2023
18824,Customer_18824,West,25-08-2022
18825,Customer_18825,South,13-04-2022
18826,Customer_18826,South,20-04-2019
18827,Customer_18827,South,31-12-2019
18828,Customer_18828,East,26-05-2019
18829,Customer_18829,North,01-03-2021
18830,Customer_18830,East,28-05-2018
18831,Customer_18831,North,10-01-2023
18832,Customer_18832,South,27-05-2023
18833,Customer_18833,East,16-09-2021
18834,Customer_18834,West,20-03-2022
18835,Customer_18835,South,23-01-2019
18836,Customer_18836,North,24-12-2019
18837,Customer_18837,East,01-11-2019
18838,Customer_18838,North,21-12-2020
18839,Customer_18839,East,26-09-2020
18840,Customer_18840,South,11-01-2020
18841,Customer_18841,North,20-06-2021
18842,Customer_18842,North,03-09-2019
18843,Customer_18843,South,25-04-2018
18844,Customer_18844,South,07-06-2021
18845,Customer_18845,North,02-11-2019
18846,Customer_18846,North,25-02-2019
18847,Customer_18847,North,29-07-2019
18848,Customer_18848,East,19-02-2022
18849,Customer_18849,East,28-08-2022
18850,Customer_18850,East,17-02-2020
18851,Customer_18851,West,06-12-2020
18852,Customer_18852,East,29-08-2021
18853,Customer_18853,West,27-06-2022
18854,Customer_18854,West,07-09-2020
18855,Customer_18855,West,13-01-2022
18856,Customer_18856,East,20-11-2020
18857,Customer_18857,South,29-05-2018
18858,Customer_18858,East,17-09-2020
18859,Customer_18859,South,04-02-2018
18860,Customer_18860,South,17-02-2021
18861,Customer_18861,North,14-10-2022
18862,Customer_18862,North,27-05-2020
18863,Customer_18863,West,12-07-2022
18864,Customer_18864,East,29-11-2020
18865,Customer_18865,West,04-12-2022
18866,Customer_18866,South,03-09-2019
18867,Customer_18867,North,08-10-2018
18868,Customer_18868,North,28-10-2018
18869,Customer_18869,South,09-03-2018
18870,Customer_18870,South,27-06-2019
18871,Customer_18871,West,21-08-2018
18872,Customer_18872,South,12-08-2021
18873,Customer_18873,South,02-05-2023
18874,Customer_18874,South,08-11-2021
18875,Customer_18875,South,09-01-2021
18876,Customer_18876,South,21-04-2021
18877,Customer_18877,West,24-01-2023
18878,Customer_18878,East,27-07-2020
18879,Customer_18879,South,22-08-2018
18880,Customer_18880,East,24-02-2023
18881,Customer_18881,East,20-05-2020
18882,Customer_18882,West,07-02-2022
18883,Customer_18883,East,13-02-2018
18884,Customer_18884,East,20-02-2022
18885,Customer_18885,West,23-11-2018
18886,Customer_18886,East,18-12-2020
18887,Customer_18887,North,14-10-2022
18888,Customer_18888,West,12-01-2020
18889,Customer_18889,West,18-02-2021
18890,Customer_18890,East,15-07-2020
18891,Customer_18891,North,02-07-2018
18892,Customer_18892,East,08-08-2021
18893,Customer_18893,West,15-04-2019
18894,Customer_18894,West,25-02-2018
18895,Customer_18895,East,25-03-2019
18896,Customer_18896,South,29-01-2020
18897,Customer_18897,North,31-12-2018
18898,Customer_18898,North,23-01-2019
18899,Customer_18899,East,20-07-2019
18900,Customer_18900,West,23-10-2022
18901,Customer_18901,West,29-05-2021
18902,Customer_18902,West,14-03-2022
18903,Customer_18903,South,17-09-2018
18904,Customer_18904,West,27-06-2020
18905,Customer_18905,North,11-10-2022
18906,Customer_18906,North,13-09-2019
18907,Customer_18907,West,19-12-2020
18908,Customer_18908,West,24-01-2021
18909,Customer_18909,East,15-11-2019
18910,Customer_18910,East,16-06-2022
18911,Customer_18911,North,02-09-2019
18912,Customer_18912,North,01-01-2022
18913,Customer_18913,North,07-02-2021
18914,Customer_18914,North,24-10-2021
18915,Customer_18915,South,22-05-2019
18916,Customer_18916,South,10-06-2019
18917,Customer_18917,West,14-05-2018
18918,Customer_18918,South,20-03-2018
18919,Customer_18919,East,16-10-2021
18920,Customer_18920,East,31-05-2018
18921,Customer_18921,North,29-12-2021
18922,Customer_18922,South,17-08-2020
18923,Customer_18923,West,12-01-2022
18924,Customer_18924,West,17-12-2022
18925,Customer_18925,East,16-09-2018
18926,Customer_18926,North,22-10-2018
18927,Customer_18927,North,14-06-2023
18928,Customer_18928,East,14-09-2021
18929,Customer_18929,North,16-08-2018
18930,Customer_18930,North,18-02-2018
18931,Customer_18931,West,27-01-2021
18932,Customer_18932,North,12-06-2021
18933,Customer_18933,North,29-05-2023
18934,Customer_18934,West,30-09-2022
18935,Customer_18935,North,09-10-2018
18936,Customer_18936,West,11-08-2018
18937,Customer_18937,South,19-01-2021
18938,Customer_18938,South,13-09-2020
18939,Customer_18939,East,23-06-2021
18940,Customer_18940,East,19-04-2022
18941,Customer_18941,West,17-10-2018
18942,Customer_18942,East,24-10-2020
18943,Customer_18943,South,01-08-2020
18944,Customer_18944,North,04-12-2022
18945,Customer_18945,South,26-10-2021
18946,Customer_18946,South,11-09-2020
18947,Customer_18947,East,17-01-2019
18948,Customer_18948,West,14-02-2020
18949,Customer_18949,South,19-02-2020
18950,Customer_18950,North,22-11-2022
18951,Customer_18951,North,11-10-2018
18952,Customer_18952,North,29-05-2018
18953,Customer_18953,North,25-05-2019
18954,Customer_18954,East,05-11-2019
18955,Customer_18955,North,10-04-2023
18956,Customer_18956,West,13-06-2023
18957,Customer_18957,South,16-12-2018
18958,Customer_18958,South,19-10-2022
18959,Customer_18959,East,08-06-2023
18960,Customer_18960,North,01-06-2021
18961,Customer_18961,North,13-09-2019
18962,Customer_18962,East,06-05-2018
18963,Customer_18963,East,22-09-2019
18964,Customer_18964,South,11-04-2023
18965,Customer_18965,West,05-08-2018
18966,Customer_18966,North,07-08-2019
18967,Customer_18967,East,23-11-2020
18968,Customer_18968,East,31-05-2021
18969,Customer_18969,East,06-11-2022
18970,Customer_18970,South,21-04-2022
18971,Customer_18971,South,24-02-2023
18972,Customer_18972,South,17-03-2019
18973,Customer_18973,East,15-03-2021
18974,Customer_18974,South,27-10-2022
18975,Customer_18975,East,29-04-2019
18976,Customer_18976,West,18-03-2023
18977,Customer_18977,South,23-07-2021
18978,Customer_18978,North,19-02-2021
18979,Customer_18979,North,31-01-2023
18980,Customer_18980,West,05-09-2022
18981,Customer_18981,South,13-01-2023
18982,Customer_18982,South,27-12-2020
18983,Customer_18983,West,06-12-2022
18984,Customer_18984,South,07-07-2018
18985,Customer_18985,East,06-02-2021
18986,Customer_18986,West,02-09-2018
18987,Customer_18987,South,05-07-2019
18988,Customer_18988,West,19-07-2022
18989,Customer_18989,East,28-05-2018
18990,Customer_18990,West,24-01-2021
18991,Customer_18991,North,09-10-2020
18992,Customer_18992,West,01-09-2018
18993,Customer_18993,North,02-03-2018
18994,Customer_18994,North,15-01-2020
18995,Customer_18995,North,04-03-2020
18996,Customer_18996,North,10-12-2018
18997,Customer_18997,West,06-03-2019
18998,Customer_18998,South,13-08-2020
18999,Customer_18999,West,03-08-2022
19000,Customer_19000,South,20-05-2018
19001,Customer_19001,South,13-12-2020
19002,Customer_19002,West,01-11-2018
19003,Customer_19003,East,03-04-2022
19004,Customer_19004,West,14-08-2019
19005,Customer_19005,East,05-01-2020
19006,Customer_19006,West,08-03-2021
19007,Customer_19007,North,28-08-2022
19008,Customer_19008,West,07-02-2018
19009,Customer_19009,East,08-05-2019
19010,Customer_19010,East,18-09-2022
19011,Customer_19011,North,08-01-2021
19012,Customer_19012,East,09-12-2022
19013,Customer_19013,East,24-08-2021
19014,Customer_19014,South,11-11-2018
19015,Customer_19015,North,26-08-2021
19016,Customer_19016,South,25-03-2019
19017,Customer_19017,East,13-09-2018
19018,Customer_19018,East,07-05-2018
19019,Customer_19019,West,26-06-2019
19020,Customer_19020,East,26-08-2019
19021,Customer_19021,North,29-12-2021
19022,Customer_19022,West,04-11-2019
19023,Customer_19023,North,14-04-2019
19024,Customer_19024,West,14-07-2021
19025,Customer_19025,East,11-12-2020
19026,Customer_19026,North,23-12-2019
19027,Customer_19027,East,10-08-2022
19028,Customer_19028,East,20-05-2023
19029,Customer_19029,North,03-05-2021
19030,Customer_19030,East,10-05-2020
19031,Customer_19031,West,26-03-2018
19032,Customer_19032,South,10-06-2018
19033,Customer_19033,West,13-10-2021
19034,Customer_19034,East,12-07-2018
19035,Customer_19035,South,01-02-2022
19036,Customer_19036,West,11-02-2018
19037,Customer_19037,North,08-06-2022
19038,Customer_19038,West,17-12-2021
19039,Customer_19039,West,01-12-2018
19040,Customer_19040,North,31-07-2021
19041,Customer_19041,North,19-08-2018
19042,Customer_19042,West,13-12-2019
19043,Customer_19043,North,13-07-2018
19044,Customer_19044,North,07-10-2020
19045,Customer_19045,East,02-04-2020
19046,Customer_19046,North,10-03-2018
19047,Customer_19047,North,20-06-2019
19048,Customer_19048,West,03-01-2023
19049,Customer_19049,West,13-05-2023
19050,Customer_19050,West,07-01-2021
19051,Customer_19051,East,19-08-2022
19052,Customer_19052,West,26-05-2019
19053,Customer_19053,South,06-12-2019
19054,Customer_19054,East,07-02-2018
19055,Customer_19055,North,28-04-2019
19056,Customer_19056,South,20-08-2021
19057,Customer_19057,West,15-05-2019
19058,Customer_19058,East,04-01-2021
19059,Customer_19059,West,08-11-2018
19060,Customer_19060,North,25-07-2021
19061,Customer_19061,South,16-01-2020
19062,Customer_19062,South,24-08-2018
19063,Customer_19063,South,08-07-2022
19064,Customer_19064,South,08-04-2018
19065,Customer_19065,North,12-02-2022
19066,Customer_19066,East,09-02-2023
19067,Customer_19067,North,19-08-2018
19068,Customer_19068,South,06-10-2022
19069,Customer_19069,North,06-01-2020
19070,Customer_19070,South,30-01-2018
19071,Customer_19071,South,26-07-2020
19072,Customer_19072,North,29-10-2022
19073,Customer_19073,South,02-11-2018
19074,Customer_19074,North,30-01-2022
19075,Customer_19075,North,16-01-2020
19076,Customer_19076,South,09-11-2022
19077,Customer_19077,South,20-04-2018
19078,Customer_19078,South,24-11-2018
19079,Customer_19079,North,22-03-2023
19080,Customer_19080,East,25-10-2018
19081,Customer_19081,North,22-03-2022
19082,Customer_19082,West,17-07-2021
19083,Customer_19083,East,29-07-2021
19084,Customer_19084,South,04-06-2020
19085,Customer_19085,North,03-02-2020
19086,Customer_19086,East,24-09-2019
19087,Customer_19087,North,24-04-2023
19088,Customer_19088,West,10-02-2018
19089,Customer_19089,West,28-11-2022
19090,Customer_19090,South,09-05-2020
19091,Customer_19091,West,01-01-2022
19092,Customer_19092,North,04-09-2022
19093,Customer_19093,West,06-04-2019
19094,Customer_19094,South,29-03-2018
19095,Customer_19095,West,27-07-2020
19096,Customer_19096,North,06-01-2019
19097,Customer_19097,West,30-08-2018
19098,Customer_19098,West,01-02-2018
19099,Customer_19099,East,14-04-2022
19100,Customer_19100,North,09-02-2018
19101,Customer_19101,West,19-02-2020
19102,Customer_19102,West,17-03-2019
19103,Customer_19103,North,02-02-2021
19104,Customer_19104,South,13-05-2021
19105,Customer_19105,West,06-06-2023
19106,Customer_19106,West,21-11-2022
19107,Customer_19107,West,12-09-2019
19108,Customer_19108,North,19-06-2020
19109,Customer_19109,West,20-03-2023
19110,Customer_19110,West,01-04-2021
19111,Customer_19111,North,23-05-2023
19112,Customer_19112,West,26-05-2018
19113,Customer_19113,West,22-04-2021
19114,Customer_19114,South,30-10-2022
19115,Customer_19115,North,22-09-2021
19116,Customer_19116,West,29-06-2019
19117,Customer_19117,South,17-09-2019
19118,Customer_19118,West,12-05-2020
19119,Customer_19119,North,13-10-2018
19120,Customer_19120,East,29-08-2019
19121,Customer_19121,South,27-07-2020
19122,Customer_19122,East,25-06-2018
19123,Customer_19123,North,28-01-2019
19124,Customer_19124,West,29-12-2018
19125,Customer_19125,North,06-09-2022
19126,Customer_19126,South,30-10-2021
19127,Customer_19127,South,16-02-2018
19128,Customer_19128,South,15-04-2020
19129,Customer_19129,North,16-02-2019
19130,Customer_19130,South,20-03-2022
19131,Customer_19131,South,26-06-2019
19132,Customer_19132,South,11-03-2021
19133,Customer_19133,South,22-03-2021
19134,Customer_19134,East,29-03-2023
19135,Customer_19135,South,28-08-2018
19136,Customer_19136,West,05-01-2022
19137,Customer_19137,South,15-06-2019
19138,Customer_19138,West,24-01-2019
19139,Customer_19139,East,29-12-2020
19140,Customer_19140,South,19-07-2021
19141,Customer_19141,West,06-12-2018
19142,Customer_19142,South,09-07-2019
19143,Customer_19143,East,18-05-2021
19144,Customer_19144,East,21-07-2021
19145,Customer_19145,South,02-07-2021
19146,Customer_19146,East,06-10-2022
19147,Customer_19147,North,04-08-2018
19148,Customer_19148,South,28-11-2018
19149,Customer_19149,South,14-12-2021
19150,Customer_19150,West,04-12-2022
19151,Customer_19151,East,04-06-2023
19152,Customer_19152,South,17-02-2018
19153,Customer_19153,North,22-03-2018
19154,Customer_19154,West,07-10-2018
19155,Customer_19155,North,19-07-2020
19156,Customer_19156,North,01-01-2022
19157,Customer_19157,West,16-03-2019
19158,Customer_19158,South,08-08-2018
19159,Customer_19159,South,03-07-2022
19160,Customer_19160,West,07-03-2023
19161,Customer_19161,West,23-12-2018
19162,Customer_19162,South,13-02-2020
19163,Customer_19163,West,28-01-2018
19164,Customer_19164,South,27-02-2020
19165,Customer_19165,North,22-02-2021
19166,Customer_19166,South,15-02-2019
19167,Customer_19167,North,10-06-2019
19168,Customer_19168,North,23-12-2022
19169,Customer_19169,East,17-06-2019
19170,Customer_19170,East,15-03-2020
19171,Customer_19171,West,13-12-2020
19172,Customer_19172,West,31-08-2022
19173,Customer_19173,South,13-03-2019
19174,Customer_19174,South,04-08-2020
19175,Customer_19175,West,31-07-2019
19176,Customer_19176,North,03-12-2018
19177,Customer_19177,West,28-10-2022
19178,Customer_19178,East,16-05-2022
19179,Customer_19179,North,20-12-2018
19180,Customer_19180,South,01-01-2018
19181,Customer_19181,North,04-10-2020
19182,Customer_19182,West,15-12-2018
19183,Customer_19183,West,27-06-2018
19184,Customer_19184,North,31-05-2022
19185,Customer_19185,North,19-07-2021
19186,Customer_19186,East,06-01-2021
19187,Customer_19187,East,01-08-2020
19188,Customer_19188,East,24-12-2020
19189,Customer_19189,East,13-05-2020
19190,Customer_19190,West,04-08-2022
19191,Customer_19191,West,17-01-2022
19192,Customer_19192,West,15-05-2021
19193,Customer_19193,East,24-11-2022
19194,Customer_19194,South,27-03-2022
19195,Customer_19195,East,17-11-2018
19196,Customer_19196,North,06-08-2019
19197,Customer_19197,West,13-02-2021
19198,Customer_19198,North,09-08-2019
19199,Customer_19199,South,06-06-2020
19200,Customer_19200,North,20-08-2022
19201,Customer_19201,West,23-09-2020
19202,Customer_19202,South,09-06-2023
19203,Customer_19203,West,21-05-2018
19204,Customer_19204,West,20-09-2018
19205,Customer_19205,West,12-03-2019
19206,Customer_19206,South,07-10-2022
19207,Customer_19207,East,16-02-2018
19208,Customer_19208,North,19-05-2019
19209,Customer_19209,West,25-07-2018
19210,Customer_19210,East,26-02-2019
19211,Customer_19211,East,01-04-2021
19212,Customer_19212,North,12-10-2018
19213,Customer_19213,South,14-03-2020
19214,Customer_19214,North,31-03-2018
19215,Customer_19215,East,13-07-2019
19216,Customer_19216,North,14-04-2021
19217,Customer_19217,South,09-04-2022
19218,Customer_19218,East,27-11-2018
19219,Customer_19219,West,13-01-2018
19220,Customer_19220,East,14-05-2020
19221,Customer_19221,North,25-07-2018
19222,Customer_19222,West,30-04-2018
19223,Customer_19223,West,23-07-2019
19224,Customer_19224,South,31-03-2022
19225,Customer_19225,East,17-11-2020
19226,Customer_19226,East,10-07-2021
19227,Customer_19227,South,27-09-2020
19228,Customer_19228,North,21-09-2020
19229,Customer_19229,East,28-06-2022
19230,Customer_19230,West,26-03-2023
19231,Customer_19231,North,08-08-2020
19232,Customer_19232,East,24-01-2023
19233,Customer_19233,West,20-03-2021
19234,Customer_19234,South,23-04-2023
19235,Customer_19235,North,18-11-2021
19236,Customer_19236,West,08-12-2020
19237,Customer_19237,North,02-12-2019
19238,Customer_19238,East,09-01-2019
19239,Customer_19239,South,06-01-2022
19240,Customer_19240,South,31-01-2023
19241,Customer_19241,North,10-04-2022
19242,Customer_19242,East,20-11-2022
19243,Customer_19243,East,04-01-2019
19244,Customer_19244,North,11-02-2023
19245,Customer_19245,North,02-02-2020
19246,Customer_19246,West,11-01-2021
19247,Customer_19247,North,08-04-2021
19248,Customer_19248,North,29-03-2022
19249,Customer_19249,East,20-11-2020
19250,Customer_19250,West,02-04-2019
19251,Customer_19251,South,25-04-2022
19252,Customer_19252,West,29-03-2018
19253,Customer_19253,North,28-08-2022
19254,Customer_19254,West,03-08-2019
19255,Customer_19255,North,30-09-2018
19256,Customer_19256,South,27-01-2020
19257,Customer_19257,South,15-09-2021
19258,Customer_19258,North,11-01-2023
19259,Customer_19259,West,04-07-2018
19260,Customer_19260,West,08-06-2020
19261,Customer_19261,East,19-04-2023
19262,Customer_19262,East,09-05-2018
19263,Customer_19263,South,08-04-2021
19264,Customer_19264,North,23-04-2022
19265,Customer_19265,South,02-02-2022
19266,Customer_19266,East,25-04-2020
19267,Customer_19267,West,09-05-2020
19268,Customer_19268,West,11-09-2020
19269,Customer_19269,East,17-06-2021
19270,Customer_19270,West,11-04-2021
19271,Customer_19271,North,19-08-2019
19272,Customer_19272,West,11-04-2023
19273,Customer_19273,North,08-03-2022
19274,Customer_19274,West,13-05-2018
19275,Customer_19275,North,02-01-2023
19276,Customer_19276,North,06-08-2019
19277,Customer_19277,North,30-06-2021
19278,Customer_19278,South,03-06-2021
19279,Customer_19279,South,25-09-2022
19280,Customer_19280,South,03-07-2019
19281,Customer_19281,East,02-12-2018
19282,Customer_19282,South,04-07-2022
19283,Customer_19283,West,13-06-2021
19284,Customer_19284,East,11-09-2018
19285,Customer_19285,South,01-03-2021
19286,Customer_19286,South,13-08-2021
19287,Customer_19287,North,10-01-2022
19288,Customer_19288,South,23-05-2021
19289,Customer_19289,West,02-01-2018
19290,Customer_19290,West,01-04-2020
19291,Customer_19291,North,18-08-2021
19292,Customer_19292,West,16-01-2020
19293,Customer_19293,South,15-01-2023
19294,Customer_19294,North,08-08-2021
19295,Customer_19295,East,04-12-2019
19296,Customer_19296,North,11-10-2019
19297,Customer_19297,South,16-04-2019
19298,Customer_19298,South,13-01-2019
19299,Customer_19299,West,03-03-2019
19300,Customer_19300,South,22-08-2019
19301,Customer_19301,West,04-04-2023
19302,Customer_19302,North,09-11-2018
19303,Customer_19303,South,26-04-2023
19304,Customer_19304,West,16-09-2020
19305,Customer_19305,West,04-03-2019
19306,Customer_19306,East,09-05-2018
19307,Customer_19307,East,18-11-2018
19308,Customer_19308,South,09-12-2022
19309,Customer_19309,West,17-12-2019
19310,Customer_19310,South,24-03-2018
19311,Customer_19311,West,10-08-2021
19312,Customer_19312,North,25-08-2019
19313,Customer_19313,South,14-10-2022
19314,Customer_19314,East,31-07-2022
19315,Customer_19315,West,11-02-2023
19316,Customer_19316,East,10-06-2019
19317,Customer_19317,West,06-01-2018
19318,Customer_19318,West,04-05-2018
19319,Customer_19319,South,07-06-2023
19320,Customer_19320,West,02-10-2019
19321,Customer_19321,North,23-04-2018
19322,Customer_19322,West,28-03-2020
19323,Customer_19323,North,23-11-2019
19324,Customer_19324,South,23-07-2021
19325,Customer_19325,South,11-12-2022
19326,Customer_19326,South,22-08-2021
19327,Customer_19327,North,12-09-2019
19328,Customer_19328,North,08-09-2021
19329,Customer_19329,East,13-10-2019
19330,Customer_19330,East,29-01-2020
19331,Customer_19331,West,31-10-2020
19332,Customer_19332,East,30-12-2022
19333,Customer_19333,North,28-04-2019
19334,Customer_19334,East,29-04-2020
19335,Customer_19335,North,03-02-2020
19336,Customer_19336,South,22-10-2021
19337,Customer_19337,West,14-02-2022
19338,Customer_19338,South,28-12-2018
19339,Customer_19339,East,12-04-2023
19340,Customer_19340,West,28-04-2021
19341,Customer_19341,East,10-02-2021
19342,Customer_19342,North,29-01-2023
19343,Customer_19343,South,23-06-2023
19344,Customer_19344,South,11-01-2023
19345,Customer_19345,South,09-06-2022
19346,Customer_19346,South,10-07-2022
19347,Customer_19347,South,22-05-2023
19348,Customer_19348,West,25-02-2022
19349,Customer_19349,East,02-03-2020
19350,Customer_19350,South,22-10-2019
19351,Customer_19351,West,27-05-2019
19352,Customer_19352,East,29-09-2022
19353,Customer_19353,North,18-11-2021
19354,Customer_19354,West,23-08-2021
19355,Customer_19355,North,01-04-2021
19356,Customer_19356,East,22-04-2021
19357,Customer_19357,North,12-01-2022
19358,Customer_19358,North,31-12-2021
19359,Customer_19359,North,14-07-2019
19360,Customer_19360,North,31-01-2019
19361,Customer_19361,South,26-05-2018
19362,Customer_19362,South,09-04-2018
19363,Customer_19363,North,15-05-2019
19364,Customer_19364,South,16-03-2020
19365,Customer_19365,East,12-04-2018
19366,Customer_19366,South,16-11-2021
19367,Customer_19367,North,16-09-2021
19368,Customer_19368,South,17-09-2021
19369,Customer_19369,West,22-09-2019
19370,Customer_19370,East,09-04-2022
19371,Customer_19371,West,13-08-2022
19372,Customer_19372,East,16-03-2018
19373,Customer_19373,North,11-12-2018
19374,Customer_19374,West,13-08-2019
19375,Customer_19375,West,17-04-2022
19376,Customer_19376,North,30-01-2021
19377,Customer_19377,South,25-12-2021
19378,Customer_19378,South,27-10-2019
19379,Customer_19379,East,26-08-2019
19380,Customer_19380,North,17-05-2019
19381,Customer_19381,North,02-01-2022
19382,Customer_19382,East,15-12-2021
19383,Customer_19383,South,05-09-2019
19384,Customer_19384,West,06-04-2023
19385,Customer_19385,South,12-08-2022
19386,Customer_19386,West,19-03-2022
19387,Customer_19387,East,25-10-2021
19388,Customer_19388,North,09-10-2019
19389,Customer_19389,West,06-06-2023
19390,Customer_19390,East,13-09-2019
19391,Customer_19391,North,22-02-2021
19392,Customer_19392,South,31-05-2019
19393,Customer_19393,South,08-05-2020
19394,Customer_19394,North,27-06-2018
19395,Customer_19395,North,17-06-2021
19396,Customer_19396,West,28-07-2019
19397,Customer_19397,East,04-12-2018
19398,Customer_19398,West,18-10-2022
19399,Customer_19399,North,02-08-2020
19400,Customer_19400,West,14-01-2020
19401,Customer_19401,North,19-10-2019
19402,Customer_19402,West,08-12-2019
19403,Customer_19403,East,27-04-2018
19404,Customer_19404,North,01-08-2022
19405,Customer_19405,East,20-09-2021
19406,Customer_19406,East,13-10-2018
19407,Customer_19407,South,14-02-2018
19408,Customer_19408,West,14-03-2018
19409,Customer_19409,West,20-06-2018
19410,Customer_19410,West,24-09-2018
19411,Customer_19411,North,11-04-2023
19412,Customer_19412,North,16-02-2019
19413,Customer_19413,South,14-05-2018
19414,Customer_19414,East,09-01-2018
19415,Customer_19415,East,03-02-2020
19416,Customer_19416,East,06-07-2021
19417,Customer_19417,South,22-03-2018
19418,Customer_19418,East,24-11-2022
19419,Customer_19419,North,25-02-2018
19420,Customer_19420,North,07-11-2022
19421,Customer_19421,North,15-11-2020
19422,Customer_19422,East,28-01-2023
19423,Customer_19423,East,26-01-2023
19424,Customer_19424,South,18-07-2018
19425,Customer_19425,West,01-02-2018
19426,Customer_19426,South,20-08-2021
19427,Customer_19427,South,19-06-2020
19428,Customer_19428,South,24-03-2023
19429,Customer_19429,South,31-12-2021
19430,Customer_19430,South,10-01-2023
19431,Customer_19431,East,15-02-2019
19432,Customer_19432,West,20-05-2023
19433,Customer_19433,South,11-09-2022
19434,Customer_19434,North,14-06-2023
19435,Customer_19435,North,01-12-2021
19436,Customer_19436,West,28-07-2018
19437,Customer_19437,South,13-02-2018
19438,Customer_19438,South,14-02-2018
19439,Customer_19439,South,22-07-2018
19440,Customer_19440,West,07-12-2019
19441,Customer_19441,North,05-01-2019
19442,Customer_19442,East,25-07-2020
19443,Customer_19443,West,26-01-2018
19444,Customer_19444,East,27-03-2020
19445,Customer_19445,South,24-03-2021
19446,Customer_19446,South,04-07-2022
19447,Customer_19447,North,06-12-2018
19448,Customer_19448,West,19-02-2018
19449,Customer_19449,South,18-01-2021
19450,Customer_19450,South,23-09-2020
19451,Customer_19451,East,16-01-2019
19452,Customer_19452,East,11-07-2019
19453,Customer_19453,North,07-07-2019
19454,Customer_19454,North,08-04-2021
19455,Customer_19455,North,24-02-2019
19456,Customer_19456,East,31-01-2023
19457,Customer_19457,North,12-08-2019
19458,Customer_19458,North,30-09-2021
19459,Customer_19459,North,17-09-2021
19460,Customer_19460,West,01-03-2021
19461,Customer_19461,South,26-05-2021
19462,Customer_19462,East,26-04-2021
19463,Customer_19463,West,20-01-2020
19464,Customer_19464,North,08-05-2023
19465,Customer_19465,South,11-02-2019
19466,Customer_19466,South,10-07-2019
19467,Customer_19467,North,04-06-2018
19468,Customer_19468,North,22-01-2019
19469,Customer_19469,South,20-07-2022
19470,Customer_19470,South,12-12-2021
19471,Customer_19471,West,12-09-2019
19472,Customer_19472,West,04-06-2020
19473,Customer_19473,North,21-03-2022
19474,Customer_19474,West,16-08-2019
19475,Customer_19475,East,20-08-2021
19476,Customer_19476,South,06-12-2018
19477,Customer_19477,North,03-01-2019
19478,Customer_19478,East,25-10-2019
19479,Customer_19479,West,02-12-2020
19480,Customer_19480,South,04-09-2019
19481,Customer_19481,South,01-03-2020
19482,Customer_19482,East,13-03-2023
19483,Customer_19483,North,18-02-2023
19484,Customer_19484,North,22-01-2021
19485,Customer_19485,North,23-04-2023
19486,Customer_19486,North,15-04-2020
19487,Customer_19487,West,29-12-2021
19488,Customer_19488,East,26-08-2021
19489,Customer_19489,North,04-10-2019
19490,Customer_19490,East,31-03-2022
19491,Customer_19491,North,04-01-2019
19492,Customer_19492,West,04-06-2018
19493,Customer_19493,North,11-05-2022
19494,Customer_19494,North,06-08-2018
19495,Customer_19495,North,23-05-2022
19496,Customer_19496,South,09-08-2021
19497,Customer_19497,North,13-06-2020
19498,Customer_19498,West,10-06-2022
19499,Customer_19499,West,04-03-2023
19500,Customer_19500,East,20-05-2020
19501,Customer_19501,North,31-05-2018
19502,Customer_19502,South,14-12-2022
19503,Customer_19503,West,02-09-2022
19504,Customer_19504,West,15-02-2019
19505,Customer_19505,South,09-06-2020
19506,Customer_19506,West,01-02-2019
19507,Customer_19507,East,02-01-2018
19508,Customer_19508,South,06-11-2020
19509,Customer_19509,South,17-06-2023
19510,Customer_19510,West,20-02-2019
19511,Customer_19511,North,03-12-2020
19512,Customer_19512,South,25-04-2020
19513,Customer_19513,East,28-10-2019
19514,Customer_19514,South,19-08-2022
19515,Customer_19515,North,23-11-2019
19516,Customer_19516,East,22-05-2022
19517,Customer_19517,West,30-08-2020
19518,Customer_19518,South,19-12-2019
19519,Customer_19519,North,29-05-2020
19520,Customer_19520,East,17-06-2023
19521,Customer_19521,West,23-11-2021
19522,Customer_19522,North,11-04-2020
19523,Customer_19523,East,17-02-2021
19524,Customer_19524,West,08-07-2021
19525,Customer_19525,West,28-08-2022
19526,Customer_19526,North,24-02-2019
19527,Customer_19527,West,19-10-2021
19528,Customer_19528,North,01-08-2022
19529,Customer_19529,East,02-01-2022
19530,Customer_19530,East,29-05-2019
19531,Customer_19531,North,17-01-2020
19532,Customer_19532,East,20-08-2021
19533,Customer_19533,West,11-07-2021
19534,Customer_19534,East,03-05-2023
19535,Customer_19535,East,16-02-2022
19536,Customer_19536,South,07-01-2019
19537,Customer_19537,North,24-04-2022
19538,Customer_19538,North,20-12-2021
19539,Customer_19539,West,18-04-2021
19540,Customer_19540,West,02-07-2021
19541,Customer_19541,North,19-02-2023
19542,Customer_19542,East,19-05-2021
19543,Customer_19543,North,09-09-2022
19544,Customer_19544,South,27-07-2018
19545,Customer_19545,East,19-01-2023
19546,Customer_19546,West,31-07-2022
19547,Customer_19547,East,22-05-2021
19548,Customer_19548,North,28-03-2019
19549,Customer_19549,North,14-08-2019
19550,Customer_19550,North,22-02-2021
19551,Customer_19551,West,09-02-2021
19552,Customer_19552,West,17-08-2018
19553,Customer_19553,North,30-03-2018
19554,Customer_19554,West,28-01-2018
19555,Customer_19555,South,21-11-2019
19556,Customer_19556,North,10-03-2023
19557,Customer_19557,South,17-10-2022
19558,Customer_19558,West,23-04-2023
19559,Customer_19559,West,02-01-2019
19560,Customer_19560,West,03-09-2022
19561,Customer_19561,South,14-08-2019
19562,Customer_19562,West,22-01-2022
19563,Customer_19563,West,07-08-2018
19564,Customer_19564,South,10-02-2021
19565,Customer_19565,East,22-09-2021
19566,Customer_19566,West,30-04-2021
19567,Customer_19567,West,26-02-2019
19568,Customer_19568,North,07-05-2019
19569,Customer_19569,North,07-02-2021
19570,Customer_19570,East,21-02-2019
19571,Customer_19571,South,06-01-2020
19572,Customer_19572,South,12-10-2018
19573,Customer_19573,East,24-02-2020
19574,Customer_19574,West,29-07-2018
19575,Customer_19575,South,30-07-2020
19576,Customer_19576,West,24-04-2019
19577,Customer_19577,South,15-06-2021
19578,Customer_19578,West,29-01-2018
19579,Customer_19579,North,30-07-2022
19580,Customer_19580,North,19-10-2022
19581,Customer_19581,North,08-08-2020
19582,Customer_19582,West,28-02-2022
19583,Customer_19583,East,04-05-2022
19584,Customer_19584,East,14-10-2020
19585,Customer_19585,South,29-09-2021
19586,Customer_19586,South,15-12-2022
19587,Customer_19587,South,30-08-2021
19588,Customer_19588,North,27-08-2021
19589,Customer_19589,East,14-06-2019
19590,Customer_19590,West,13-09-2019
19591,Customer_19591,South,20-10-2022
19592,Customer_19592,North,20-07-2019
19593,Customer_19593,North,15-08-2021
19594,Customer_19594,North,08-04-2018
19595,Customer_19595,West,29-04-2019
19596,Customer_19596,West,31-07-2019
19597,Customer_19597,North,07-07-2019
19598,Customer_19598,North,05-08-2021
19599,Customer_19599,South,11-10-2021
19600,Customer_19600,North,13-09-2020
19601,Customer_19601,West,05-10-2020
19602,Customer_19602,West,05-11-2018
19603,Customer_19603,North,10-05-2019
19604,Customer_19604,South,17-01-2022
19605,Customer_19605,East,07-04-2022
19606,Customer_19606,West,31-07-2019
19607,Customer_19607,North,12-02-2020
19608,Customer_19608,South,10-01-2020
19609,Customer_19609,West,15-09-2018
19610,Customer_19610,West,09-05-2020
19611,Customer_19611,South,06-06-2023
19612,Customer_19612,East,12-11-2022
19613,Customer_19613,West,01-07-2022
19614,Customer_19614,North,07-08-2018
19615,Customer_19615,West,01-11-2018
19616,Customer_19616,North,08-12-2020
19617,Customer_19617,North,12-03-2021
19618,Customer_19618,East,30-11-2022
19619,Customer_19619,North,09-12-2021
19620,Customer_19620,North,04-11-2019
19621,Customer_19621,West,06-10-2021
19622,Customer_19622,East,01-05-2020
19623,Customer_19623,North,12-01-2020
19624,Customer_19624,South,03-10-2022
19625,Customer_19625,North,31-08-2018
19626,Customer_19626,South,04-06-2019
19627,Customer_19627,East,10-04-2020
19628,Customer_19628,East,02-02-2022
19629,Customer_19629,South,04-04-2019
19630,Customer_19630,East,23-06-2018
19631,Customer_19631,East,16-05-2021
19632,Customer_19632,South,07-01-2019
19633,Customer_19633,West,19-02-2018
19634,Customer_19634,South,02-01-2020
19635,Customer_19635,North,05-08-2020
19636,Customer_19636,West,08-02-2021
19637,Customer_19637,East,30-05-2023
19638,Customer_19638,West,10-05-2020
19639,Customer_19639,South,02-10-2018
19640,Customer_19640,South,10-05-2022
19641,Customer_19641,West,15-01-2022
19642,Customer_19642,South,24-11-2019
19643,Customer_19643,West,19-10-2018
19644,Customer_19644,North,12-08-2019
19645,Customer_19645,West,23-07-2019
19646,Customer_19646,West,18-06-2018
19647,Customer_19647,North,14-11-2019
19648,Customer_19648,South,10-03-2023
19649,Customer_19649,North,23-09-2020
19650,Customer_19650,East,19-10-2018
19651,Customer_19651,East,28-05-2020
19652,Customer_19652,North,15-06-2019
19653,Customer_19653,West,21-12-2019
19654,Customer_19654,North,12-05-2019
19655,Customer_19655,South,09-05-2023
19656,Customer_19656,West,07-06-2023
19657,Customer_19657,South,12-01-2019
19658,Customer_19658,South,10-04-2022
19659,Customer_19659,North,16-01-2019
19660,Customer_19660,East,01-10-2018
19661,Customer_19661,West,30-08-2021
19662,Customer_19662,East,24-11-2018
19663,Customer_19663,South,28-05-2022
19664,Customer_19664,South,31-05-2019
19665,Customer_19665,East,09-11-2021
19666,Customer_19666,North,16-01-2023
19667,Customer_19667,West,14-04-2023
19668,Customer_19668,South,02-08-2022
19669,Customer_19669,South,12-05-2019
19670,Customer_19670,East,30-04-2019
19671,Customer_19671,North,02-02-2019
19672,Customer_19672,North,08-03-2023
19673,Customer_19673,West,07-08-2018
19674,Customer_19674,East,25-01-2022
19675,Customer_19675,North,07-11-2018
19676,Customer_19676,South,12-01-2021
19677,Customer_19677,North,26-01-2020
19678,Customer_19678,East,27-05-2022
19679,Customer_19679,East,05-10-2022
19680,Customer_19680,East,13-03-2020
19681,Customer_19681,South,24-12-2019
19682,Customer_19682,East,30-07-2021
19683,Customer_19683,North,13-04-2023
19684,Customer_19684,East,02-02-2021
19685,Customer_19685,East,07-05-2020
19686,Customer_19686,East,03-11-2020
19687,Customer_19687,East,18-12-2022
19688,Customer_19688,East,07-09-2018
19689,Customer_19689,North,26-12-2022
19690,Customer_19690,West,19-12-2021
19691,Customer_19691,North,13-10-2018
19692,Customer_19692,South,02-06-2021
19693,Customer_19693,North,30-06-2019
19694,Customer_19694,West,02-02-2022
19695,Customer_19695,East,29-05-2022
19696,Customer_19696,East,24-04-2022
19697,Customer_19697,North,29-09-2020
19698,Customer_19698,North,16-04-2018
19699,Customer_19699,South,12-10-2022
19700,Customer_19700,South,16-12-2020
19701,Customer_19701,North,17-07-2022
19702,Customer_19702,West,21-05-2018
19703,Customer_19703,East,20-07-2021
19704,Customer_19704,East,14-12-2019
19705,Customer_19705,East,05-02-2018
19706,Customer_19706,North,26-11-2019
19707,Customer_19707,North,27-07-2018
19708,Customer_19708,East,13-11-2018
19709,Customer_19709,East,02-05-2022
19710,Customer_19710,West,26-02-2023
19711,Customer_19711,North,20-12-2020
19712,Customer_19712,North,14-07-2019
19713,Customer_19713,West,30-01-2018
19714,Customer_19714,East,22-06-2019
19715,Customer_19715,North,05-04-2021
19716,Customer_19716,North,07-06-2023
19717,Customer_19717,West,18-02-2018
19718,Customer_19718,West,27-01-2018
19719,Customer_19719,West,12-04-2019
19720,Customer_19720,North,25-01-2018
19721,Customer_19721,East,22-07-2019
19722,Customer_19722,South,16-12-2020
19723,Customer_19723,West,04-08-2022
19724,Customer_19724,South,03-10-2019
19725,Customer_19725,South,26-05-2018
19726,Customer_19726,West,13-09-2020
19727,Customer_19727,South,09-06-2018
19728,Customer_19728,South,08-03-2023
19729,Customer_19729,South,06-03-2022
19730,Customer_19730,West,08-10-2021
19731,Customer_19731,North,10-08-2018
19732,Customer_19732,South,06-10-2022
19733,Customer_19733,South,07-07-2019
19734,Customer_19734,South,18-12-2022
19735,Customer_19735,South,20-06-2019
19736,Customer_19736,South,21-06-2019
19737,Customer_19737,East,13-10-2019
19738,Customer_19738,West,02-03-2019
19739,Customer_19739,East,27-09-2020
19740,Customer_19740,South,21-08-2022
19741,Customer_19741,East,30-04-2021
19742,Customer_19742,West,09-08-2021
19743,Customer_19743,North,06-08-2019
19744,Customer_19744,West,19-08-2019
19745,Customer_19745,South,07-12-2020
19746,Customer_19746,South,07-01-2020
19747,Customer_19747,East,02-10-2019
19748,Customer_19748,South,29-02-2020
19749,Customer_19749,South,24-06-2020
19750,Customer_19750,North,15-03-2023
19751,Customer_19751,South,03-05-2019
19752,Customer_19752,South,05-03-2021
19753,Customer_19753,West,24-11-2018
19754,Customer_19754,South,05-02-2020
19755,Customer_19755,West,01-11-2020
19756,Customer_19756,West,05-01-2021
19757,Customer_19757,South,13-09-2019
19758,Customer_19758,South,21-04-2018
19759,Customer_19759,South,17-11-2019
19760,Customer_19760,South,22-07-2020
19761,Customer_19761,West,27-03-2018
19762,Customer_19762,North,01-06-2022
19763,Customer_19763,North,18-01-2018
19764,Customer_19764,West,28-04-2021
19765,Customer_19765,West,02-07-2019
19766,Customer_19766,North,08-09-2019
19767,Customer_19767,South,04-04-2023
19768,Customer_19768,North,02-10-2022
19769,Customer_19769,North,03-12-2019
19770,Customer_19770,South,08-10-2018
19771,Customer_19771,East,16-10-2018
19772,Customer_19772,West,16-04-2022
19773,Customer_19773,East,14-11-2020
19774,Customer_19774,West,19-01-2019
19775,Customer_19775,North,23-12-2019
19776,Customer_19776,East,11-11-2018
19777,Customer_19777,North,06-10-2020
19778,Customer_19778,South,12-05-2018
19779,Customer_19779,East,11-11-2021
19780,Customer_19780,South,17-06-2023
19781,Customer_19781,North,05-01-2020
19782,Customer_19782,East,06-01-2018
19783,Customer_19783,East,27-05-2018
19784,Customer_19784,North,21-01-2021
19785,Customer_19785,West,29-06-2018
19786,Customer_19786,North,30-04-2023
19787,Customer_19787,South,30-04-2021
19788,Customer_19788,West,25-03-2023
19789,Customer_19789,West,03-06-2019
19790,Customer_19790,South,23-08-2022
19791,Customer_19791,North,31-03-2021
19792,Customer_19792,North,24-04-2021
19793,Customer_19793,North,18-01-2018
19794,Customer_19794,East,04-02-2023
19795,Customer_19795,South,05-02-2023
19796,Customer_19796,South,11-03-2020
19797,Customer_19797,West,29-07-2018
19798,Customer_19798,East,28-01-2021
19799,Customer_19799,South,24-12-2018
19800,Customer_19800,East,01-02-2023
19801,Customer_19801,West,13-11-2018
19802,Customer_19802,South,13-06-2021
19803,Customer_19803,North,14-08-2019
19804,Customer_19804,West,17-11-2019
19805,Customer_19805,East,06-01-2023
19806,Customer_19806,West,07-03-2018
19807,Customer_19807,South,04-07-2019
19808,Customer_19808,South,24-05-2018
19809,Customer_19809,West,27-11-2020
19810,Customer_19810,North,12-09-2019
19811,Customer_19811,East,12-06-2020
19812,Customer_19812,South,04-10-2022
19813,Customer_19813,South,06-09-2022
19814,Customer_19814,North,31-12-2019
19815,Customer_19815,North,17-08-2020
19816,Customer_19816,West,24-08-2022
19817,Customer_19817,South,22-04-2018
19818,Customer_19818,West,16-08-2022
19819,Customer_19819,North,06-02-2018
19820,Customer_19820,East,25-04-2023
19821,Customer_19821,West,28-09-2021
19822,Customer_19822,East,05-10-2022
19823,Customer_19823,South,04-03-2019
19824,Customer_19824,East,06-03-2019
19825,Customer_19825,West,17-09-2021
19826,Customer_19826,East,21-03-2023
19827,Customer_19827,North,12-05-2021
19828,Customer_19828,West,23-04-2023
19829,Customer_19829,East,21-06-2020
19830,Customer_19830,West,12-11-2021
19831,Customer_19831,East,12-08-2021
19832,Customer_19832,West,12-11-2019
19833,Customer_19833,South,02-11-2019
19834,Customer_19834,East,11-11-2021
19835,Customer_19835,South,19-02-2022
19836,Customer_19836,East,17-11-2021
19837,Customer_19837,North,15-04-2021
19838,Customer_19838,West,07-04-2022
19839,Customer_19839,West,20-04-2021
19840,Customer_19840,South,09-04-2023
19841,Customer_19841,North,20-01-2021
19842,Customer_19842,North,23-08-2022
19843,Customer_19843,East,14-09-2019
19844,Customer_19844,West,11-11-2021
19845,Customer_19845,East,16-09-2022
19846,Customer_19846,South,09-03-2023
19847,Customer_19847,West,09-11-2021
19848,Customer_19848,South,16-11-2022
19849,Customer_19849,North,23-02-2018
19850,Customer_19850,West,17-04-2019
19851,Customer_19851,North,15-06-2021
19852,Customer_19852,South,13-07-2021
19853,Customer_19853,North,10-01-2018
19854,Customer_19854,North,13-09-2020
19855,Customer_19855,North,20-01-2021
19856,Customer_19856,East,24-11-2019
19857,Customer_19857,East,24-02-2022
19858,Customer_19858,East,06-06-2020
19859,Customer_19859,West,12-01-2018
19860,Customer_19860,East,15-02-2018
19861,Customer_19861,West,31-05-2021
19862,Customer_19862,North,16-02-2021
19863,Customer_19863,North,15-09-2021
19864,Customer_19864,North,04-03-2021
19865,Customer_19865,West,28-07-2021
19866,Customer_19866,East,05-06-2023
19867,Customer_19867,North,26-07-2022
19868,Customer_19868,South,31-03-2023
19869,Customer_19869,South,22-06-2020
19870,Customer_19870,North,02-09-2019
19871,Customer_19871,North,16-03-2021
19872,Customer_19872,North,26-06-2021
19873,Customer_19873,East,20-12-2022
19874,Customer_19874,West,29-11-2018
19875,Customer_19875,West,07-09-2021
19876,Customer_19876,East,28-09-2022
19877,Customer_19877,North,29-01-2023
19878,Customer_19878,East,22-05-2023
19879,Customer_19879,West,04-12-2022
19880,Customer_19880,North,15-01-2019
19881,Customer_19881,East,24-01-2018
19882,Customer_19882,West,24-01-2022
19883,Customer_19883,East,09-02-2021
19884,Customer_19884,North,24-07-2019
19885,Customer_19885,West,27-12-2019
19886,Customer_19886,South,10-11-2022
19887,Customer_19887,West,01-08-2021
19888,Customer_19888,East,28-08-2020
19889,Customer_19889,North,27-10-2021
19890,Customer_19890,West,06-01-2020
19891,Customer_19891,West,11-04-2018
19892,Customer_19892,North,11-02-2021
19893,Customer_19893,West,14-07-2021
19894,Customer_19894,North,06-07-2022
19895,Customer_19895,West,12-02-2020
19896,Customer_19896,West,20-07-2020
19897,Customer_19897,South,08-01-2020
19898,Customer_19898,North,30-06-2018
19899,Customer_19899,West,09-10-2021
19900,Customer_19900,East,27-11-2021
19901,Customer_19901,East,04-12-2022
19902,Customer_19902,West,17-10-2019
19903,Customer_19903,North,26-09-2022
19904,Customer_19904,East,06-07-2021
19905,Customer_19905,West,30-11-2018
19906,Customer_19906,South,01-06-2023
19907,Customer_19907,South,27-11-2020
19908,Customer_19908,East,30-07-2018
19909,Customer_19909,North,30-12-2020
19910,Customer_19910,South,14-12-2018
19911,Customer_19911,East,18-11-2018
19912,Customer_19912,South,27-06-2020
19913,Customer_19913,East,29-12-2022
19914,Customer_19914,East,15-04-2023
19915,Customer_19915,North,05-03-2020
19916,Customer_19916,West,25-09-2021
19917,Customer_19917,South,21-09-2018
19918,Customer_19918,West,25-04-2019
19919,Customer_19919,East,27-03-2019
19920,Customer_19920,South,04-06-2020
19921,Customer_19921,North,23-09-2022
19922,Customer_19922,East,09-08-2018
19923,Customer_19923,North,08-09-2018
19924,Customer_19924,South,17-06-2023
19925,Customer_19925,South,11-12-2021
19926,Customer_19926,South,14-06-2020
19927,Customer_19927,West,26-11-2022
19928,Customer_19928,South,06-01-2019
19929,Customer_19929,West,12-01-2021
19930,Customer_19930,South,26-10-2021
19931,Customer_19931,South,27-05-2022
19932,Customer_19932,North,20-05-2018
19933,Customer_19933,West,28-09-2022
19934,Customer_19934,West,10-01-2023
19935,Customer_19935,East,13-02-2021
19936,Customer_19936,North,29-05-2019
19937,Customer_19937,West,22-04-2020
19938,Customer_19938,East,11-12-2019
19939,Customer_19939,North,13-06-2020
19940,Customer_19940,South,05-02-2022
19941,Customer_19941,West,29-11-2020
19942,Customer_19942,West,23-11-2022
19943,Customer_19943,East,14-06-2023
19944,Customer_19944,West,09-02-2018
19945,Customer_19945,North,27-08-2021
19946,Customer_19946,South,30-12-2018
19947,Customer_19947,East,05-11-2019
19948,Customer_19948,North,17-11-2018
19949,Customer_19949,North,31-01-2023
19950,Customer_19950,West,03-05-2021
19951,Customer_19951,South,31-01-2021
19952,Customer_19952,North,07-03-2019
19953,Customer_19953,South,26-12-2020
19954,Customer_19954,East,06-02-2018
19955,Customer_19955,West,09-08-2020
19956,Customer_19956,East,24-09-2019
19957,Customer_19957,South,27-01-2019
19958,Customer_19958,North,13-05-2021
19959,Customer_19959,West,12-12-2018
19960,Customer_19960,North,14-05-2019
19961,Customer_19961,South,05-04-2021
19962,Customer_19962,North,18-09-2021
19963,Customer_19963,South,12-10-2022
19964,Customer_19964,South,10-01-2022
19965,Customer_19965,South,10-05-2019
19966,Customer_19966,North,03-05-2018
19967,Customer_19967,East,18-10-2018
19968,Customer_19968,South,25-05-2019
19969,Customer_19969,West,16-08-2018
19970,Customer_19970,West,12-01-2023
19971,Customer_19971,North,25-01-2018
19972,Customer_19972,South,08-07-2020
19973,Customer_19973,North,27-02-2023
19974,Customer_19974,South,05-03-2022
19975,Customer_19975,North,15-07-2022
19976,Customer_19976,North,06-03-2018
19977,Customer_19977,South,27-05-2020
19978,Customer_19978,North,12-12-2022
19979,Customer_19979,North,26-07-2020
19980,Customer_19980,East,16-08-2022
19981,Customer_19981,North,18-10-2018
19982,Customer_19982,South,25-04-2018
19983,Customer_19983,East,07-03-2018
19984,Customer_19984,West,15-04-2019
19985,Customer_19985,North,30-04-2023
19986,Customer_19986,East,13-05-2021
19987,Customer_19987,South,13-08-2019
19988,Customer_19988,West,07-01-2023
19989,Customer_19989,South,14-01-2022
19990,Customer_19990,West,04-08-2019
19991,Customer_19991,East,27-08-2021
19992,Customer_19992,South,24-03-2018
19993,Customer_19993,West,15-02-2020
19994,Customer_19994,South,27-11-2020
19995,Customer_19995,South,06-10-2021
19996,Customer_19996,East,07-04-2022
19997,Customer_19997,East,07-04-2019
19998,Customer_19998,East,10-10-2018
19999,Customer_19999,West,24-04-2022
20000,Customer_20000,East,10-06-2021
