product_id,product_name,category,unit_price,cost_price
1,Product_1,Electronics,152.72,90.83
2,Product_2,Grocery,478.72,284.73
3,Product_3,Electronics,224.76,133.68
4,Product_4,Clothing,333.19,198.17
5,Product_5,Clothing,277.27,164.91
6,Product_6,Sports,42.65,25.37
7,Product_7,Clothing,455.44,270.88
8,Product_8,Sports,465.87,277.08
9,Product_9,Sports,26.1,15.52
10,Product_10,Electronics,249.24,148.24
11,Product_11,Grocery,176.25,104.83
12,Product_12,Electronics,418.06,248.65
13,Product_13,Electronics,203.39,120.97
14,Product_14,Grocery,200.74,119.39
15,Product_15,Furniture,45.89,27.29
16,Product_16,Electronics,476.82,283.6
17,Product_17,Sports,381.4,226.84
18,Product_18,Grocery,429.27,255.32
19,Product_19,Electronics,20.69,12.31
20,Product_20,Furniture,404.1,240.34
21,Product_21,Furniture,305.14,181.49
22,Product_22,Sports,157.34,93.58
23,Product_23,Sports,141.34,84.06
24,Product_24,Clothing,143.52,85.36
25,Product_25,Clothing,449.79,267.52
26,Product_26,Furniture,179.4,106.7
27,Product_27,Grocery,80.07,47.62
28,Product_28,Clothing,335.42,199.5
29,Product_29,Sports,245.99,146.31
30,Product_30,Clothing,145.35,86.45
31,Product_31,Electronics,456.52,271.52
32,Product_32,Clothing,323.51,192.41
33,Product_33,Grocery,356.9,212.27
34,Product_34,Clothing,412.25,245.19
35,Product_35,Clothing,336.36,200.06
36,Product_36,Clothing,292.08,173.72
37,Product_37,Electronics,199.67,118.76
38,Product_38,Sports,217.7,129.48
39,Product_39,Sports,30.24,17.99
40,Product_40,Clothing,83.04,49.39
41,Product_41,Electronics,343.73,204.44
42,Product_42,Furniture,104.24,62
43,Product_43,Electronics,113.44,67.47
44,Product_44,Grocery,288.46,171.57
45,Product_45,Grocery,272.09,161.83
46,Product_46,Clothing,207.88,123.64
47,Product_47,Furniture,48.11,28.61
48,Product_48,Sports,26.78,15.93
49,Product_49,Sports,312,185.57
50,Product_50,Grocery,469.33,279.14
51,Product_51,Electronics,297.39,176.88
52,Product_52,Sports,51.17,30.43
53,Product_53,Electronics,436.5,259.62
54,Product_54,Clothing,8.47,5.04
55,Product_55,Electronics,63.37,37.69
56,Product_56,Clothing,480.09,285.54
57,Product_57,Clothing,85.7,50.97
58,Product_58,Electronics,142.47,84.74
59,Product_59,Furniture,437.65,260.3
60,Product_60,Furniture,34.54,20.54
61,Product_61,Furniture,493.36,293.43
62,Product_62,Electronics,416,247.42
63,Product_63,Grocery,109.61,65.19
64,Product_64,Furniture,78.84,46.89
65,Product_65,Furniture,146.73,87.27
66,Product_66,Grocery,23.97,14.26
67,Product_67,Electronics,153.12,91.07
68,Product_68,Sports,353.15,210.04
69,Product_69,Clothing,146.31,87.02
70,Product_70,Furniture,255.63,152.04
71,Product_71,Clothing,349.27,207.73
72,Product_72,Clothing,73.72,43.85
73,Product_73,Clothing,312.72,186
74,Product_74,Sports,358.63,213.3
75,Product_75,Grocery,258.56,153.78
76,Product_76,Grocery,96.29,57.27
77,Product_77,Electronics,450.43,267.9
78,Product_78,Clothing,340.74,202.66
79,Product_79,Clothing,11.38,6.77
80,Product_80,Grocery,388.06,230.8
81,Product_81,Sports,322.47,191.79
82,Product_82,Electronics,147.42,87.68
83,Product_83,Grocery,18.01,10.71
84,Product_84,Sports,59.35,35.3
85,Product_85,Furniture,421.96,250.97
86,Product_86,Furniture,288.25,171.44
87,Product_87,Electronics,494.89,294.34
88,Product_88,Furniture,323.71,192.53
89,Product_89,Sports,178.68,106.27
90,Product_90,Furniture,153.6,91.36
91,Product_91,Clothing,219.34,130.46
92,Product_92,Sports,421.24,250.54
93,Product_93,Grocery,105.26,62.61
94,Product_94,Grocery,371.14,220.74
95,Product_95,Furniture,328.5,195.38
96,Product_96,Clothing,373.72,222.28
97,Product_97,Grocery,100.15,59.57
98,Product_98,Sports,182.87,108.76
99,Product_99,Electronics,441.59,262.64
100,Product_100,Grocery,53.6,31.88
101,Product_101,Grocery,262.42,156.08
102,Product_102,Furniture,66.41,39.5
103,Product_103,Clothing,92.49,55.01
104,Product_104,Electronics,129.39,76.96
105,Product_105,Grocery,170.25,101.26
106,Product_106,Furniture,305.81,181.89
107,Product_107,Sports,359.16,213.62
108,Product_108,Grocery,455.13,270.7
109,Product_109,Sports,480.01,285.49
110,Product_110,Clothing,16.94,10.08
111,Product_111,Clothing,481.39,286.31
112,Product_112,Electronics,185.41,110.28
113,Product_113,Grocery,445.28,264.84
114,Product_114,Furniture,484.1,287.93
115,Product_115,Furniture,440.27,261.86
116,Product_116,Sports,130.63,77.69
117,Product_117,Sports,369.14,219.55
118,Product_118,Grocery,301.81,179.51
119,Product_119,Furniture,104.98,62.44
120,Product_120,Clothing,21.38,12.72
121,Product_121,Sports,235.15,139.86
122,Product_122,Clothing,214.4,127.52
123,Product_123,Clothing,284.42,169.16
124,Product_124,Grocery,351.59,209.11
125,Product_125,Grocery,283.26,168.47
126,Product_126,Grocery,459.78,273.46
127,Product_127,Sports,99.73,59.32
128,Product_128,Sports,216.09,128.52
129,Product_129,Furniture,210.48,125.19
130,Product_130,Furniture,136.97,81.47
131,Product_131,Electronics,42.36,25.19
132,Product_132,Electronics,78.9,46.93
133,Product_133,Sports,398.27,236.88
134,Product_134,Furniture,295.5,175.75
135,Product_135,Electronics,206.86,123.03
136,Product_136,Clothing,453.85,269.93
137,Product_137,Electronics,243.92,145.08
138,Product_138,Grocery,84.14,50.04
139,Product_139,Grocery,336.47,200.12
140,Product_140,Furniture,242.47,144.21
141,Product_141,Furniture,468.69,278.76
142,Product_142,Sports,381.11,226.67
143,Product_143,Sports,168.09,99.97
144,Product_144,Grocery,362.43,215.56
145,Product_145,Furniture,420.71,250.22
146,Product_146,Furniture,157.17,93.48
147,Product_147,Clothing,188.41,112.06
148,Product_148,Grocery,188.47,112.1
149,Product_149,Sports,191.34,113.8
150,Product_150,Electronics,291.29,173.25
151,Product_151,Clothing,477.64,284.08
152,Product_152,Clothing,389.76,231.82
153,Product_153,Electronics,151.88,90.33
154,Product_154,Sports,407.06,242.11
155,Product_155,Sports,317.62,188.91
156,Product_156,Electronics,194.37,115.6
157,Product_157,Grocery,438.5,260.8
158,Product_158,Furniture,49.46,29.42
159,Product_159,Electronics,184.94,110
160,Product_160,Furniture,154.61,91.96
161,Product_161,Grocery,281.77,167.59
162,Product_162,Sports,124.4,73.99
163,Product_163,Electronics,13.48,8.02
164,Product_164,Clothing,169.69,100.93
165,Product_165,Furniture,177.21,105.4
166,Product_166,Grocery,236.3,140.54
167,Product_167,Furniture,320.53,190.64
168,Product_168,Electronics,473.4,281.56
169,Product_169,Sports,426.78,253.83
170,Product_170,Sports,246.79,146.78
171,Product_171,Grocery,167.43,99.58
172,Product_172,Sports,301.06,179.06
173,Product_173,Electronics,149.97,89.2
174,Product_174,Clothing,22.89,13.61
175,Product_175,Furniture,247.53,147.22
176,Product_176,Furniture,360.28,214.28
177,Product_177,Sports,218.32,129.85
178,Product_178,Furniture,286,170.1
179,Product_179,Electronics,404.84,240.78
180,Product_180,Sports,286.89,170.63
181,Product_181,Sports,274.14,163.05
182,Product_182,Furniture,261.92,155.78
183,Product_183,Furniture,132.4,78.75
184,Product_184,Furniture,142.93,85.01
185,Product_185,Clothing,323.26,192.26
186,Product_186,Clothing,315.29,187.52
187,Product_187,Sports,362.55,215.63
188,Product_188,Grocery,469.72,279.37
189,Product_189,Grocery,277.13,164.83
190,Product_190,Electronics,183.67,109.24
191,Product_191,Furniture,377.55,224.55
192,Product_192,Sports,175.83,104.58
193,Product_193,Furniture,187.45,111.49
194,Product_194,Sports,236.67,140.76
195,Product_195,Electronics,371.25,220.81
196,Product_196,Sports,275.62,163.93
197,Product_197,Sports,258.58,153.79
198,Product_198,Sports,75.25,44.76
199,Product_199,Sports,158.79,94.44
200,Product_200,Electronics,15.9,9.46
201,Product_201,Grocery,6.75,4.01
202,Product_202,Furniture,172.36,102.51
203,Product_203,Electronics,182.53,108.56
204,Product_204,Furniture,154.16,91.69
205,Product_205,Clothing,481.59,286.43
206,Product_206,Furniture,66.03,39.27
207,Product_207,Clothing,332.95,198.03
208,Product_208,Clothing,128.15,76.22
209,Product_209,Sports,29.64,17.63
210,Product_210,Grocery,288.74,171.73
211,Product_211,Grocery,368.98,219.46
212,Product_212,Furniture,43.48,25.86
213,Product_213,Sports,213.17,126.79
214,Product_214,Furniture,26.49,15.76
215,Product_215,Furniture,157.32,93.57
216,Product_216,Electronics,254.18,151.18
217,Product_217,Furniture,234.33,139.37
218,Product_218,Furniture,107.26,63.79
219,Product_219,Electronics,214.8,127.76
220,Product_220,Electronics,257.79,153.32
221,Product_221,Furniture,224.33,133.42
222,Product_222,Furniture,82.45,49.04
223,Product_223,Electronics,118.14,70.27
224,Product_224,Sports,68.54,40.77
225,Product_225,Grocery,78.68,46.8
226,Product_226,Clothing,96.1,57.16
227,Product_227,Grocery,87.91,52.29
228,Product_228,Furniture,410.84,244.35
229,Product_229,Furniture,456.56,271.55
230,Product_230,Sports,477.6,284.06
231,Product_231,Grocery,313.78,186.63
232,Product_232,Grocery,12.03,7.16
233,Product_233,Grocery,411.62,244.82
234,Product_234,Grocery,451.46,268.51
235,Product_235,Grocery,276.27,164.32
236,Product_236,Furniture,370.81,220.55
237,Product_237,Clothing,326.34,194.1
238,Product_238,Grocery,386.48,229.87
239,Product_239,Grocery,219.23,130.39
240,Product_240,Grocery,23.46,13.95
241,Product_241,Sports,206.76,122.97
242,Product_242,Grocery,434.84,258.63
243,Product_243,Furniture,238.19,141.67
244,Product_244,Furniture,264.79,157.49
245,Product_245,Furniture,274.91,163.51
246,Product_246,Furniture,197.2,117.29
247,Product_247,Clothing,294.73,175.3
248,Product_248,Grocery,310.74,184.82
249,Product_249,Clothing,189.67,112.81
250,Product_250,Grocery,378.85,225.33
251,Product_251,Sports,492.84,293.12
252,Product_252,Clothing,140.19,83.38
253,Product_253,Sports,198.4,118
254,Product_254,Electronics,121.74,72.41
255,Product_255,Clothing,454.55,270.35
256,Product_256,Furniture,451.93,268.79
257,Product_257,Clothing,98.11,58.35
258,Product_258,Furniture,459,273
259,Product_259,Sports,310.13,184.45
260,Product_260,Electronics,494.38,294.04
261,Product_261,Electronics,34.77,20.68
262,Product_262,Furniture,299.94,178.39
263,Product_263,Clothing,440.73,262.13
264,Product_264,Clothing,244.27,145.28
265,Product_265,Furniture,98.04,58.31
266,Product_266,Grocery,413.51,245.94
267,Product_267,Sports,368.53,219.19
268,Product_268,Clothing,80.91,48.12
269,Product_269,Furniture,94.84,56.41
270,Product_270,Electronics,382.19,227.31
271,Product_271,Grocery,311.79,185.44
272,Product_272,Sports,101.3,60.25
273,Product_273,Furniture,15.89,9.45
274,Product_274,Sports,106.55,63.37
275,Product_275,Electronics,111.86,66.53
276,Product_276,Electronics,123.24,73.3
277,Product_277,Clothing,37.2,22.13
278,Product_278,Grocery,485.98,289.04
279,Product_279,Electronics,24.03,14.29
280,Product_280,Sports,355.82,211.63
281,Product_281,Clothing,440.65,262.08
282,Product_282,Furniture,405.7,241.3
283,Product_283,Sports,261.21,155.36
284,Product_284,Clothing,38.9,23.14
285,Product_285,Electronics,94.25,56.06
286,Product_286,Sports,463.89,275.91
287,Product_287,Furniture,393.5,234.04
288,Product_288,Electronics,212.7,126.51
289,Product_289,Clothing,71.52,42.54
290,Product_290,Sports,377.42,224.48
291,Product_291,Grocery,225.16,133.92
292,Product_292,Electronics,243.2,144.65
293,Product_293,Electronics,447.71,266.28
294,Product_294,Furniture,89.73,53.37
295,Product_295,Electronics,108.76,64.69
296,Product_296,Electronics,359.58,213.87
297,Product_297,Electronics,156.4,93.02
298,Product_298,Furniture,83.81,49.85
299,Product_299,Sports,144.95,86.21
300,Product_300,Electronics,399.57,237.65
301,Product_301,Sports,26.81,15.95
302,Product_302,Grocery,319.97,190.31
303,Product_303,Clothing,378.43,225.08
304,Product_304,Grocery,322.23,191.65
305,Product_305,Electronics,80.98,48.16
306,Product_306,Electronics,295.62,175.82
307,Product_307,Sports,344.11,204.66
308,Product_308,Sports,33.6,19.98
309,Product_309,Sports,426.12,253.44
310,Product_310,Sports,469.37,279.17
311,Product_311,Clothing,112.21,66.74
312,Product_312,Grocery,484.42,288.12
313,Product_313,Electronics,314.14,186.84
314,Product_314,Sports,293.87,174.78
315,Product_315,Furniture,267.98,159.39
316,Product_316,Electronics,113.67,67.61
317,Product_317,Electronics,47.49,28.25
318,Product_318,Furniture,477.3,283.88
319,Product_319,Electronics,225.72,134.25
320,Product_320,Electronics,300.66,178.82
321,Product_321,Grocery,338.89,201.56
322,Product_322,Clothing,437.82,260.4
323,Product_323,Sports,113.48,67.49
324,Product_324,Grocery,373.36,222.06
325,Product_325,Electronics,485.5,288.76
326,Product_326,Sports,55.28,32.88
327,Product_327,Sports,370.11,220.13
328,Product_328,Clothing,421.77,250.85
329,Product_329,Electronics,52.79,31.4
330,Product_330,Sports,482.17,286.78
331,Product_331,Grocery,491.96,292.6
332,Product_332,Clothing,363.04,215.92
333,Product_333,Grocery,463.99,275.97
334,Product_334,Clothing,320.04,190.35
335,Product_335,Grocery,429.28,255.32
336,Product_336,Grocery,74.48,44.3
337,Product_337,Grocery,171.43,101.96
338,Product_338,Grocery,415.91,247.37
339,Product_339,Electronics,168.58,100.27
340,Product_340,Electronics,294.23,175
341,Product_341,Electronics,427.38,254.19
342,Product_342,Furniture,281.63,167.5
343,Product_343,Grocery,414.38,246.46
344,Product_344,Clothing,300.84,178.93
345,Product_345,Electronics,81.89,48.71
346,Product_346,Sports,66.39,39.49
347,Product_347,Clothing,48.52,28.86
348,Product_348,Furniture,218.15,129.75
349,Product_349,Sports,193.68,115.19
350,Product_350,Grocery,253.44,150.74
351,Product_351,Clothing,151.99,90.4
352,Product_352,Electronics,424.71,252.6
353,Product_353,Electronics,251.05,149.32
354,Product_354,Sports,440.16,261.79
355,Product_355,Sports,196.05,116.6
356,Product_356,Grocery,314.9,187.29
357,Product_357,Furniture,485.93,289.01
358,Product_358,Clothing,194.39,115.62
359,Product_359,Sports,364.87,217.01
360,Product_360,Grocery,257.51,153.16
361,Product_361,Electronics,27.15,16.15
362,Product_362,Clothing,99.71,59.3
363,Product_363,Sports,198.41,118.01
364,Product_364,Electronics,477.66,284.1
365,Product_365,Clothing,311.91,185.51
366,Product_366,Electronics,155.94,92.75
367,Product_367,Electronics,467.87,278.27
368,Product_368,Furniture,349.58,207.92
369,Product_369,Electronics,477.71,284.13
370,Product_370,Grocery,394.7,234.75
371,Product_371,Furniture,178.58,106.21
372,Product_372,Electronics,70.06,41.67
373,Product_373,Furniture,86.24,51.29
374,Product_374,Sports,310.92,184.92
375,Product_375,Electronics,253.97,151.05
376,Product_376,Sports,145.4,86.48
377,Product_377,Sports,336.18,199.95
378,Product_378,Electronics,179.4,106.7
379,Product_379,Electronics,9.69,5.76
380,Product_380,Grocery,20.73,12.33
381,Product_381,Clothing,219.85,130.76
382,Product_382,Sports,156.78,93.25
383,Product_383,Furniture,224.66,133.62
384,Product_384,Grocery,137.97,82.06
385,Product_385,Furniture,419.51,249.51
386,Product_386,Clothing,31.91,18.98
387,Product_387,Clothing,66.83,39.75
388,Product_388,Grocery,71.32,42.42
389,Product_389,Clothing,170.82,101.6
390,Product_390,Electronics,487.61,290.01
391,Product_391,Furniture,104.59,62.21
392,Product_392,Sports,303.37,180.43
393,Product_393,Electronics,9.03,5.37
394,Product_394,Furniture,254.52,151.38
395,Product_395,Furniture,310,184.38
396,Product_396,Clothing,249.67,148.5
397,Product_397,Grocery,217.38,129.29
398,Product_398,Clothing,274.4,163.2
399,Product_399,Furniture,405.79,241.35
400,Product_400,Grocery,313.5,186.46
401,Product_401,Furniture,151.88,90.33
402,Product_402,Furniture,324.52,193.01
403,Product_403,Grocery,487.19,289.76
404,Product_404,Furniture,295.23,175.59
405,Product_405,Grocery,12.06,7.17
406,Product_406,Sports,419.09,249.26
407,Product_407,Electronics,208.04,123.74
408,Product_408,Sports,88.02,52.35
409,Product_409,Clothing,380.13,226.09
410,Product_410,Clothing,260.81,155.12
411,Product_411,Grocery,486.9,289.59
412,Product_412,Sports,170.15,101.2
413,Product_413,Clothing,499.06,296.82
414,Product_414,Grocery,417.37,248.24
415,Product_415,Grocery,30.45,18.11
416,Product_416,Electronics,252.45,150.15
417,Product_417,Clothing,34.78,20.69
418,Product_418,Electronics,109.88,65.35
419,Product_419,Electronics,262.5,156.13
420,Product_420,Clothing,370.77,220.52
421,Product_421,Grocery,375.37,223.26
422,Product_422,Electronics,34.21,20.35
423,Product_423,Electronics,321.09,190.97
424,Product_424,Electronics,312.31,185.75
425,Product_425,Electronics,297.36,176.86
426,Product_426,Sports,51.78,30.8
427,Product_427,Grocery,423.65,251.97
428,Product_428,Furniture,292.72,174.1
429,Product_429,Electronics,335.64,199.63
430,Product_430,Grocery,446.72,265.69
431,Product_431,Electronics,135.34,80.5
432,Product_432,Grocery,469.49,279.24
433,Product_433,Clothing,436.97,259.89
434,Product_434,Furniture,42.34,25.18
435,Product_435,Furniture,14.83,8.82
436,Product_436,Grocery,185.02,110.04
437,Product_437,Sports,85.12,50.63
438,Product_438,Electronics,183.7,109.26
439,Product_439,Furniture,239.17,142.25
440,Product_440,Furniture,136.66,81.28
441,Product_441,Sports,93.46,55.59
442,Product_442,Clothing,13.51,8.04
443,Product_443,Grocery,163.77,97.4
444,Product_444,Furniture,311.39,185.2
445,Product_445,Electronics,53.18,31.63
446,Product_446,Clothing,38.18,22.71
447,Product_447,Clothing,48.05,28.58
448,Product_448,Clothing,328.31,195.27
449,Product_449,Furniture,404.19,240.4
450,Product_450,Electronics,359.86,214.03
451,Product_451,Sports,126.47,75.22
452,Product_452,Clothing,64.46,38.34
453,Product_453,Electronics,203.31,120.92
454,Product_454,Sports,410.56,244.19
455,Product_455,Sports,116.49,69.28
456,Product_456,Grocery,301.55,179.35
457,Product_457,Clothing,357.06,212.37
458,Product_458,Electronics,63.98,38.05
459,Product_459,Electronics,20.47,12.17
460,Product_460,Furniture,10.46,6.22
461,Product_461,Sports,243.29,144.7
462,Product_462,Clothing,29.89,17.78
463,Product_463,Furniture,483.66,287.66
464,Product_464,Electronics,207.86,123.63
465,Product_465,Sports,154.44,91.86
466,Product_466,Furniture,391.33,232.75
467,Product_467,Clothing,226.02,134.43
468,Product_468,Electronics,285.2,169.63
469,Product_469,Sports,104.85,62.36
470,Product_470,Furniture,326.63,194.27
471,Product_471,Electronics,159.09,94.62
472,Product_472,Grocery,233.06,138.62
473,Product_473,Sports,10.75,6.39
474,Product_474,Sports,414.97,246.81
475,Product_475,Grocery,370.54,220.38
476,Product_476,Clothing,81.73,48.61
477,Product_477,Electronics,369.1,219.53
478,Product_478,Sports,238.78,142.02
479,Product_479,Furniture,285.42,169.76
480,Product_480,Grocery,198.79,118.23
481,Product_481,Furniture,276.43,164.41
482,Product_482,Clothing,111.61,66.38
483,Product_483,Clothing,148.53,88.34
484,Product_484,Sports,98.25,58.44
485,Product_485,Furniture,381.5,226.9
486,Product_486,Furniture,381.88,227.13
487,Product_487,Electronics,123.84,73.66
488,Product_488,Clothing,115.18,68.51
489,Product_489,Grocery,378.91,225.36
490,Product_490,Electronics,41.15,24.47
491,Product_491,Furniture,54.75,32.56
492,Product_492,Clothing,363.53,216.22
493,Product_493,Electronics,341.57,203.15
494,Product_494,Electronics,149.25,88.77
495,Product_495,Clothing,286.32,170.29
496,Product_496,Furniture,144,85.65
497,Product_497,Sports,493.13,293.3
498,Product_498,Grocery,352.37,209.58
499,Product_499,Furniture,180.6,107.41
500,Product_500,Furniture,195.12,116.05
501,Product_501,Grocery,25.95,15.43
502,Product_502,Sports,239.54,142.47
503,Product_503,Grocery,68.17,40.55
504,Product_504,Sports,249.52,148.41
505,Product_505,Sports,380.45,226.28
506,Product_506,Sports,424.7,252.6
507,Product_507,Clothing,86.9,51.69
508,Product_508,Clothing,212.75,126.54
509,Product_509,Clothing,447.9,266.4
510,Product_510,Electronics,253.59,150.83
511,Product_511,Sports,489.88,291.36
512,Product_512,Furniture,390.09,232.01
513,Product_513,Sports,179.57,106.8
514,Product_514,Electronics,235.03,139.79
515,Product_515,Grocery,305.82,181.89
516,Product_516,Furniture,91.61,54.49
517,Product_517,Sports,271.17,161.28
518,Product_518,Electronics,445.34,264.87
519,Product_519,Sports,136.76,81.34
520,Product_520,Furniture,271.11,161.25
521,Product_521,Clothing,177.75,105.72
522,Product_522,Grocery,406.13,241.55
523,Product_523,Sports,211.44,125.76
524,Product_524,Grocery,170.59,101.46
525,Product_525,Sports,416.1,247.48
526,Product_526,Sports,11.73,6.98
527,Product_527,Grocery,30.44,18.1
528,Product_528,Sports,96.69,57.51
529,Product_529,Electronics,465.96,277.14
530,Product_530,Grocery,39.23,23.33
531,Product_531,Sports,150.12,89.29
532,Product_532,Clothing,178.16,105.96
533,Product_533,Furniture,279.33,166.14
534,Product_534,Clothing,22.95,13.65
535,Product_535,Furniture,135.37,80.51
536,Product_536,Furniture,388.15,230.86
537,Product_537,Furniture,70.43,41.89
538,Product_538,Grocery,334.9,199.19
539,Product_539,Furniture,243.47,144.81
540,Product_540,Electronics,11.87,7.06
541,Product_541,Electronics,462.95,275.35
542,Product_542,Grocery,62.97,37.45
543,Product_543,Electronics,171.02,101.72
544,Product_544,Sports,458.45,272.67
545,Product_545,Electronics,112.84,67.11
546,Product_546,Clothing,303.65,180.6
547,Product_547,Electronics,52.57,31.27
548,Product_548,Furniture,247.7,147.32
549,Product_549,Grocery,6.71,3.99
550,Product_550,Clothing,59.65,35.48
551,Product_551,Clothing,373.74,222.29
552,Product_552,Clothing,102.24,60.81
553,Product_553,Grocery,261.94,155.79
554,Product_554,Clothing,148.53,88.34
555,Product_555,Grocery,256.49,152.55
556,Product_556,Grocery,233.71,139
557,Product_557,Furniture,471.79,280.6
558,Product_558,Sports,207.03,123.13
559,Product_559,Grocery,29.51,17.55
560,Product_560,Clothing,472.83,281.22
561,Product_561,Sports,5.21,3.1
562,Product_562,Grocery,292.54,173.99
563,Product_563,Electronics,284.03,168.93
564,Product_564,Sports,66.4,39.49
565,Product_565,Clothing,190.75,113.45
566,Product_566,Electronics,381.58,226.95
567,Product_567,Electronics,405.38,241.11
568,Product_568,Clothing,300.22,178.56
569,Product_569,Grocery,225.24,133.97
570,Product_570,Electronics,243.15,144.62
571,Product_571,Sports,211.87,126.01
572,Product_572,Sports,161.56,96.09
573,Product_573,Grocery,59.97,35.67
574,Product_574,Electronics,226.01,134.42
575,Product_575,Clothing,236.03,140.38
576,Product_576,Clothing,28.85,17.16
577,Product_577,Electronics,235.58,140.11
578,Product_578,Sports,50.92,30.29
579,Product_579,Clothing,64.68,38.47
580,Product_580,Clothing,25.65,15.26
581,Product_581,Electronics,75.84,45.11
582,Product_582,Grocery,188.11,111.88
583,Product_583,Grocery,167.15,99.42
584,Product_584,Sports,487.35,289.86
585,Product_585,Sports,490.47,291.71
586,Product_586,Electronics,374.25,222.59
587,Product_587,Electronics,169.58,100.86
588,Product_588,Grocery,354.75,210.99
589,Product_589,Sports,6.89,4.1
590,Product_590,Clothing,372.22,221.38
591,Product_591,Electronics,386.1,229.64
592,Product_592,Electronics,476.31,283.29
593,Product_593,Sports,42.68,25.38
594,Product_594,Sports,481.84,286.58
595,Product_595,Electronics,224.56,133.56
596,Product_596,Clothing,440.98,262.28
597,Product_597,Clothing,103.32,61.45
598,Product_598,Clothing,242.92,144.48
599,Product_599,Electronics,272.09,161.83
600,Product_600,Electronics,160.16,95.26
601,Product_601,Grocery,38.86,23.11
602,Product_602,Electronics,49.53,29.46
603,Product_603,Electronics,128.28,76.3
604,Product_604,Clothing,342.93,203.96
605,Product_605,Furniture,276.42,164.41
606,Product_606,Electronics,284.54,169.23
607,Product_607,Furniture,63.53,37.79
608,Product_608,Clothing,63.17,37.57
609,Product_609,Sports,108.61,64.6
610,Product_610,Sports,120.73,71.81
611,Product_611,Grocery,313.82,186.65
612,Product_612,Furniture,407.36,242.28
613,Product_613,Furniture,210.15,124.99
614,Product_614,Clothing,17.66,10.5
615,Product_615,Sports,26.37,15.68
616,Product_616,Grocery,123.41,73.4
617,Product_617,Sports,475.42,282.76
618,Product_618,Clothing,498.89,296.72
619,Product_619,Grocery,392.92,233.7
620,Product_620,Grocery,91.64,54.5
621,Product_621,Sports,15.39,9.15
622,Product_622,Furniture,404.24,240.43
623,Product_623,Sports,43.52,25.88
624,Product_624,Electronics,162.39,96.58
625,Product_625,Sports,304.82,181.3
626,Product_626,Furniture,481.42,286.33
627,Product_627,Furniture,152.16,90.5
628,Product_628,Electronics,128.26,76.28
629,Product_629,Furniture,118.46,70.46
630,Product_630,Furniture,397.81,236.6
631,Product_631,Sports,63.62,37.84
632,Product_632,Sports,21.11,12.56
633,Product_633,Clothing,464.8,276.45
634,Product_634,Sports,13.39,7.96
635,Product_635,Sports,417.55,248.34
636,Product_636,Electronics,451.35,268.45
637,Product_637,Sports,250.09,148.74
638,Product_638,Grocery,483.86,287.78
639,Product_639,Furniture,405.02,240.89
640,Product_640,Grocery,397.06,236.16
641,Product_641,Electronics,440.63,262.07
642,Product_642,Electronics,311.08,185.02
643,Product_643,Furniture,63.91,38.01
644,Product_644,Clothing,403.57,240.03
645,Product_645,Electronics,307.42,182.84
646,Product_646,Furniture,87.33,51.94
647,Product_647,Clothing,115.03,68.42
648,Product_648,Electronics,351.87,209.28
649,Product_649,Electronics,110.01,65.43
650,Product_650,Grocery,29.84,17.75
651,Product_651,Sports,429.65,255.54
652,Product_652,Sports,158.65,94.36
653,Product_653,Sports,37.73,22.44
654,Product_654,Furniture,345.86,205.71
655,Product_655,Furniture,213.91,127.23
656,Product_656,Sports,317.99,189.13
657,Product_657,Electronics,139.75,83.12
658,Product_658,Clothing,346.22,205.92
659,Product_659,Electronics,468.65,278.74
660,Product_660,Electronics,106.55,63.37
661,Product_661,Grocery,494.95,294.38
662,Product_662,Grocery,340.08,202.27
663,Product_663,Furniture,407.62,242.44
664,Product_664,Electronics,200.11,119.02
665,Product_665,Furniture,368.74,219.31
666,Product_666,Grocery,466.45,277.43
667,Product_667,Clothing,421.67,250.79
668,Product_668,Grocery,229.89,136.73
669,Product_669,Sports,445.8,265.15
670,Product_670,Furniture,166.35,98.94
671,Product_671,Grocery,265.15,157.7
672,Product_672,Sports,57.81,34.38
673,Product_673,Clothing,30,17.84
674,Product_674,Sports,364.57,216.83
675,Product_675,Sports,498.57,296.53
676,Product_676,Electronics,89.76,53.39
677,Product_677,Electronics,407.3,242.25
678,Product_678,Furniture,322.62,191.88
679,Product_679,Grocery,362.61,215.67
680,Product_680,Furniture,321.85,191.43
681,Product_681,Grocery,487.79,290.12
682,Product_682,Furniture,202.46,120.42
683,Product_683,Grocery,332.7,197.88
684,Product_684,Grocery,204.94,121.89
685,Product_685,Electronics,41.49,24.68
686,Product_686,Clothing,414.94,246.79
687,Product_687,Electronics,79.24,47.13
688,Product_688,Grocery,71.75,42.67
689,Product_689,Furniture,237.25,141.11
690,Product_690,Furniture,249.54,148.42
691,Product_691,Sports,279.97,166.52
692,Product_692,Clothing,481.58,286.43
693,Product_693,Electronics,354.06,210.58
694,Product_694,Sports,472.17,280.83
695,Product_695,Electronics,255.09,151.72
696,Product_696,Clothing,58.62,34.87
697,Product_697,Sports,25.46,15.14
698,Product_698,Sports,325.27,193.46
699,Product_699,Clothing,430.11,255.81
700,Product_700,Clothing,74.91,44.55
701,Product_701,Grocery,201.71,119.97
702,Product_702,Clothing,497.11,295.66
703,Product_703,Clothing,439.88,261.63
704,Product_704,Electronics,113.12,67.28
705,Product_705,Grocery,404.37,240.51
706,Product_706,Grocery,190.34,113.21
707,Product_707,Grocery,405.3,241.06
708,Product_708,Clothing,199.75,118.8
709,Product_709,Grocery,265.66,158.01
710,Product_710,Sports,324.44,192.97
711,Product_711,Furniture,466.13,277.24
712,Product_712,Grocery,469.75,279.39
713,Product_713,Electronics,140.95,83.83
714,Product_714,Sports,93.46,55.59
715,Product_715,Sports,8.89,5.29
716,Product_716,Grocery,417.07,248.06
717,Product_717,Electronics,372.33,221.45
718,Product_718,Electronics,14.41,8.57
719,Product_719,Sports,190.13,113.08
720,Product_720,Furniture,353.46,210.23
721,Product_721,Clothing,93.59,55.66
722,Product_722,Furniture,14.04,8.35
723,Product_723,Grocery,318.1,189.19
724,Product_724,Clothing,403.25,239.84
725,Product_725,Sports,42.71,25.4
726,Product_726,Sports,124.27,73.91
727,Product_727,Sports,469.69,279.36
728,Product_728,Grocery,199.89,118.89
729,Product_729,Clothing,327.85,194.99
730,Product_730,Sports,263.98,157.01
731,Product_731,Furniture,250.57,149.03
732,Product_732,Furniture,26.55,15.79
733,Product_733,Sports,424.65,252.57
734,Product_734,Electronics,494.55,294.14
735,Product_735,Grocery,211.54,125.82
736,Product_736,Clothing,332.3,197.64
737,Product_737,Grocery,119.49,71.07
738,Product_738,Clothing,111.19,66.13
739,Product_739,Electronics,265.91,158.15
740,Product_740,Grocery,88.76,52.79
741,Product_741,Grocery,175.09,104.14
742,Product_742,Sports,485.57,288.8
743,Product_743,Clothing,325.64,193.68
744,Product_744,Electronics,354.28,210.71
745,Product_745,Sports,138.91,82.62
746,Product_746,Electronics,494.35,294.02
747,Product_747,Grocery,370.05,220.09
748,Product_748,Clothing,381.63,226.98
749,Product_749,Clothing,155.7,92.61
750,Product_750,Electronics,302.03,179.64
751,Product_751,Sports,497.69,296.01
752,Product_752,Sports,251.43,149.54
753,Product_753,Furniture,66.71,39.68
754,Product_754,Grocery,29.67,17.65
755,Product_755,Clothing,197.91,117.71
756,Product_756,Clothing,477.7,284.12
757,Product_757,Grocery,404.3,240.46
758,Product_758,Clothing,19.55,11.63
759,Product_759,Electronics,412.05,245.07
760,Product_760,Electronics,224.48,133.51
761,Product_761,Sports,312.66,185.96
762,Product_762,Sports,231.18,137.5
763,Product_763,Electronics,152.3,90.58
764,Product_764,Grocery,333.4,198.29
765,Product_765,Grocery,341.68,203.22
766,Product_766,Furniture,346.84,206.29
767,Product_767,Clothing,417.49,248.31
768,Product_768,Electronics,179.98,107.05
769,Product_769,Electronics,488.39,290.48
770,Product_770,Sports,285.84,170.01
771,Product_771,Grocery,382.74,227.64
772,Product_772,Grocery,90.86,54.04
773,Product_773,Grocery,220.76,131.3
774,Product_774,Sports,345.74,205.63
775,Product_775,Clothing,294.3,175.04
776,Product_776,Clothing,199.92,118.91
777,Product_777,Clothing,217.96,129.64
778,Product_778,Electronics,419.26,249.36
779,Product_779,Grocery,217.56,129.4
780,Product_780,Clothing,247.93,147.46
781,Product_781,Clothing,384,228.39
782,Product_782,Clothing,132.33,78.71
783,Product_783,Clothing,351.68,209.17
784,Product_784,Sports,55.74,33.15
785,Product_785,Grocery,387.84,230.67
786,Product_786,Furniture,431.47,256.62
787,Product_787,Grocery,455.6,270.98
788,Product_788,Electronics,231.88,137.91
789,Product_789,Grocery,387.22,230.31
790,Product_790,Electronics,16.58,9.86
791,Product_791,Grocery,401.28,238.67
792,Product_792,Electronics,96.87,57.61
793,Product_793,Furniture,22.49,13.38
794,Product_794,Furniture,340.47,202.5
795,Product_795,Electronics,309.41,184.03
796,Product_796,Clothing,250.79,149.16
797,Product_797,Sports,51.9,30.87
798,Product_798,Electronics,311.53,185.29
799,Product_799,Furniture,171.12,101.78
800,Product_800,Grocery,385.03,229
801,Product_801,Clothing,429.42,255.4
802,Product_802,Sports,311.35,185.18
803,Product_803,Sports,275.6,163.92
804,Product_804,Furniture,51.27,30.49
805,Product_805,Grocery,255.21,151.79
806,Product_806,Clothing,131.69,78.32
807,Product_807,Electronics,213.44,126.95
808,Product_808,Furniture,442.17,262.99
809,Product_809,Furniture,322.25,191.66
810,Product_810,Grocery,138.49,82.37
811,Product_811,Clothing,176.17,104.78
812,Product_812,Electronics,408.18,242.77
813,Product_813,Grocery,127.01,75.54
814,Product_814,Grocery,207.62,123.49
815,Product_815,Grocery,356.3,211.92
816,Product_816,Furniture,477.27,283.86
817,Product_817,Electronics,121.72,72.39
818,Product_818,Clothing,324.16,192.8
819,Product_819,Furniture,464.26,276.13
820,Product_820,Clothing,435.58,259.07
821,Product_821,Clothing,366.5,217.98
822,Product_822,Sports,254.68,151.47
823,Product_823,Electronics,370.51,220.37
824,Product_824,Clothing,353.75,210.4
825,Product_825,Clothing,310.3,184.56
826,Product_826,Sports,357.06,212.37
827,Product_827,Electronics,401,238.5
828,Product_828,Electronics,326.17,193.99
829,Product_829,Electronics,120.99,71.96
830,Product_830,Sports,214.74,127.72
831,Product_831,Grocery,409.22,243.39
832,Product_832,Clothing,334.81,199.13
833,Product_833,Grocery,377.7,224.64
834,Product_834,Sports,496.77,295.46
835,Product_835,Electronics,41.04,24.41
836,Product_836,Clothing,69.59,41.39
837,Product_837,Grocery,442.83,263.38
838,Product_838,Clothing,132,78.51
839,Product_839,Clothing,21.73,12.92
840,Product_840,Furniture,16.56,9.85
841,Product_841,Furniture,174.8,103.97
842,Product_842,Grocery,437.64,260.29
843,Product_843,Sports,266.06,158.24
844,Product_844,Grocery,157.8,93.85
845,Product_845,Electronics,45.12,26.84
846,Product_846,Sports,382.48,227.49
847,Product_847,Clothing,69.87,41.56
848,Product_848,Sports,308.76,183.64
849,Product_849,Furniture,106.97,63.62
850,Product_850,Electronics,249.7,148.51
851,Product_851,Furniture,347.12,206.46
852,Product_852,Furniture,487.89,290.18
853,Product_853,Electronics,480.34,285.69
854,Product_854,Clothing,224.56,133.56
855,Product_855,Grocery,341.39,203.05
856,Product_856,Clothing,152.29,90.58
857,Product_857,Clothing,333.19,198.17
858,Product_858,Electronics,357.2,212.45
859,Product_859,Clothing,175.7,104.5
860,Product_860,Clothing,260.33,154.84
861,Product_861,Clothing,293.82,174.75
862,Product_862,Electronics,423.3,251.76
863,Product_863,Grocery,194.25,115.53
864,Product_864,Electronics,213.95,127.25
865,Product_865,Furniture,36.46,21.69
866,Product_866,Electronics,184.01,109.44
867,Product_867,Sports,178.57,106.21
868,Product_868,Furniture,451.91,268.78
869,Product_869,Sports,297.26,176.8
870,Product_870,Furniture,380.94,226.57
871,Product_871,Clothing,410.74,244.29
872,Product_872,Furniture,240.98,143.33
873,Product_873,Electronics,361.97,215.29
874,Product_874,Electronics,106.57,63.38
875,Product_875,Furniture,68.12,40.52
876,Product_876,Clothing,14.32,8.52
877,Product_877,Furniture,426.06,253.41
878,Product_878,Electronics,301.1,179.08
879,Product_879,Clothing,481.09,286.14
880,Product_880,Furniture,273.8,162.85
881,Product_881,Sports,125.91,74.89
882,Product_882,Sports,163.92,97.49
883,Product_883,Furniture,258.31,153.63
884,Product_884,Grocery,360.81,214.6
885,Product_885,Furniture,453.31,269.61
886,Product_886,Clothing,174.47,103.77
887,Product_887,Clothing,25.84,15.37
888,Product_888,Electronics,186.97,111.2
889,Product_889,Grocery,334,198.65
890,Product_890,Grocery,212.36,126.3
891,Product_891,Clothing,130.61,77.68
892,Product_892,Grocery,205.08,121.97
893,Product_893,Clothing,113.55,67.54
894,Product_894,Clothing,281.3,167.31
895,Product_895,Grocery,271.17,161.28
896,Product_896,Furniture,265.98,158.2
897,Product_897,Electronics,450.79,268.11
898,Product_898,Clothing,368.39,219.11
899,Product_899,Clothing,183.37,109.06
900,Product_900,Grocery,11.75,6.99
901,Product_901,Clothing,393.45,234.01
902,Product_902,Furniture,476,283.11
903,Product_903,Sports,355.37,211.36
904,Product_904,Sports,479.42,285.14
905,Product_905,Grocery,326.98,194.48
906,Product_906,Electronics,65.88,39.18
907,Product_907,Furniture,388.58,231.11
908,Product_908,Electronics,13.01,7.74
909,Product_909,Clothing,322.92,192.06
910,Product_910,Sports,382.64,227.58
911,Product_911,Furniture,493.77,293.68
912,Product_912,Grocery,355.04,211.17
913,Product_913,Electronics,78.81,46.87
914,Product_914,Electronics,149.1,88.68
915,Product_915,Clothing,236.28,140.53
916,Product_916,Furniture,204.87,121.85
917,Product_917,Clothing,56.35,33.52
918,Product_918,Grocery,206.68,122.93
919,Product_919,Electronics,369.66,219.86
920,Product_920,Sports,405.87,241.4
921,Product_921,Grocery,170.14,101.19
922,Product_922,Grocery,283.88,168.84
923,Product_923,Furniture,60.33,35.88
924,Product_924,Clothing,82.97,49.35
925,Product_925,Furniture,101.6,60.43
926,Product_926,Grocery,452.46,269.11
927,Product_927,Grocery,182.01,108.25
928,Product_928,Sports,256.65,152.65
929,Product_929,Clothing,280.61,166.9
930,Product_930,Grocery,241.7,143.75
931,Product_931,Furniture,443.25,263.63
932,Product_932,Furniture,107.15,63.73
933,Product_933,Grocery,304.54,181.13
934,Product_934,Sports,286.44,170.36
935,Product_935,Furniture,51.78,30.8
936,Product_936,Clothing,41.29,24.56
937,Product_937,Clothing,413.69,246.05
938,Product_938,Furniture,250.77,149.15
939,Product_939,Clothing,126.49,75.23
940,Product_940,Furniture,306.39,182.23
941,Product_941,Grocery,405.16,240.98
942,Product_942,Grocery,394.74,234.78
943,Product_943,Clothing,240.7,143.16
944,Product_944,Grocery,394.19,234.45
945,Product_945,Furniture,299.01,177.84
946,Product_946,Clothing,416.01,247.43
947,Product_947,Sports,87.14,51.83
948,Product_948,Electronics,471.86,280.65
949,Product_949,Electronics,406.4,241.71
950,Product_950,Sports,186.76,111.08
951,Product_951,Clothing,236.56,140.7
952,Product_952,Clothing,89.55,53.26
953,Product_953,Grocery,70.77,42.09
954,Product_954,Furniture,101.44,60.33
955,Product_955,Clothing,242.13,144.01
956,Product_956,Grocery,496.33,295.2
957,Product_957,Electronics,474.15,282.01
958,Product_958,Sports,133.47,79.38
959,Product_959,Sports,221.57,131.78
960,Product_960,Electronics,11.42,6.79
961,Product_961,Furniture,329.36,195.89
962,Product_962,Sports,400.33,238.1
963,Product_963,Clothing,323,192.11
964,Product_964,Grocery,410.18,243.96
965,Product_965,Electronics,155.74,92.63
966,Product_966,Electronics,308.99,183.78
967,Product_967,Clothing,370.37,220.28
968,Product_968,Sports,82.15,48.86
969,Product_969,Electronics,83.61,49.73
970,Product_970,Clothing,57.47,34.18
971,Product_971,Clothing,341.73,203.25
972,Product_972,Furniture,249.66,148.49
973,Product_973,Furniture,470.04,279.56
974,Product_974,Clothing,14.14,8.41
975,Product_975,Furniture,353.62,210.32
976,Product_976,Sports,295.6,175.81
977,Product_977,Grocery,63.76,37.92
978,Product_978,Clothing,484.98,288.45
979,Product_979,Grocery,319.93,190.28
980,Product_980,Furniture,278.98,165.93
981,Product_981,Furniture,251.51,149.59
982,Product_982,Sports,467.62,278.12
983,Product_983,Electronics,309.11,183.85
984,Product_984,Furniture,34.5,20.52
985,Product_985,Electronics,166.89,99.26
986,Product_986,Furniture,114.54,68.12
987,Product_987,Sports,126.44,75.2
988,Product_988,Electronics,340.12,202.29
989,Product_989,Clothing,182.68,108.65
990,Product_990,Furniture,77.06,45.83
991,Product_991,Sports,164.76,97.99
992,Product_992,Furniture,188,111.82
993,Product_993,Clothing,228.59,135.96
994,Product_994,Furniture,472.85,281.23
995,Product_995,Electronics,419.91,249.75
996,Product_996,Electronics,455.84,271.12
997,Product_997,Clothing,481.62,286.45
998,Product_998,Grocery,77.47,46.08
999,Product_999,Clothing,376.4,223.87
1000,Product_1000,Clothing,349.63,207.95
1001,Product_1001,Clothing,431.17,256.45
1002,Product_1002,Grocery,425.86,253.29
1003,Product_1003,Clothing,250.08,148.74
1004,Product_1004,Furniture,30.07,17.88
1005,Product_1005,Clothing,223.93,133.19
1006,Product_1006,Furniture,55.45,32.98
1007,Product_1007,Electronics,345.52,205.5
1008,Product_1008,Grocery,66.53,39.57
1009,Product_1009,Furniture,300.86,178.94
1010,Product_1010,Furniture,102.23,60.8
1011,Product_1011,Electronics,327.57,194.83
1012,Product_1012,Clothing,455.05,270.65
1013,Product_1013,Sports,239.93,142.7
1014,Product_1014,Electronics,453.72,269.86
1015,Product_1015,Furniture,213.17,126.79
1016,Product_1016,Clothing,470.61,279.9
1017,Product_1017,Clothing,359.57,213.86
1018,Product_1018,Clothing,276.37,164.38
1019,Product_1019,Electronics,14,8.33
1020,Product_1020,Electronics,454.04,270.05
1021,Product_1021,Electronics,27.92,16.61
1022,Product_1022,Sports,427.55,254.29
1023,Product_1023,Sports,231.29,137.56
1024,Product_1024,Furniture,128.91,76.67
1025,Product_1025,Clothing,418.36,248.83
1026,Product_1026,Electronics,299.91,178.38
1027,Product_1027,Furniture,265.64,157.99
1028,Product_1028,Grocery,157.7,93.79
1029,Product_1029,Furniture,306.17,182.1
1030,Product_1030,Grocery,336.72,200.27
1031,Product_1031,Sports,440.74,262.14
1032,Product_1032,Sports,488.86,290.76
1033,Product_1033,Clothing,351.15,208.85
1034,Product_1034,Grocery,252.45,150.15
1035,Product_1035,Sports,317.9,189.08
1036,Product_1036,Clothing,155.31,92.37
1037,Product_1037,Sports,133.14,79.19
1038,Product_1038,Clothing,134.94,80.26
1039,Product_1039,Clothing,176.38,104.9
1040,Product_1040,Furniture,279.49,166.23
1041,Product_1041,Electronics,19.37,11.52
1042,Product_1042,Electronics,250.76,149.14
1043,Product_1043,Sports,326.79,194.36
1044,Product_1044,Sports,188.3,111.99
1045,Product_1045,Furniture,134.8,80.17
1046,Product_1046,Sports,89.04,52.96
1047,Product_1047,Clothing,99.63,59.26
1048,Product_1048,Furniture,299.36,178.05
1049,Product_1049,Sports,454.93,270.58
1050,Product_1050,Sports,107.64,64.02
1051,Product_1051,Electronics,188.69,112.23
1052,Product_1052,Clothing,70.34,41.84
1053,Product_1053,Clothing,439.37,261.32
1054,Product_1054,Electronics,465.74,277.01
1055,Product_1055,Clothing,117.39,69.82
1056,Product_1056,Electronics,176.06,104.71
1057,Product_1057,Electronics,428.41,254.8
1058,Product_1058,Sports,466.85,277.67
1059,Product_1059,Furniture,40.86,24.3
1060,Product_1060,Sports,92.63,55.09
1061,Product_1061,Grocery,49.1,29.2
1062,Product_1062,Clothing,161.09,95.81
1063,Product_1063,Electronics,84.46,50.23
1064,Product_1064,Furniture,141.69,84.27
1065,Product_1065,Sports,428.91,255.1
1066,Product_1066,Electronics,368.11,218.94
1067,Product_1067,Electronics,488.26,290.4
1068,Product_1068,Furniture,337.43,200.69
1069,Product_1069,Sports,347.61,206.75
1070,Product_1070,Clothing,363.61,216.26
1071,Product_1071,Grocery,322.2,191.63
1072,Product_1072,Clothing,349.01,207.58
1073,Product_1073,Furniture,421.3,250.57
1074,Product_1074,Sports,492.54,292.95
1075,Product_1075,Furniture,171.56,102.04
1076,Product_1076,Grocery,121.01,71.97
1077,Product_1077,Clothing,305.78,181.87
1078,Product_1078,Electronics,201.93,120.1
1079,Product_1079,Grocery,390.12,232.03
1080,Product_1080,Grocery,32.44,19.29
1081,Product_1081,Electronics,437.59,260.26
1082,Product_1082,Electronics,358.17,213.03
1083,Product_1083,Sports,42.68,25.38
1084,Product_1084,Furniture,69.01,41.04
1085,Product_1085,Clothing,321.19,191.03
1086,Product_1086,Sports,390.63,232.33
1087,Product_1087,Clothing,155.68,92.59
1088,Product_1088,Sports,51.34,30.54
1089,Product_1089,Sports,293.19,174.38
1090,Product_1090,Clothing,14.01,8.33
1091,Product_1091,Sports,145.11,86.31
1092,Product_1092,Electronics,136,80.89
1093,Product_1093,Clothing,244.37,145.34
1094,Product_1094,Grocery,125.96,74.92
1095,Product_1095,Grocery,250.66,149.08
1096,Product_1096,Furniture,26.25,15.61
1097,Product_1097,Sports,197.68,117.57
1098,Product_1098,Grocery,370.2,220.18
1099,Product_1099,Electronics,319.8,190.21
1100,Product_1100,Clothing,244.86,145.63
1101,Product_1101,Furniture,266.66,158.6
1102,Product_1102,Furniture,98.57,58.63
1103,Product_1103,Clothing,8.23,4.89
1104,Product_1104,Sports,289.43,172.14
1105,Product_1105,Sports,491.29,292.2
1106,Product_1106,Electronics,93.25,55.46
1107,Product_1107,Sports,282.17,167.83
1108,Product_1108,Furniture,238.49,141.85
1109,Product_1109,Furniture,103.78,61.72
1110,Product_1110,Grocery,295.75,175.9
1111,Product_1111,Sports,320.46,190.6
1112,Product_1112,Clothing,464.73,276.41
1113,Product_1113,Grocery,485.95,289.03
1114,Product_1114,Sports,9.75,5.8
1115,Product_1115,Grocery,282.78,168.19
1116,Product_1116,Grocery,375.41,223.28
1117,Product_1117,Electronics,157.03,93.4
1118,Product_1118,Clothing,404.65,240.67
1119,Product_1119,Clothing,470.67,279.94
1120,Product_1120,Furniture,348.73,207.41
1121,Product_1121,Sports,155.48,92.47
1122,Product_1122,Sports,368.53,219.19
1123,Product_1123,Furniture,11.87,7.06
1124,Product_1124,Electronics,405.14,240.96
1125,Product_1125,Grocery,364.32,216.69
1126,Product_1126,Furniture,417.27,248.18
1127,Product_1127,Furniture,172.26,102.45
1128,Product_1128,Grocery,373.37,222.07
1129,Product_1129,Sports,398.78,237.18
1130,Product_1130,Grocery,442.29,263.06
1131,Product_1131,Clothing,142.36,84.67
1132,Product_1132,Clothing,364.28,216.66
1133,Product_1133,Furniture,65.4,38.9
1134,Product_1134,Sports,263.91,156.96
1135,Product_1135,Electronics,406.63,241.85
1136,Product_1136,Electronics,365.56,217.42
1137,Product_1137,Grocery,492.11,292.69
1138,Product_1138,Sports,408.29,242.84
1139,Product_1139,Electronics,427.57,254.3
1140,Product_1140,Furniture,419.28,249.37
1141,Product_1141,Grocery,312.14,185.65
1142,Product_1142,Grocery,367.86,218.79
1143,Product_1143,Furniture,91.78,54.59
1144,Product_1144,Sports,466.94,277.72
1145,Product_1145,Electronics,329.05,195.71
1146,Product_1146,Furniture,371.48,220.94
1147,Product_1147,Sports,393.83,234.24
1148,Product_1148,Grocery,238.18,141.66
1149,Product_1149,Sports,99.93,59.43
1150,Product_1150,Furniture,25.54,15.19
1151,Product_1151,Grocery,118.64,70.56
1152,Product_1152,Electronics,61.96,36.85
1153,Product_1153,Sports,312.17,185.67
1154,Product_1154,Clothing,363.78,216.36
1155,Product_1155,Furniture,306.35,182.21
1156,Product_1156,Furniture,259.64,154.42
1157,Product_1157,Grocery,110.83,65.92
1158,Product_1158,Grocery,379.26,225.57
1159,Product_1159,Clothing,402.45,239.36
1160,Product_1160,Furniture,468.76,278.8
1161,Product_1161,Clothing,372.97,221.83
1162,Product_1162,Clothing,135.41,80.54
1163,Product_1163,Grocery,36.99,22
1164,Product_1164,Furniture,421.02,250.41
1165,Product_1165,Clothing,446.65,265.65
1166,Product_1166,Grocery,467.27,277.92
1167,Product_1167,Sports,387.77,230.63
1168,Product_1168,Clothing,169.26,100.67
1169,Product_1169,Clothing,489.17,290.94
1170,Product_1170,Furniture,118.43,70.44
1171,Product_1171,Electronics,182.29,108.42
1172,Product_1172,Clothing,434.85,258.63
1173,Product_1173,Sports,265.49,157.9
1174,Product_1174,Clothing,9.49,5.64
1175,Product_1175,Clothing,361.9,215.25
1176,Product_1176,Furniture,137.08,81.53
1177,Product_1177,Sports,164.72,97.97
1178,Product_1178,Grocery,265.38,157.84
1179,Product_1179,Sports,283.81,168.8
1180,Product_1180,Sports,152.8,90.88
1181,Product_1181,Sports,279.88,166.46
1182,Product_1182,Clothing,48.39,28.78
1183,Product_1183,Furniture,415.57,247.17
1184,Product_1184,Clothing,494.89,294.34
1185,Product_1185,Grocery,374.87,222.96
1186,Product_1186,Clothing,440.32,261.89
1187,Product_1187,Clothing,226.34,134.62
1188,Product_1188,Clothing,239.35,142.36
1189,Product_1189,Clothing,299.33,178.03
1190,Product_1190,Grocery,363.01,215.91
1191,Product_1191,Grocery,310.49,184.67
1192,Product_1192,Sports,225.11,133.89
1193,Product_1193,Clothing,57.47,34.18
1194,Product_1194,Grocery,319.84,190.23
1195,Product_1195,Furniture,258.65,153.84
1196,Product_1196,Clothing,392.07,233.19
1197,Product_1197,Sports,156.47,93.06
1198,Product_1198,Furniture,139.47,82.95
1199,Product_1199,Clothing,334.05,198.68
1200,Product_1200,Furniture,377.69,224.64
1201,Product_1201,Sports,138.9,82.61
1202,Product_1202,Furniture,443.98,264.06
1203,Product_1203,Electronics,474.65,282.31
1204,Product_1204,Sports,460.29,273.76
1205,Product_1205,Clothing,228.11,135.67
1206,Product_1206,Grocery,499.13,296.87
1207,Product_1207,Grocery,233.34,138.78
1208,Product_1208,Electronics,469.74,279.39
1209,Product_1209,Sports,273.95,162.94
1210,Product_1210,Electronics,239.51,142.45
1211,Product_1211,Grocery,385.95,229.55
1212,Product_1212,Clothing,226.05,134.45
1213,Product_1213,Clothing,203.3,120.92
1214,Product_1214,Clothing,248.98,148.08
1215,Product_1215,Electronics,352.71,209.78
1216,Product_1216,Sports,431.68,256.75
1217,Product_1217,Electronics,328.13,195.16
1218,Product_1218,Clothing,262.96,156.4
1219,Product_1219,Grocery,48.37,28.77
1220,Product_1220,Grocery,333.07,198.1
1221,Product_1221,Sports,443.94,264.04
1222,Product_1222,Sports,59.99,35.68
1223,Product_1223,Grocery,96.64,57.48
1224,Product_1224,Furniture,464.27,276.13
1225,Product_1225,Electronics,198.26,117.92
1226,Product_1226,Grocery,66.6,39.61
1227,Product_1227,Furniture,381.19,226.72
1228,Product_1228,Clothing,453.56,269.76
1229,Product_1229,Grocery,499.55,297.12
1230,Product_1230,Clothing,202.48,120.43
1231,Product_1231,Clothing,466.82,277.65
1232,Product_1232,Furniture,475.68,282.92
1233,Product_1233,Furniture,293.28,174.43
1234,Product_1234,Grocery,51.13,30.41
1235,Product_1235,Furniture,94.63,56.28
1236,Product_1236,Clothing,376.36,223.85
1237,Product_1237,Furniture,232.21,138.11
1238,Product_1238,Furniture,96.63,57.47
1239,Product_1239,Sports,244.17,145.22
1240,Product_1240,Clothing,464.54,276.29
1241,Product_1241,Clothing,309.13,183.86
1242,Product_1242,Electronics,104.56,62.19
1243,Product_1243,Clothing,83.16,49.46
1244,Product_1244,Sports,313.42,186.41
1245,Product_1245,Sports,221.49,131.73
1246,Product_1246,Sports,478.3,284.48
1247,Product_1247,Grocery,472.27,280.89
1248,Product_1248,Furniture,61.54,36.6
1249,Product_1249,Electronics,304.14,180.89
1250,Product_1250,Sports,486.19,289.17
1251,Product_1251,Furniture,338.21,201.16
1252,Product_1252,Grocery,7.09,4.22
1253,Product_1253,Grocery,76.01,45.21
1254,Product_1254,Grocery,42.31,25.16
1255,Product_1255,Clothing,86.82,51.64
1256,Product_1256,Furniture,309.28,183.95
1257,Product_1257,Grocery,312.73,186
1258,Product_1258,Grocery,232.37,138.21
1259,Product_1259,Sports,472.42,280.98
1260,Product_1260,Electronics,38.81,23.08
1261,Product_1261,Grocery,50.33,29.93
1262,Product_1262,Grocery,395.46,235.21
1263,Product_1263,Sports,283.52,168.63
1264,Product_1264,Clothing,70.74,42.07
1265,Product_1265,Grocery,11.5,6.84
1266,Product_1266,Electronics,150.28,89.38
1267,Product_1267,Grocery,170.9,101.65
1268,Product_1268,Electronics,157.23,93.52
1269,Product_1269,Grocery,487.01,289.66
1270,Product_1270,Clothing,332.85,197.97
1271,Product_1271,Electronics,98.63,58.66
1272,Product_1272,Electronics,454.34,270.23
1273,Product_1273,Grocery,260.27,154.8
1274,Product_1274,Grocery,102.3,60.84
1275,Product_1275,Clothing,238.37,141.77
1276,Product_1276,Furniture,186.91,111.17
1277,Product_1277,Sports,178.7,106.28
1278,Product_1278,Sports,97.76,58.14
1279,Product_1279,Grocery,396.18,235.63
1280,Product_1280,Electronics,84.98,50.54
1281,Product_1281,Grocery,489.8,291.32
1282,Product_1282,Furniture,125.95,74.91
1283,Product_1283,Electronics,193.46,115.06
1284,Product_1284,Grocery,270.22,160.72
1285,Product_1285,Electronics,386.12,229.65
1286,Product_1286,Sports,14.29,8.5
1287,Product_1287,Electronics,210.51,125.2
1288,Product_1288,Grocery,331.3,197.05
1289,Product_1289,Grocery,378.29,224.99
1290,Product_1290,Sports,217.15,129.15
1291,Product_1291,Electronics,404.45,240.55
1292,Product_1292,Electronics,67.03,39.87
1293,Product_1293,Electronics,79.11,47.05
1294,Product_1294,Sports,322.08,191.56
1295,Product_1295,Electronics,46.04,27.38
1296,Product_1296,Clothing,270.53,160.9
1297,Product_1297,Grocery,433.59,257.88
1298,Product_1298,Sports,156.14,92.87
1299,Product_1299,Clothing,242.93,144.49
1300,Product_1300,Grocery,239.19,142.26
1301,Product_1301,Furniture,169.21,100.64
1302,Product_1302,Furniture,21.97,13.07
1303,Product_1303,Grocery,377.61,224.59
1304,Product_1304,Clothing,205.24,122.07
1305,Product_1305,Clothing,107.72,64.07
1306,Product_1306,Electronics,237.82,141.45
1307,Product_1307,Grocery,117.94,70.15
1308,Product_1308,Grocery,147.35,87.64
1309,Product_1309,Sports,430.56,256.08
1310,Product_1310,Clothing,365.5,217.39
1311,Product_1311,Grocery,116.38,69.22
1312,Product_1312,Clothing,68.5,40.74
1313,Product_1313,Sports,496.62,295.37
1314,Product_1314,Sports,492.09,292.68
1315,Product_1315,Furniture,493.45,293.49
1316,Product_1316,Electronics,109.09,64.88
1317,Product_1317,Clothing,420.41,250.05
1318,Product_1318,Furniture,404.71,240.71
1319,Product_1319,Sports,188.08,111.86
1320,Product_1320,Furniture,186.28,110.79
1321,Product_1321,Grocery,129.53,77.04
1322,Product_1322,Electronics,126.36,75.15
1323,Product_1323,Clothing,192.02,114.21
1324,Product_1324,Furniture,337.17,200.54
1325,Product_1325,Electronics,43.87,26.09
1326,Product_1326,Electronics,471.88,280.66
1327,Product_1327,Sports,230.58,137.14
1328,Product_1328,Furniture,307.71,183.02
1329,Product_1329,Sports,420.04,249.83
1330,Product_1330,Grocery,100.51,59.78
1331,Product_1331,Sports,476.68,283.51
1332,Product_1332,Grocery,290.7,172.9
1333,Product_1333,Electronics,7.24,4.31
1334,Product_1334,Electronics,102.57,61.01
1335,Product_1335,Clothing,356.92,212.28
1336,Product_1336,Electronics,89.94,53.49
1337,Product_1337,Furniture,44.17,26.27
1338,Product_1338,Electronics,266.3,158.39
1339,Product_1339,Electronics,181.96,108.22
1340,Product_1340,Sports,496.71,295.43
1341,Product_1341,Grocery,148.58,88.37
1342,Product_1342,Sports,340.5,202.52
1343,Product_1343,Grocery,331.34,197.07
1344,Product_1344,Clothing,159.52,94.88
1345,Product_1345,Sports,290.66,172.87
1346,Product_1346,Clothing,151.39,90.04
1347,Product_1347,Furniture,277.83,165.24
1348,Product_1348,Electronics,231.1,137.45
1349,Product_1349,Electronics,46.1,27.42
1350,Product_1350,Electronics,242.93,144.49
1351,Product_1351,Furniture,76.76,45.65
1352,Product_1352,Sports,335.69,199.66
1353,Product_1353,Electronics,74.12,44.08
1354,Product_1354,Electronics,463.37,275.6
1355,Product_1355,Sports,364.76,216.95
1356,Product_1356,Electronics,90.91,54.07
1357,Product_1357,Electronics,421.57,250.74
1358,Product_1358,Electronics,376.63,224.01
1359,Product_1359,Grocery,305.86,181.92
1360,Product_1360,Clothing,165.85,98.64
1361,Product_1361,Grocery,79.68,47.39
1362,Product_1362,Grocery,342.16,203.51
1363,Product_1363,Furniture,499.06,296.82
1364,Product_1364,Clothing,92.34,54.92
1365,Product_1365,Electronics,201.06,119.58
1366,Product_1366,Clothing,160.9,95.7
1367,Product_1367,Electronics,452.38,269.06
1368,Product_1368,Sports,196.72,117
1369,Product_1369,Sports,146.13,86.91
1370,Product_1370,Sports,477.12,283.77
1371,Product_1371,Clothing,69.71,41.46
1372,Product_1372,Electronics,8.86,5.27
1373,Product_1373,Electronics,26.04,15.49
1374,Product_1374,Furniture,126.34,75.14
1375,Product_1375,Grocery,18.22,10.84
1376,Product_1376,Furniture,173.65,103.28
1377,Product_1377,Grocery,457.21,271.93
1378,Product_1378,Grocery,176.08,104.73
1379,Product_1379,Electronics,418.77,249.07
1380,Product_1380,Furniture,270.84,161.09
1381,Product_1381,Grocery,353.98,210.54
1382,Product_1382,Grocery,169.92,101.06
1383,Product_1383,Furniture,494.42,294.06
1384,Product_1384,Grocery,103.79,61.73
1385,Product_1385,Furniture,251.81,149.77
1386,Product_1386,Electronics,313.21,186.29
1387,Product_1387,Grocery,360.24,214.26
1388,Product_1388,Sports,466.39,277.39
1389,Product_1389,Sports,349.22,207.7
1390,Product_1390,Sports,473.01,281.33
1391,Product_1391,Sports,24.75,14.72
1392,Product_1392,Grocery,257.48,153.14
1393,Product_1393,Grocery,217.1,129.12
1394,Product_1394,Furniture,198.1,117.82
1395,Product_1395,Sports,43.71,26
1396,Product_1396,Electronics,170.83,101.6
1397,Product_1397,Electronics,316.6,188.3
1398,Product_1398,Electronics,387.23,230.31
1399,Product_1399,Sports,232.73,138.42
1400,Product_1400,Clothing,204.97,121.91
1401,Product_1401,Sports,171.96,102.28
1402,Product_1402,Sports,419.41,249.45
1403,Product_1403,Furniture,375.09,223.09
1404,Product_1404,Electronics,296.39,176.28
1405,Product_1405,Electronics,77.52,46.11
1406,Product_1406,Furniture,484.67,288.27
1407,Product_1407,Furniture,9.71,5.78
1408,Product_1408,Furniture,148.83,88.52
1409,Product_1409,Furniture,475.75,282.96
1410,Product_1410,Sports,196.99,117.16
1411,Product_1411,Clothing,301.62,179.39
1412,Product_1412,Clothing,45.12,26.84
1413,Product_1413,Electronics,273.96,162.94
1414,Product_1414,Clothing,494.77,294.27
1415,Product_1415,Sports,329.82,196.17
1416,Product_1416,Grocery,385.99,229.57
1417,Product_1417,Clothing,435.21,258.85
1418,Product_1418,Clothing,171.38,101.93
1419,Product_1419,Electronics,354.77,211.01
1420,Product_1420,Clothing,211.93,126.05
1421,Product_1421,Sports,436.95,259.88
1422,Product_1422,Sports,318.58,189.48
1423,Product_1423,Grocery,100.84,59.98
1424,Product_1424,Clothing,174.52,103.8
1425,Product_1425,Electronics,482.43,286.93
1426,Product_1426,Electronics,410.73,244.29
1427,Product_1427,Electronics,316.46,188.22
1428,Product_1428,Sports,194,115.38
1429,Product_1429,Furniture,283.95,168.88
1430,Product_1430,Grocery,195.38,116.21
1431,Product_1431,Clothing,178.15,105.96
1432,Product_1432,Furniture,130.91,77.86
1433,Product_1433,Electronics,173.59,103.25
1434,Product_1434,Electronics,185.09,110.09
1435,Product_1435,Sports,403.18,239.8
1436,Product_1436,Clothing,289.19,172
1437,Product_1437,Sports,314.01,186.76
1438,Product_1438,Electronics,204.37,121.55
1439,Product_1439,Electronics,302.46,179.89
1440,Product_1440,Grocery,290.17,172.58
1441,Product_1441,Furniture,71.23,42.37
1442,Product_1442,Grocery,219.6,130.61
1443,Product_1443,Grocery,481.58,286.43
1444,Product_1444,Grocery,366.01,217.69
1445,Product_1445,Sports,224.24,133.37
1446,Product_1446,Clothing,162.99,96.94
1447,Product_1447,Clothing,245.37,145.94
1448,Product_1448,Electronics,221.85,131.95
1449,Product_1449,Sports,352.13,209.43
1450,Product_1450,Furniture,331.58,197.21
1451,Product_1451,Grocery,12.53,7.45
1452,Product_1452,Clothing,190.52,113.31
1453,Product_1453,Sports,329.89,196.21
1454,Product_1454,Furniture,247.34,147.11
1455,Product_1455,Sports,241.58,143.68
1456,Product_1456,Sports,233.14,138.66
1457,Product_1457,Sports,355.66,211.53
1458,Product_1458,Electronics,265.59,157.96
1459,Product_1459,Electronics,383.7,228.21
1460,Product_1460,Sports,237.72,141.39
1461,Product_1461,Clothing,296.38,176.28
1462,Product_1462,Electronics,238.96,142.13
1463,Product_1463,Sports,242.74,144.37
1464,Product_1464,Furniture,290.76,172.93
1465,Product_1465,Grocery,46.74,27.8
1466,Product_1466,Sports,177.06,105.31
1467,Product_1467,Sports,296.24,176.19
1468,Product_1468,Sports,389.78,231.83
1469,Product_1469,Electronics,164.51,97.84
1470,Product_1470,Sports,86.91,51.69
1471,Product_1471,Electronics,146.48,87.12
1472,Product_1472,Sports,375.3,223.22
1473,Product_1473,Sports,32.34,19.23
1474,Product_1474,Grocery,427.61,254.33
1475,Product_1475,Sports,297.36,176.86
1476,Product_1476,Furniture,34.3,20.4
1477,Product_1477,Sports,6.67,3.97
1478,Product_1478,Electronics,268.33,159.59
1479,Product_1479,Sports,329.75,196.12
1480,Product_1480,Sports,236.82,140.85
1481,Product_1481,Sports,277.27,164.91
1482,Product_1482,Grocery,472.56,281.06
1483,Product_1483,Clothing,317.28,188.71
1484,Product_1484,Furniture,298.86,177.75
1485,Product_1485,Electronics,401.63,238.88
1486,Product_1486,Grocery,388.66,231.16
1487,Product_1487,Grocery,267.32,158.99
1488,Product_1488,Furniture,470.68,279.94
1489,Product_1489,Electronics,243.15,144.62
1490,Product_1490,Furniture,48.38,28.77
1491,Product_1491,Sports,344.77,205.06
1492,Product_1492,Sports,428.54,254.88
1493,Product_1493,Grocery,277.41,164.99
1494,Product_1494,Electronics,13.76,8.18
1495,Product_1495,Electronics,474.84,282.42
1496,Product_1496,Clothing,374.29,222.61
1497,Product_1497,Grocery,400.82,238.39
1498,Product_1498,Furniture,488.26,290.4
1499,Product_1499,Grocery,289.92,172.43
1500,Product_1500,Grocery,74.62,44.38
1501,Product_1501,Furniture,49.42,29.39
1502,Product_1502,Furniture,9.78,5.82
1503,Product_1503,Grocery,96.11,57.16
1504,Product_1504,Clothing,326.89,194.42
1505,Product_1505,Clothing,268.43,159.65
1506,Product_1506,Furniture,311.5,185.27
1507,Product_1507,Electronics,373.93,222.4
1508,Product_1508,Grocery,211.25,125.64
1509,Product_1509,Electronics,498.9,296.73
1510,Product_1510,Clothing,36.14,21.49
1511,Product_1511,Furniture,74.84,44.51
1512,Product_1512,Clothing,118.34,70.38
1513,Product_1513,Furniture,200.73,119.39
1514,Product_1514,Sports,45.74,27.2
1515,Product_1515,Sports,86.68,51.55
1516,Product_1516,Grocery,68.25,40.59
1517,Product_1517,Furniture,402.53,239.41
1518,Product_1518,Furniture,204.91,121.87
1519,Product_1519,Grocery,89.2,53.05
1520,Product_1520,Sports,407.5,242.37
1521,Product_1521,Electronics,195.28,116.15
1522,Product_1522,Furniture,388.52,231.08
1523,Product_1523,Grocery,417.94,248.58
1524,Product_1524,Clothing,277.98,165.33
1525,Product_1525,Electronics,410.35,244.06
1526,Product_1526,Furniture,16.71,9.94
1527,Product_1527,Sports,235.09,139.82
1528,Product_1528,Grocery,118.71,70.6
1529,Product_1529,Sports,122.32,72.75
1530,Product_1530,Sports,196.58,116.92
1531,Product_1531,Furniture,8.93,5.31
1532,Product_1532,Sports,81.34,48.38
1533,Product_1533,Clothing,108.58,64.58
1534,Product_1534,Electronics,186.45,110.89
1535,Product_1535,Furniture,491.79,292.5
1536,Product_1536,Clothing,298.4,177.48
1537,Product_1537,Clothing,71.02,42.24
1538,Product_1538,Clothing,94.23,56.04
1539,Product_1539,Sports,92.66,55.11
1540,Product_1540,Grocery,73.34,43.62
1541,Product_1541,Grocery,70.77,42.09
1542,Product_1542,Electronics,155.86,92.7
1543,Product_1543,Electronics,354.7,210.96
1544,Product_1544,Clothing,397.08,236.17
1545,Product_1545,Electronics,357.98,212.91
1546,Product_1546,Sports,429.52,255.46
1547,Product_1547,Clothing,290.97,173.06
1548,Product_1548,Sports,280.38,166.76
1549,Product_1549,Grocery,173.23,103.03
1550,Product_1550,Sports,35.32,21.01
1551,Product_1551,Sports,403.86,240.2
1552,Product_1552,Clothing,422.65,251.38
1553,Product_1553,Electronics,263.97,157
1554,Product_1554,Electronics,193.91,115.33
1555,Product_1555,Sports,477.54,284.02
1556,Product_1556,Sports,87.09,51.8
1557,Product_1557,Clothing,482.23,286.81
1558,Product_1558,Sports,234.22,139.31
1559,Product_1559,Furniture,378.26,224.98
1560,Product_1560,Furniture,410.68,244.26
1561,Product_1561,Electronics,362.21,215.43
1562,Product_1562,Electronics,282.34,167.93
1563,Product_1563,Furniture,116.03,69.01
1564,Product_1564,Electronics,42.27,25.14
1565,Product_1565,Electronics,419.52,249.52
1566,Product_1566,Sports,291.67,173.48
1567,Product_1567,Clothing,118.22,70.31
1568,Product_1568,Electronics,294.44,175.12
1569,Product_1569,Sports,356.8,212.21
1570,Product_1570,Furniture,114.93,68.36
1571,Product_1571,Clothing,496.56,295.34
1572,Product_1572,Electronics,47.22,28.08
1573,Product_1573,Grocery,379.02,225.43
1574,Product_1574,Grocery,423.71,252.01
1575,Product_1575,Sports,325.44,193.56
1576,Product_1576,Sports,267.94,159.36
1577,Product_1577,Electronics,168.41,100.16
1578,Product_1578,Grocery,183.07,108.88
1579,Product_1579,Sports,210.18,125.01
1580,Product_1580,Furniture,383.79,228.27
1581,Product_1581,Sports,161.29,95.93
1582,Product_1582,Grocery,169.88,101.04
1583,Product_1583,Furniture,162.06,96.39
1584,Product_1584,Furniture,114.97,68.38
1585,Product_1585,Grocery,138.08,82.13
1586,Product_1586,Clothing,281.32,167.32
1587,Product_1587,Furniture,497.2,295.72
1588,Product_1588,Furniture,108.82,64.72
1589,Product_1589,Grocery,355.29,211.31
1590,Product_1590,Sports,312.62,185.94
1591,Product_1591,Sports,111.36,66.23
1592,Product_1592,Furniture,182.98,108.83
1593,Product_1593,Grocery,415.26,246.98
1594,Product_1594,Electronics,274.39,163.2
1595,Product_1595,Grocery,421.59,250.75
1596,Product_1596,Electronics,255.83,152.16
1597,Product_1597,Electronics,332.71,197.88
1598,Product_1598,Furniture,413.77,246.1
1599,Product_1599,Electronics,439.95,261.67
1600,Product_1600,Electronics,493.55,293.55
1601,Product_1601,Grocery,386.75,230.03
1602,Product_1602,Furniture,235.64,140.15
1603,Product_1603,Sports,480.85,285.99
1604,Product_1604,Electronics,281.77,167.59
1605,Product_1605,Grocery,69.99,41.63
1606,Product_1606,Clothing,354.21,210.67
1607,Product_1607,Electronics,180.94,107.62
1608,Product_1608,Furniture,220.91,131.39
1609,Product_1609,Clothing,26.53,15.78
1610,Product_1610,Grocery,5.24,3.12
1611,Product_1611,Clothing,340.88,202.74
1612,Product_1612,Furniture,84.59,50.31
1613,Product_1613,Clothing,98.88,58.81
1614,Product_1614,Furniture,490.13,291.51
1615,Product_1615,Sports,381.59,226.96
1616,Product_1616,Sports,203.85,121.24
1617,Product_1617,Sports,221.42,131.69
1618,Product_1618,Grocery,472.28,280.9
1619,Product_1619,Electronics,430.38,255.98
1620,Product_1620,Grocery,420.21,249.93
1621,Product_1621,Electronics,160.68,95.57
1622,Product_1622,Electronics,227.9,135.55
1623,Product_1623,Grocery,247.46,147.18
1624,Product_1624,Furniture,268.37,159.62
1625,Product_1625,Furniture,230.32,136.99
1626,Product_1626,Sports,169.11,100.58
1627,Product_1627,Furniture,333.87,198.57
1628,Product_1628,Sports,291,173.08
1629,Product_1629,Grocery,410.51,244.16
1630,Product_1630,Sports,19.37,11.52
1631,Product_1631,Grocery,309.38,184.01
1632,Product_1632,Grocery,66.37,39.47
1633,Product_1633,Grocery,457.96,272.38
1634,Product_1634,Grocery,373.34,222.05
1635,Product_1635,Furniture,339.26,201.78
1636,Product_1636,Furniture,63.97,38.05
1637,Product_1637,Furniture,363.69,216.31
1638,Product_1638,Sports,18.1,10.77
1639,Product_1639,Grocery,152.68,90.81
1640,Product_1640,Sports,229.76,136.65
1641,Product_1641,Electronics,204.63,121.71
1642,Product_1642,Electronics,272.34,161.98
1643,Product_1643,Grocery,337.9,200.97
1644,Product_1644,Furniture,96.8,57.57
1645,Product_1645,Furniture,185.69,110.44
1646,Product_1646,Electronics,305.21,181.53
1647,Product_1647,Grocery,304,180.81
1648,Product_1648,Grocery,374.4,222.68
1649,Product_1649,Electronics,204.22,121.46
1650,Product_1650,Electronics,329.09,195.73
1651,Product_1651,Furniture,373.55,222.17
1652,Product_1652,Grocery,422.48,251.28
1653,Product_1653,Clothing,121.69,72.38
1654,Product_1654,Electronics,113.41,67.45
1655,Product_1655,Grocery,459.83,273.49
1656,Product_1656,Electronics,176.19,104.79
1657,Product_1657,Electronics,142.36,84.67
1658,Product_1658,Sports,360.31,214.3
1659,Product_1659,Grocery,437.21,260.04
1660,Product_1660,Electronics,490.17,291.54
1661,Product_1661,Furniture,197.37,117.39
1662,Product_1662,Sports,301.6,179.38
1663,Product_1663,Electronics,186.05,110.66
1664,Product_1664,Sports,411.33,244.64
1665,Product_1665,Clothing,307.05,182.62
1666,Product_1666,Grocery,351.57,209.1
1667,Product_1667,Electronics,316.27,188.11
1668,Product_1668,Furniture,345.23,205.33
1669,Product_1669,Clothing,464.02,275.98
1670,Product_1670,Electronics,53.29,31.7
1671,Product_1671,Furniture,29.59,17.6
1672,Product_1672,Sports,23.15,13.77
1673,Product_1673,Electronics,408.02,242.68
1674,Product_1674,Clothing,396.69,235.94
1675,Product_1675,Sports,32.38,19.26
1676,Product_1676,Clothing,59.19,35.2
1677,Product_1677,Electronics,407.26,242.22
1678,Product_1678,Electronics,122.98,73.14
1679,Product_1679,Electronics,338.71,201.45
1680,Product_1680,Electronics,427.03,253.98
1681,Product_1681,Sports,56.05,33.34
1682,Product_1682,Furniture,98.38,58.51
1683,Product_1683,Clothing,254.69,151.48
1684,Product_1684,Electronics,421.41,250.64
1685,Product_1685,Clothing,252.25,150.03
1686,Product_1686,Furniture,337.28,200.6
1687,Product_1687,Grocery,239.91,142.69
1688,Product_1688,Electronics,450.16,267.74
1689,Product_1689,Clothing,461.38,274.41
1690,Product_1690,Clothing,194.01,115.39
1691,Product_1691,Sports,291.3,173.26
1692,Product_1692,Grocery,260.26,154.79
1693,Product_1693,Clothing,241.23,143.48
1694,Product_1694,Electronics,416.4,247.66
1695,Product_1695,Clothing,73.99,44.01
1696,Product_1696,Electronics,312.73,186
1697,Product_1697,Sports,53.13,31.6
1698,Product_1698,Clothing,321.86,191.43
1699,Product_1699,Sports,69.89,41.57
1700,Product_1700,Grocery,228.79,136.08
1701,Product_1701,Electronics,187.96,111.79
1702,Product_1702,Sports,296.95,176.62
1703,Product_1703,Furniture,119.17,70.88
1704,Product_1704,Clothing,145.94,86.8
1705,Product_1705,Grocery,349.52,207.88
1706,Product_1706,Sports,73.82,43.91
1707,Product_1707,Clothing,220.91,131.39
1708,Product_1708,Furniture,255.51,151.97
1709,Product_1709,Furniture,137.3,81.66
1710,Product_1710,Clothing,256.42,152.51
1711,Product_1711,Electronics,44.34,26.37
1712,Product_1712,Furniture,365.69,217.5
1713,Product_1713,Grocery,270.37,160.81
1714,Product_1714,Grocery,179.5,106.76
1715,Product_1715,Sports,409.81,243.74
1716,Product_1716,Sports,142.07,84.5
1717,Product_1717,Furniture,14.1,8.39
1718,Product_1718,Electronics,86.28,51.32
1719,Product_1719,Sports,276.7,164.57
1720,Product_1720,Electronics,189.15,112.5
1721,Product_1721,Electronics,423.9,252.12
1722,Product_1722,Clothing,74.91,44.55
1723,Product_1723,Electronics,448.25,266.6
1724,Product_1724,Clothing,306.84,182.5
1725,Product_1725,Furniture,173.47,103.17
1726,Product_1726,Sports,248.49,147.79
1727,Product_1727,Grocery,203.2,120.86
1728,Product_1728,Clothing,117.84,70.09
1729,Product_1729,Electronics,400.64,238.29
1730,Product_1730,Clothing,370.64,220.44
1731,Product_1731,Electronics,444.2,264.19
1732,Product_1732,Sports,378.58,225.17
1733,Product_1733,Sports,202.39,120.37
1734,Product_1734,Clothing,371.11,220.72
1735,Product_1735,Electronics,324.35,192.91
1736,Product_1736,Furniture,342.36,203.62
1737,Product_1737,Sports,70.24,41.78
1738,Product_1738,Electronics,106.67,63.44
1739,Product_1739,Clothing,92.77,55.18
1740,Product_1740,Grocery,44.08,26.22
1741,Product_1741,Electronics,175.89,104.61
1742,Product_1742,Clothing,164.03,97.56
1743,Product_1743,Grocery,462.67,275.18
1744,Product_1744,Sports,423.1,251.65
1745,Product_1745,Sports,382.73,227.63
1746,Product_1746,Sports,165.14,98.22
1747,Product_1747,Electronics,143.61,85.41
1748,Product_1748,Clothing,213.63,127.06
1749,Product_1749,Furniture,98.03,58.3
1750,Product_1750,Electronics,492.26,292.78
1751,Product_1751,Furniture,362.65,215.69
1752,Product_1752,Grocery,477.1,283.76
1753,Product_1753,Clothing,279.58,166.28
1754,Product_1754,Grocery,438.85,261.01
1755,Product_1755,Sports,437.63,260.29
1756,Product_1756,Clothing,169.49,100.81
1757,Product_1757,Sports,117.91,70.13
1758,Product_1758,Grocery,8.71,5.18
1759,Product_1759,Grocery,441.8,262.77
1760,Product_1760,Sports,168.44,100.18
1761,Product_1761,Grocery,82.18,48.88
1762,Product_1762,Sports,487.78,290.11
1763,Product_1763,Grocery,86.05,51.18
1764,Product_1764,Electronics,115.66,68.79
1765,Product_1765,Furniture,303.01,180.22
1766,Product_1766,Electronics,167.33,99.52
1767,Product_1767,Furniture,217.84,129.56
1768,Product_1768,Grocery,481.14,286.17
1769,Product_1769,Grocery,268.38,159.62
1770,Product_1770,Furniture,297.15,176.73
1771,Product_1771,Sports,39.86,23.71
1772,Product_1772,Furniture,471.87,280.65
1773,Product_1773,Furniture,16.1,9.58
1774,Product_1774,Grocery,301.88,179.55
1775,Product_1775,Clothing,412.88,245.57
1776,Product_1776,Grocery,288.6,171.65
1777,Product_1777,Furniture,169.13,100.59
1778,Product_1778,Clothing,188.47,112.1
1779,Product_1779,Grocery,399.49,237.6
1780,Product_1780,Furniture,247.21,147.03
1781,Product_1781,Sports,370.07,220.1
1782,Product_1782,Clothing,345.23,205.33
1783,Product_1783,Clothing,28.95,17.22
1784,Product_1784,Furniture,260.45,154.91
1785,Product_1785,Furniture,359.37,213.74
1786,Product_1786,Grocery,337.04,200.46
1787,Product_1787,Grocery,388.9,231.3
1788,Product_1788,Grocery,348.94,207.54
1789,Product_1789,Grocery,55.47,32.99
1790,Product_1790,Furniture,398.55,237.04
1791,Product_1791,Furniture,156.49,93.07
1792,Product_1792,Grocery,449.95,267.61
1793,Product_1793,Grocery,468.21,278.48
1794,Product_1794,Furniture,256.8,152.74
1795,Product_1795,Sports,150.09,89.27
1796,Product_1796,Electronics,441.97,262.87
1797,Product_1797,Clothing,97.22,57.82
1798,Product_1798,Clothing,291.36,173.29
1799,Product_1799,Clothing,26.1,15.52
1800,Product_1800,Furniture,112.84,67.11
1801,Product_1801,Clothing,155.65,92.58
1802,Product_1802,Furniture,15.33,9.12
1803,Product_1803,Sports,479.82,285.38
1804,Product_1804,Furniture,495.58,294.75
1805,Product_1805,Sports,99.12,58.95
1806,Product_1806,Sports,275.21,163.69
1807,Product_1807,Grocery,80.85,48.09
1808,Product_1808,Clothing,24.96,14.85
1809,Product_1809,Clothing,435.78,259.19
1810,Product_1810,Furniture,201.61,119.91
1811,Product_1811,Electronics,372.87,221.77
1812,Product_1812,Grocery,126.45,75.21
1813,Product_1813,Furniture,392.64,233.53
1814,Product_1814,Electronics,7.59,4.51
1815,Product_1815,Sports,460.36,273.81
1816,Product_1816,Sports,296.36,176.26
1817,Product_1817,Electronics,361.37,214.93
1818,Product_1818,Clothing,127.19,75.65
1819,Product_1819,Electronics,16.78,9.98
1820,Product_1820,Grocery,292.95,174.24
1821,Product_1821,Furniture,154.6,91.95
1822,Product_1822,Sports,307.09,182.65
1823,Product_1823,Sports,296.38,176.28
1824,Product_1824,Sports,174.92,104.04
1825,Product_1825,Clothing,176.66,105.07
1826,Product_1826,Grocery,94.89,56.44
1827,Product_1827,Sports,480.47,285.77
1828,Product_1828,Sports,96.68,57.5
1829,Product_1829,Sports,457.8,272.28
1830,Product_1830,Grocery,289.3,172.07
1831,Product_1831,Clothing,335.3,199.42
1832,Product_1832,Sports,433.37,257.75
1833,Product_1833,Grocery,123.16,73.25
1834,Product_1834,Furniture,473.99,281.91
1835,Product_1835,Furniture,457.14,271.89
1836,Product_1836,Clothing,250.48,148.98
1837,Product_1837,Electronics,440.09,261.75
1838,Product_1838,Electronics,210,124.9
1839,Product_1839,Electronics,451.35,268.45
1840,Product_1840,Furniture,291.8,173.55
1841,Product_1841,Sports,62.15,36.96
1842,Product_1842,Furniture,299.08,177.88
1843,Product_1843,Clothing,67.12,39.92
1844,Product_1844,Clothing,456.45,271.48
1845,Product_1845,Clothing,280.97,167.11
1846,Product_1846,Furniture,113.59,67.56
1847,Product_1847,Furniture,39.81,23.68
1848,Product_1848,Electronics,477.04,283.73
1849,Product_1849,Clothing,211.32,125.69
1850,Product_1850,Sports,476.55,283.44
1851,Product_1851,Grocery,27.27,16.22
1852,Product_1852,Furniture,411.25,244.6
1853,Product_1853,Clothing,204.97,121.91
1854,Product_1854,Clothing,66.48,39.54
1855,Product_1855,Clothing,135.95,80.86
1856,Product_1856,Sports,243.88,145.05
1857,Product_1857,Grocery,452.98,269.42
1858,Product_1858,Furniture,455.71,271.04
1859,Product_1859,Grocery,250.72,149.12
1860,Product_1860,Clothing,457.88,272.33
1861,Product_1861,Clothing,283.01,168.32
1862,Product_1862,Furniture,207.42,123.37
1863,Product_1863,Clothing,196.42,116.82
1864,Product_1864,Electronics,70.95,42.2
1865,Product_1865,Electronics,136.17,80.99
1866,Product_1866,Clothing,436.93,259.87
1867,Product_1867,Grocery,188.51,112.12
1868,Product_1868,Sports,45.16,26.86
1869,Product_1869,Electronics,384.07,228.43
1870,Product_1870,Furniture,282.6,168.08
1871,Product_1871,Furniture,215.93,128.43
1872,Product_1872,Grocery,86.92,51.7
1873,Product_1873,Electronics,261.76,155.69
1874,Product_1874,Grocery,477.09,283.76
1875,Product_1875,Grocery,238.75,142
1876,Product_1876,Electronics,431.38,256.57
1877,Product_1877,Clothing,485.75,288.91
1878,Product_1878,Electronics,491.59,292.38
1879,Product_1879,Clothing,98.55,58.61
1880,Product_1880,Grocery,256.66,152.65
1881,Product_1881,Electronics,118.45,70.45
1882,Product_1882,Electronics,335.17,199.35
1883,Product_1883,Grocery,309.64,184.16
1884,Product_1884,Furniture,121.17,72.07
1885,Product_1885,Clothing,165.85,98.64
1886,Product_1886,Sports,145.5,86.54
1887,Product_1887,Grocery,324.8,193.18
1888,Product_1888,Sports,275.09,163.61
1889,Product_1889,Furniture,380.49,226.3
1890,Product_1890,Grocery,459.64,273.38
1891,Product_1891,Clothing,232.26,138.14
1892,Product_1892,Grocery,273.84,162.87
1893,Product_1893,Sports,296.34,176.25
1894,Product_1894,Electronics,114.91,68.34
1895,Product_1895,Grocery,134.7,80.11
1896,Product_1896,Electronics,59.72,35.52
1897,Product_1897,Sports,217.8,129.54
1898,Product_1898,Clothing,79.44,47.25
1899,Product_1899,Grocery,235.54,140.09
1900,Product_1900,Furniture,101.01,60.08
1901,Product_1901,Furniture,314.53,187.07
1902,Product_1902,Clothing,135.44,80.56
1903,Product_1903,Electronics,482.15,286.77
1904,Product_1904,Electronics,458.78,272.87
1905,Product_1905,Clothing,44.19,26.28
1906,Product_1906,Electronics,338.64,201.41
1907,Product_1907,Clothing,313.74,186.6
1908,Product_1908,Furniture,9.76,5.8
1909,Product_1909,Clothing,493.43,293.48
1910,Product_1910,Sports,328.84,195.58
1911,Product_1911,Grocery,257.2,152.97
1912,Product_1912,Electronics,360.11,214.18
1913,Product_1913,Furniture,161.32,95.95
1914,Product_1914,Clothing,401.39,238.73
1915,Product_1915,Electronics,388.12,230.84
1916,Product_1916,Electronics,260.25,154.79
1917,Product_1917,Furniture,456.67,271.61
1918,Product_1918,Grocery,359.78,213.98
1919,Product_1919,Clothing,280.24,166.68
1920,Product_1920,Sports,352.29,209.53
1921,Product_1921,Sports,417.64,248.4
1922,Product_1922,Clothing,286.46,170.38
1923,Product_1923,Clothing,181.35,107.86
1924,Product_1924,Grocery,439.74,261.54
1925,Product_1925,Grocery,15.61,9.28
1926,Product_1926,Furniture,260.09,154.69
1927,Product_1927,Electronics,86.17,51.25
1928,Product_1928,Furniture,54.42,32.37
1929,Product_1929,Grocery,417.41,248.26
1930,Product_1930,Sports,295.1,175.52
1931,Product_1931,Sports,357.06,212.37
1932,Product_1932,Clothing,230.79,137.27
1933,Product_1933,Clothing,314.07,186.8
1934,Product_1934,Clothing,301.75,179.47
1935,Product_1935,Clothing,474.03,281.94
1936,Product_1936,Electronics,347.22,206.51
1937,Product_1937,Sports,18.43,10.96
1938,Product_1938,Clothing,70.06,41.67
1939,Product_1939,Furniture,105.59,62.8
1940,Product_1940,Grocery,439.83,261.6
1941,Product_1941,Clothing,383.82,228.28
1942,Product_1942,Electronics,87.18,51.85
1943,Product_1943,Grocery,61.7,36.7
1944,Product_1944,Clothing,169.34,100.72
1945,Product_1945,Sports,138.69,82.49
1946,Product_1946,Sports,274.93,163.52
1947,Product_1947,Furniture,441.96,262.86
1948,Product_1948,Furniture,235.48,140.06
1949,Product_1949,Sports,54.1,32.18
1950,Product_1950,Grocery,256.16,152.36
1951,Product_1951,Furniture,74.88,44.54
1952,Product_1952,Furniture,374.72,222.87
1953,Product_1953,Sports,356.93,212.29
1954,Product_1954,Electronics,399.54,237.63
1955,Product_1955,Grocery,223.01,132.64
1956,Product_1956,Clothing,393.32,233.93
1957,Product_1957,Clothing,130.81,77.8
1958,Product_1958,Furniture,244.64,145.5
1959,Product_1959,Clothing,438.47,260.79
1960,Product_1960,Grocery,286.33,170.3
1961,Product_1961,Sports,192.17,114.3
1962,Product_1962,Furniture,377.27,224.39
1963,Product_1963,Electronics,366.94,218.24
1964,Product_1964,Clothing,173.38,103.12
1965,Product_1965,Sports,118.33,70.38
1966,Product_1966,Sports,197.43,117.42
1967,Product_1967,Clothing,264,157.02
1968,Product_1968,Grocery,19.68,11.7
1969,Product_1969,Clothing,124.23,73.89
1970,Product_1970,Grocery,28.88,17.18
1971,Product_1971,Clothing,288.64,171.67
1972,Product_1972,Sports,312.49,185.86
1973,Product_1973,Sports,497.53,295.91
1974,Product_1974,Furniture,127.07,75.58
1975,Product_1975,Furniture,310.39,184.61
1976,Product_1976,Clothing,123.86,73.67
1977,Product_1977,Electronics,260.16,154.73
1978,Product_1978,Electronics,318.38,189.36
1979,Product_1979,Electronics,225.79,134.29
1980,Product_1980,Furniture,453.7,269.85
1981,Product_1981,Sports,96.44,57.36
1982,Product_1982,Clothing,378.28,224.99
1983,Product_1983,Clothing,106.47,63.32
1984,Product_1984,Clothing,36.46,21.69
1985,Product_1985,Furniture,359.03,213.54
1986,Product_1986,Furniture,384.61,228.75
1987,Product_1987,Sports,266.26,158.36
1988,Product_1988,Grocery,267.18,158.91
1989,Product_1989,Clothing,28.27,16.81
1990,Product_1990,Electronics,311.39,185.2
1991,Product_1991,Grocery,105.74,62.89
1992,Product_1992,Grocery,438.18,260.61
1993,Product_1993,Grocery,489.34,291.04
1994,Product_1994,Sports,235.98,140.35
1995,Product_1995,Electronics,357.13,212.41
1996,Product_1996,Sports,165.1,98.2
1997,Product_1997,Electronics,307.06,182.63
1998,Product_1998,Furniture,213.78,127.15
1999,Product_1999,Sports,107.36,63.85
2000,Product_2000,Clothing,444.21,264.2
2001,Product_2001,Clothing,346.67,206.19
2002,Product_2002,Electronics,349.14,207.66
2003,Product_2003,Furniture,203.21,120.86
2004,Product_2004,Clothing,197.51,117.47
2005,Product_2005,Electronics,372.47,221.53
2006,Product_2006,Grocery,234.72,139.6
2007,Product_2007,Clothing,161.96,96.33
2008,Product_2008,Furniture,412.75,245.49
2009,Product_2009,Electronics,173.34,103.1
2010,Product_2010,Furniture,210.9,125.44
2011,Product_2011,Grocery,238.12,141.63
2012,Product_2012,Furniture,87.26,51.9
2013,Product_2013,Furniture,225.09,133.88
2014,Product_2014,Grocery,52.55,31.25
2015,Product_2015,Sports,126.44,75.2
2016,Product_2016,Sports,384.17,228.49
2017,Product_2017,Electronics,33.75,20.07
2018,Product_2018,Furniture,248.28,147.67
2019,Product_2019,Furniture,117.48,69.87
2020,Product_2020,Sports,496.13,295.08
2021,Product_2021,Furniture,390.16,232.05
2022,Product_2022,Sports,61.05,36.31
2023,Product_2023,Sports,269.78,160.46
2024,Product_2024,Clothing,300.6,178.79
2025,Product_2025,Sports,76.94,45.76
2026,Product_2026,Electronics,330.95,196.84
2027,Product_2027,Grocery,393.89,234.27
2028,Product_2028,Electronics,197.26,117.32
2029,Product_2029,Clothing,64.34,38.27
2030,Product_2030,Sports,178.9,106.4
2031,Product_2031,Clothing,80.97,48.16
2032,Product_2032,Clothing,255.79,152.14
2033,Product_2033,Electronics,36.82,21.9
2034,Product_2034,Clothing,476.73,283.54
2035,Product_2035,Furniture,125.78,74.81
2036,Product_2036,Clothing,394.89,234.87
2037,Product_2037,Furniture,307.49,182.88
2038,Product_2038,Electronics,239.66,142.54
2039,Product_2039,Clothing,286.31,170.29
2040,Product_2040,Electronics,225.49,134.11
2041,Product_2041,Sports,301.6,179.38
2042,Product_2042,Furniture,184.87,109.95
2043,Product_2043,Sports,403.92,240.24
2044,Product_2044,Sports,456.1,271.27
2045,Product_2045,Furniture,89.23,53.07
2046,Product_2046,Grocery,251.24,149.43
2047,Product_2047,Grocery,263.42,156.67
2048,Product_2048,Furniture,479.62,285.26
2049,Product_2049,Electronics,459.28,273.16
2050,Product_2050,Grocery,345.4,205.43
2051,Product_2051,Grocery,275.27,163.72
2052,Product_2052,Sports,118.19,70.3
2053,Product_2053,Electronics,107.69,64.05
2054,Product_2054,Electronics,215.45,128.14
2055,Product_2055,Furniture,368.59,219.22
2056,Product_2056,Clothing,203.9,121.27
2057,Product_2057,Grocery,302.7,180.04
2058,Product_2058,Sports,168.65,100.31
2059,Product_2059,Furniture,134.53,80.01
2060,Product_2060,Clothing,322.68,191.92
2061,Product_2061,Furniture,15.88,9.44
2062,Product_2062,Furniture,440.31,261.88
2063,Product_2063,Grocery,355.01,211.15
2064,Product_2064,Furniture,86.49,51.44
2065,Product_2065,Electronics,408.43,242.92
2066,Product_2066,Electronics,478.73,284.73
2067,Product_2067,Electronics,439.61,261.46
2068,Product_2068,Clothing,486.85,289.56
2069,Product_2069,Grocery,109.68,65.23
2070,Product_2070,Sports,304.25,180.96
2071,Product_2071,Grocery,332.37,197.68
2072,Product_2072,Electronics,261.65,155.62
2073,Product_2073,Clothing,378.98,225.4
2074,Product_2074,Furniture,321.17,191.02
2075,Product_2075,Electronics,33.15,19.72
2076,Product_2076,Clothing,126.67,75.34
2077,Product_2077,Clothing,363.88,216.42
2078,Product_2078,Furniture,377.77,224.68
2079,Product_2079,Furniture,431.59,256.69
2080,Product_2080,Sports,184.91,109.98
2081,Product_2081,Sports,71.84,42.73
2082,Product_2082,Sports,317.92,189.09
2083,Product_2083,Grocery,44.41,26.41
2084,Product_2084,Sports,143.56,85.38
2085,Product_2085,Sports,192.3,114.37
2086,Product_2086,Grocery,224.44,133.49
2087,Product_2087,Grocery,413.74,246.08
2088,Product_2088,Furniture,118.46,70.46
2089,Product_2089,Sports,373.21,221.97
2090,Product_2090,Grocery,90.42,53.78
2091,Product_2091,Grocery,370.33,220.26
2092,Product_2092,Grocery,65.23,38.8
2093,Product_2093,Sports,200.54,119.27
2094,Product_2094,Electronics,68.3,40.62
2095,Product_2095,Grocery,261.85,155.74
2096,Product_2096,Furniture,215.67,128.27
2097,Product_2097,Furniture,66.8,39.73
2098,Product_2098,Clothing,296.36,176.26
2099,Product_2099,Furniture,85.2,50.67
2100,Product_2100,Furniture,10.1,6.01
2101,Product_2101,Clothing,308.46,183.46
2102,Product_2102,Grocery,56.4,33.54
2103,Product_2103,Furniture,350.43,208.42
2104,Product_2104,Furniture,424.36,252.39
2105,Product_2105,Clothing,380.46,226.28
2106,Product_2106,Electronics,495.26,294.56
2107,Product_2107,Grocery,401.63,238.88
2108,Product_2108,Sports,102.38,60.89
2109,Product_2109,Electronics,453.62,269.8
2110,Product_2110,Sports,91.82,54.61
2111,Product_2111,Grocery,380.34,226.21
2112,Product_2112,Electronics,379.61,225.78
2113,Product_2113,Grocery,414.61,246.6
2114,Product_2114,Electronics,178.9,106.4
2115,Product_2115,Grocery,435.1,258.78
2116,Product_2116,Furniture,293.82,174.75
2117,Product_2117,Furniture,247.23,147.04
2118,Product_2118,Grocery,116.92,69.54
2119,Product_2119,Furniture,181.41,107.9
2120,Product_2120,Grocery,238.93,142.11
2121,Product_2121,Sports,112.76,67.07
2122,Product_2122,Furniture,361.77,215.17
2123,Product_2123,Sports,439.16,261.2
2124,Product_2124,Sports,19.66,11.69
2125,Product_2125,Clothing,272.86,162.29
2126,Product_2126,Clothing,213.58,127.03
2127,Product_2127,Electronics,77.46,46.07
2128,Product_2128,Grocery,221.38,131.67
2129,Product_2129,Clothing,22.03,13.1
2130,Product_2130,Clothing,65.28,38.83
2131,Product_2131,Furniture,38.65,22.99
2132,Product_2132,Grocery,85.51,50.86
2133,Product_2133,Electronics,40.27,23.95
2134,Product_2134,Electronics,412.13,245.12
2135,Product_2135,Sports,221.3,131.62
2136,Product_2136,Sports,330.58,196.62
2137,Product_2137,Furniture,174.84,103.99
2138,Product_2138,Grocery,282.8,168.2
2139,Product_2139,Clothing,471.71,280.56
2140,Product_2140,Furniture,317.44,188.8
2141,Product_2141,Clothing,455.11,270.68
2142,Product_2142,Furniture,266.23,158.34
2143,Product_2143,Furniture,146.32,87.03
2144,Product_2144,Sports,295.02,175.47
2145,Product_2145,Electronics,337.63,200.81
2146,Product_2146,Clothing,220.35,131.06
2147,Product_2147,Furniture,77.43,46.05
2148,Product_2148,Clothing,373.54,222.17
2149,Product_2149,Sports,241.69,143.75
2150,Product_2150,Grocery,177.41,105.52
2151,Product_2151,Grocery,100.27,59.64
2152,Product_2152,Sports,464.16,276.07
2153,Product_2153,Sports,111.07,66.06
2154,Product_2154,Electronics,486.14,289.14
2155,Product_2155,Grocery,73.98,44
2156,Product_2156,Grocery,27.11,16.12
2157,Product_2157,Sports,280.91,167.08
2158,Product_2158,Furniture,493.61,293.58
2159,Product_2159,Grocery,296.82,176.54
2160,Product_2160,Electronics,81.75,48.62
2161,Product_2161,Clothing,298.56,177.57
2162,Product_2162,Clothing,11.07,6.58
2163,Product_2163,Clothing,483.85,287.78
2164,Product_2164,Sports,71.8,42.7
2165,Product_2165,Furniture,220.52,131.16
2166,Product_2166,Electronics,214.43,127.54
2167,Product_2167,Grocery,310.93,184.93
2168,Product_2168,Sports,372.48,221.54
2169,Product_2169,Clothing,361.52,215.02
2170,Product_2170,Electronics,345.29,205.37
2171,Product_2171,Clothing,147.95,88
2172,Product_2172,Furniture,127.71,75.96
2173,Product_2173,Grocery,324.11,192.77
2174,Product_2174,Grocery,194.67,115.78
2175,Product_2175,Clothing,170.07,101.15
2176,Product_2176,Sports,89.4,53.17
2177,Product_2177,Grocery,374.43,222.7
2178,Product_2178,Electronics,479.13,284.97
2179,Product_2179,Clothing,93.53,55.63
2180,Product_2180,Sports,75.51,44.91
2181,Product_2181,Clothing,495.63,294.78
2182,Product_2182,Clothing,170.61,101.47
2183,Product_2183,Electronics,199.2,118.48
2184,Product_2184,Furniture,102.46,60.94
2185,Product_2185,Electronics,317.5,188.84
2186,Product_2186,Electronics,314.21,186.88
2187,Product_2187,Sports,145.74,86.68
2188,Product_2188,Furniture,402.29,239.27
2189,Product_2189,Furniture,363.37,216.12
2190,Product_2190,Furniture,495.57,294.75
2191,Product_2191,Electronics,77.42,46.05
2192,Product_2192,Clothing,81.1,48.24
2193,Product_2193,Sports,224.69,133.64
2194,Product_2194,Furniture,454.03,270.04
2195,Product_2195,Clothing,112.3,66.79
2196,Product_2196,Sports,110.12,65.5
2197,Product_2197,Electronics,487.84,290.15
2198,Product_2198,Grocery,345.91,205.74
2199,Product_2199,Electronics,272.57,162.12
2200,Product_2200,Electronics,397.7,236.54
2201,Product_2201,Furniture,210.06,124.94
2202,Product_2202,Clothing,497.59,295.95
2203,Product_2203,Furniture,357.45,212.6
2204,Product_2204,Electronics,372.94,221.81
2205,Product_2205,Sports,56.73,33.74
2206,Product_2206,Clothing,208.84,124.21
2207,Product_2207,Grocery,406.16,241.57
2208,Product_2208,Grocery,117.23,69.72
2209,Product_2209,Electronics,486.37,289.28
2210,Product_2210,Electronics,219.54,130.57
2211,Product_2211,Electronics,486,289.06
2212,Product_2212,Clothing,452.21,268.96
2213,Product_2213,Clothing,353.53,210.27
2214,Product_2214,Clothing,250.46,148.97
2215,Product_2215,Sports,88.87,52.86
2216,Product_2216,Clothing,107.42,63.89
2217,Product_2217,Grocery,42.31,25.16
2218,Product_2218,Sports,274.1,163.03
2219,Product_2219,Sports,140.35,83.48
2220,Product_2220,Clothing,321.75,191.37
2221,Product_2221,Sports,246.73,146.75
2222,Product_2222,Sports,359.2,213.64
2223,Product_2223,Electronics,148.66,88.42
2224,Product_2224,Grocery,461.29,274.36
2225,Product_2225,Electronics,317.18,188.65
2226,Product_2226,Furniture,142.31,84.64
2227,Product_2227,Sports,220.53,131.16
2228,Product_2228,Sports,102.45,60.93
2229,Product_2229,Sports,250.23,148.83
2230,Product_2230,Grocery,302.04,179.64
2231,Product_2231,Grocery,123.17,73.26
2232,Product_2232,Sports,122.29,72.73
2233,Product_2233,Clothing,170.36,101.32
2234,Product_2234,Electronics,322.8,191.99
2235,Product_2235,Sports,488.18,290.35
2236,Product_2236,Grocery,149.57,88.96
2237,Product_2237,Grocery,342.94,203.97
2238,Product_2238,Clothing,242.32,144.12
2239,Product_2239,Furniture,106.63,63.42
2240,Product_2240,Electronics,273.73,162.81
2241,Product_2241,Grocery,82.27,48.93
2242,Product_2242,Electronics,362.27,215.47
2243,Product_2243,Grocery,321.37,191.14
2244,Product_2244,Electronics,29.64,17.63
2245,Product_2245,Clothing,258.02,153.46
2246,Product_2246,Clothing,152.34,90.61
2247,Product_2247,Furniture,63.44,37.73
2248,Product_2248,Grocery,99.35,59.09
2249,Product_2249,Sports,401.34,238.7
2250,Product_2250,Sports,91.79,54.59
2251,Product_2251,Clothing,86.45,51.42
2252,Product_2252,Clothing,29.23,17.39
2253,Product_2253,Furniture,200.38,119.18
2254,Product_2254,Electronics,260.59,154.99
2255,Product_2255,Furniture,305.61,181.77
2256,Product_2256,Furniture,19.18,11.41
2257,Product_2257,Grocery,333.15,198.15
2258,Product_2258,Grocery,56.1,33.37
2259,Product_2259,Electronics,35.82,21.3
2260,Product_2260,Electronics,56.66,33.7
2261,Product_2261,Sports,325.61,193.66
2262,Product_2262,Furniture,116.16,69.09
2263,Product_2263,Furniture,398.92,237.26
2264,Product_2264,Electronics,27.61,16.42
2265,Product_2265,Grocery,221.67,131.84
2266,Product_2266,Furniture,91.76,54.58
2267,Product_2267,Sports,448.98,267.04
2268,Product_2268,Electronics,31.6,18.79
2269,Product_2269,Clothing,198.49,118.06
2270,Product_2270,Clothing,396.39,235.76
2271,Product_2271,Grocery,62.91,37.42
2272,Product_2272,Sports,340.17,202.32
2273,Product_2273,Electronics,197.35,117.38
2274,Product_2274,Electronics,189.27,112.57
2275,Product_2275,Sports,48.43,28.8
2276,Product_2276,Clothing,153.89,91.53
2277,Product_2277,Furniture,156.14,92.87
2278,Product_2278,Grocery,179.16,106.56
2279,Product_2279,Electronics,360.18,214.22
2280,Product_2280,Electronics,345.71,205.62
2281,Product_2281,Electronics,233.38,138.81
2282,Product_2282,Grocery,165.37,98.36
2283,Product_2283,Clothing,122.15,72.65
2284,Product_2284,Clothing,312.24,185.71
2285,Product_2285,Clothing,67.14,39.93
2286,Product_2286,Electronics,255.33,151.86
2287,Product_2287,Sports,392.09,233.2
2288,Product_2288,Furniture,151.59,90.16
2289,Product_2289,Sports,335.98,199.83
2290,Product_2290,Sports,292.52,173.98
2291,Product_2291,Grocery,26.98,16.05
2292,Product_2292,Grocery,192.44,114.46
2293,Product_2293,Clothing,174.22,103.62
2294,Product_2294,Sports,74.46,44.29
2295,Product_2295,Clothing,466.3,277.34
2296,Product_2296,Sports,476.64,283.49
2297,Product_2297,Clothing,413.39,245.87
2298,Product_2298,Electronics,37.58,22.35
2299,Product_2299,Grocery,477.69,284.11
2300,Product_2300,Clothing,114.48,68.09
2301,Product_2301,Grocery,148.61,88.39
2302,Product_2302,Grocery,302.19,179.73
2303,Product_2303,Electronics,143.39,85.28
2304,Product_2304,Furniture,393.62,234.11
2305,Product_2305,Clothing,319.89,190.26
2306,Product_2306,Grocery,459.79,273.47
2307,Product_2307,Sports,368.8,219.35
2308,Product_2308,Sports,230.35,137
2309,Product_2309,Sports,476.92,283.66
2310,Product_2310,Clothing,262.8,156.3
2311,Product_2311,Furniture,146.18,86.94
2312,Product_2312,Clothing,237.69,141.37
2313,Product_2313,Sports,307.58,182.94
2314,Product_2314,Furniture,73.21,43.54
2315,Product_2315,Clothing,143.21,85.18
2316,Product_2316,Furniture,420.1,249.86
2317,Product_2317,Grocery,139.51,82.98
2318,Product_2318,Electronics,255.23,151.8
2319,Product_2319,Electronics,377.44,224.49
2320,Product_2320,Grocery,278.11,165.41
2321,Product_2321,Electronics,463.67,275.78
2322,Product_2322,Clothing,426.21,253.5
2323,Product_2323,Furniture,223.65,133.02
2324,Product_2324,Furniture,103.42,61.51
2325,Product_2325,Sports,81.18,48.28
2326,Product_2326,Sports,273.55,162.7
2327,Product_2327,Clothing,258.56,153.78
2328,Product_2328,Electronics,85.29,50.73
2329,Product_2329,Furniture,481.82,286.57
2330,Product_2330,Grocery,352.32,209.55
2331,Product_2331,Sports,199.04,118.38
2332,Product_2332,Clothing,455.73,271.05
2333,Product_2333,Sports,328.55,195.41
2334,Product_2334,Sports,451.74,268.68
2335,Product_2335,Furniture,466.54,277.48
2336,Product_2336,Furniture,37.52,22.32
2337,Product_2337,Clothing,216.83,128.96
2338,Product_2338,Electronics,434.79,258.6
2339,Product_2339,Sports,409.08,243.31
2340,Product_2340,Clothing,280.82,167.02
2341,Product_2341,Clothing,282.71,168.15
2342,Product_2342,Furniture,335.66,199.64
2343,Product_2343,Sports,134.27,79.86
2344,Product_2344,Clothing,40.45,24.06
2345,Product_2345,Electronics,386.27,229.74
2346,Product_2346,Electronics,438.75,260.95
2347,Product_2347,Clothing,426.27,253.53
2348,Product_2348,Grocery,53.38,31.75
2349,Product_2349,Furniture,88.11,52.4
2350,Product_2350,Electronics,35.08,20.86
2351,Product_2351,Sports,374.49,222.73
2352,Product_2352,Grocery,416.61,247.79
2353,Product_2353,Grocery,372.19,221.37
2354,Product_2354,Electronics,152.42,90.65
2355,Product_2355,Electronics,80.09,47.63
2356,Product_2356,Electronics,7.98,4.75
2357,Product_2357,Clothing,171.16,101.8
2358,Product_2358,Electronics,100.64,59.86
2359,Product_2359,Furniture,317.64,188.92
2360,Product_2360,Sports,344.77,205.06
2361,Product_2361,Electronics,45.57,27.1
2362,Product_2362,Furniture,227.84,135.51
2363,Product_2363,Furniture,9.8,5.83
2364,Product_2364,Electronics,400.46,238.18
2365,Product_2365,Grocery,268.97,159.97
2366,Product_2366,Sports,63.87,37.99
2367,Product_2367,Grocery,299.68,178.24
2368,Product_2368,Sports,26.54,15.79
2369,Product_2369,Sports,467.44,278.02
2370,Product_2370,Furniture,48.12,28.62
2371,Product_2371,Clothing,377.46,224.5
2372,Product_2372,Furniture,243.01,144.53
2373,Product_2373,Grocery,100.89,60.01
2374,Product_2374,Furniture,297.46,176.92
2375,Product_2375,Furniture,327.64,194.87
2376,Product_2376,Sports,68.45,40.71
2377,Product_2377,Clothing,186.18,110.73
2378,Product_2378,Sports,415.94,247.39
2379,Product_2379,Clothing,378.91,225.36
2380,Product_2380,Sports,14.2,8.45
2381,Product_2381,Clothing,335.12,199.32
2382,Product_2382,Furniture,115.09,68.45
2383,Product_2383,Grocery,362.23,215.44
2384,Product_2384,Clothing,188.07,111.86
2385,Product_2385,Electronics,499.29,296.96
2386,Product_2386,Furniture,451.06,268.28
2387,Product_2387,Grocery,119.05,70.81
2388,Product_2388,Furniture,93.57,55.65
2389,Product_2389,Furniture,202,120.14
2390,Product_2390,Sports,87.95,52.31
2391,Product_2391,Furniture,435.47,259
2392,Product_2392,Grocery,103.43,61.52
2393,Product_2393,Sports,140.09,83.32
2394,Product_2394,Grocery,113.95,67.77
2395,Product_2395,Furniture,188.89,112.35
2396,Product_2396,Furniture,455.31,270.8
2397,Product_2397,Electronics,149.7,89.04
2398,Product_2398,Electronics,293.96,174.84
2399,Product_2399,Clothing,321.14,191
2400,Product_2400,Sports,431.55,256.67
2401,Product_2401,Sports,439.94,261.66
2402,Product_2402,Furniture,73.56,43.75
2403,Product_2403,Electronics,455.69,271.03
2404,Product_2404,Electronics,35.89,21.35
2405,Product_2405,Electronics,328.88,195.61
2406,Product_2406,Furniture,491.15,292.12
2407,Product_2407,Clothing,364.77,216.95
2408,Product_2408,Clothing,344.4,204.84
2409,Product_2409,Electronics,155.44,92.45
2410,Product_2410,Sports,438.01,260.51
2411,Product_2411,Furniture,413.14,245.72
2412,Product_2412,Sports,169.75,100.96
2413,Product_2413,Grocery,336.86,200.35
2414,Product_2414,Furniture,397.29,236.29
2415,Product_2415,Sports,324.92,193.25
2416,Product_2416,Sports,320.32,190.52
2417,Product_2417,Electronics,393.8,234.22
2418,Product_2418,Electronics,141.21,83.99
2419,Product_2419,Furniture,12.26,7.29
2420,Product_2420,Sports,98.36,58.5
2421,Product_2421,Grocery,233.71,139
2422,Product_2422,Grocery,408.31,242.85
2423,Product_2423,Clothing,235.94,140.33
2424,Product_2424,Furniture,275.87,164.08
2425,Product_2425,Clothing,26.88,15.99
2426,Product_2426,Furniture,133.61,79.47
2427,Product_2427,Clothing,382.49,227.49
2428,Product_2428,Electronics,131.44,78.18
2429,Product_2429,Grocery,227.83,135.51
2430,Product_2430,Electronics,220.16,130.94
2431,Product_2431,Clothing,64.97,38.64
2432,Product_2432,Sports,467.45,278.02
2433,Product_2433,Sports,15.19,9.03
2434,Product_2434,Sports,459.2,273.12
2435,Product_2435,Grocery,346.36,206
2436,Product_2436,Clothing,99.26,59.04
2437,Product_2437,Sports,274.86,163.48
2438,Product_2438,Grocery,256.45,152.53
2439,Product_2439,Electronics,163.9,97.48
2440,Product_2440,Clothing,222.32,132.23
2441,Product_2441,Furniture,379.27,225.58
2442,Product_2442,Grocery,24.64,14.66
2443,Product_2443,Grocery,465.03,276.58
2444,Product_2444,Electronics,96.31,57.28
2445,Product_2445,Furniture,5.62,3.34
2446,Product_2446,Clothing,402.25,239.24
2447,Product_2447,Sports,370.51,220.37
2448,Product_2448,Electronics,415.59,247.18
2449,Product_2449,Furniture,461.62,274.56
2450,Product_2450,Grocery,262,155.83
2451,Product_2451,Electronics,445.51,264.97
2452,Product_2452,Grocery,160.27,95.32
2453,Product_2453,Sports,345.3,205.37
2454,Product_2454,Electronics,481.83,286.58
2455,Product_2455,Furniture,144.69,86.06
2456,Product_2456,Sports,26.36,15.68
2457,Product_2457,Sports,492.28,292.79
2458,Product_2458,Clothing,133.96,79.67
2459,Product_2459,Electronics,193.85,115.3
2460,Product_2460,Clothing,41.39,24.62
2461,Product_2461,Clothing,265.35,157.82
2462,Product_2462,Sports,474.39,282.15
2463,Product_2463,Clothing,46.52,27.67
2464,Product_2464,Electronics,168.06,99.96
2465,Product_2465,Clothing,158.65,94.36
2466,Product_2466,Furniture,390.17,232.06
2467,Product_2467,Furniture,114.76,68.26
2468,Product_2468,Clothing,79.61,47.35
2469,Product_2469,Furniture,67.94,40.41
2470,Product_2470,Clothing,479.61,285.26
2471,Product_2471,Grocery,226.34,134.62
2472,Product_2472,Grocery,437.56,260.25
2473,Product_2473,Electronics,181.02,107.66
2474,Product_2474,Grocery,158.66,94.37
2475,Product_2475,Grocery,198.17,117.86
2476,Product_2476,Sports,222.24,132.18
2477,Product_2477,Grocery,493.81,293.7
2478,Product_2478,Clothing,473.46,281.6
2479,Product_2479,Electronics,285.46,169.78
2480,Product_2480,Furniture,466.72,277.59
2481,Product_2481,Electronics,482.34,286.88
2482,Product_2482,Sports,303.6,180.57
2483,Product_2483,Sports,330.99,196.86
2484,Product_2484,Clothing,382.31,227.38
2485,Product_2485,Sports,218.86,130.17
2486,Product_2486,Clothing,87.32,51.93
2487,Product_2487,Furniture,153.42,91.25
2488,Product_2488,Furniture,456.51,271.52
2489,Product_2489,Electronics,102.7,61.08
2490,Product_2490,Sports,178.72,106.3
2491,Product_2491,Electronics,72.96,43.39
2492,Product_2492,Furniture,469.55,279.27
2493,Product_2493,Furniture,120.46,71.65
2494,Product_2494,Sports,337.53,200.75
2495,Product_2495,Sports,17.58,10.46
2496,Product_2496,Grocery,160.63,95.54
2497,Product_2497,Grocery,139.67,83.07
2498,Product_2498,Sports,497.43,295.85
2499,Product_2499,Grocery,274.95,163.53
2500,Product_2500,Clothing,47.85,28.46
2501,Product_2501,Furniture,154.29,91.77
2502,Product_2502,Electronics,222.78,132.5
2503,Product_2503,Clothing,266.92,158.75
2504,Product_2504,Sports,309.2,183.9
2505,Product_2505,Furniture,263.79,156.89
2506,Product_2506,Sports,149.15,88.71
2507,Product_2507,Sports,496.84,295.5
2508,Product_2508,Sports,59.49,35.38
2509,Product_2509,Grocery,355.42,211.39
2510,Product_2510,Clothing,318.44,189.4
2511,Product_2511,Sports,468.41,278.59
2512,Product_2512,Clothing,231.73,137.83
2513,Product_2513,Grocery,42.06,25.02
2514,Product_2514,Furniture,149.88,89.14
2515,Product_2515,Grocery,62.62,37.24
2516,Product_2516,Grocery,363.24,216.04
2517,Product_2517,Grocery,134.38,79.92
2518,Product_2518,Electronics,36.71,21.83
2519,Product_2519,Electronics,451.34,268.44
2520,Product_2520,Clothing,407.85,242.58
2521,Product_2521,Clothing,252.32,150.07
2522,Product_2522,Furniture,282.74,168.16
2523,Product_2523,Sports,478.92,284.85
2524,Product_2524,Electronics,187.36,111.44
2525,Product_2525,Electronics,333.52,198.37
2526,Product_2526,Clothing,242.04,143.96
2527,Product_2527,Grocery,393.53,234.06
2528,Product_2528,Electronics,265.05,157.64
2529,Product_2529,Electronics,329,195.68
2530,Product_2530,Grocery,16.12,9.59
2531,Product_2531,Grocery,35.69,21.23
2532,Product_2532,Clothing,156.98,93.37
2533,Product_2533,Sports,301.88,179.55
2534,Product_2534,Clothing,58,34.5
2535,Product_2535,Clothing,459.66,273.39
2536,Product_2536,Electronics,282.44,167.99
2537,Product_2537,Grocery,313.89,186.69
2538,Product_2538,Sports,362.3,215.48
2539,Product_2539,Grocery,40.85,24.3
2540,Product_2540,Grocery,394.89,234.87
2541,Product_2541,Grocery,86.45,51.42
2542,Product_2542,Clothing,394.94,234.9
2543,Product_2543,Electronics,299.21,177.96
2544,Product_2544,Electronics,165.94,98.7
2545,Product_2545,Grocery,138.5,82.38
2546,Product_2546,Grocery,249.18,148.2
2547,Product_2547,Sports,419.72,249.64
2548,Product_2548,Furniture,116.88,69.52
2549,Product_2549,Clothing,113.95,67.77
2550,Product_2550,Clothing,160.69,95.57
2551,Product_2551,Sports,99.57,59.22
2552,Product_2552,Clothing,156.25,92.93
2553,Product_2553,Sports,366.38,217.91
2554,Product_2554,Clothing,76.93,45.76
2555,Product_2555,Sports,50.01,29.74
2556,Product_2556,Sports,361.36,214.92
2557,Product_2557,Electronics,166.2,98.85
2558,Product_2558,Sports,350.63,208.54
2559,Product_2559,Sports,196.38,116.8
2560,Product_2560,Grocery,195.63,116.35
2561,Product_2561,Clothing,94.52,56.22
2562,Product_2562,Furniture,292.84,174.17
2563,Product_2563,Sports,114,67.8
2564,Product_2564,Sports,437.99,260.5
2565,Product_2565,Sports,38.66,22.99
2566,Product_2566,Clothing,394.73,234.77
2567,Product_2567,Clothing,207.1,123.18
2568,Product_2568,Clothing,297.33,176.84
2569,Product_2569,Clothing,285.74,169.95
2570,Product_2570,Clothing,266.09,158.26
2571,Product_2571,Electronics,71.53,42.54
2572,Product_2572,Electronics,294.14,174.94
2573,Product_2573,Furniture,343.91,204.55
2574,Product_2574,Electronics,142.67,84.86
2575,Product_2575,Electronics,431.27,256.5
2576,Product_2576,Grocery,271.84,161.68
2577,Product_2577,Clothing,100.9,60.01
2578,Product_2578,Sports,107.17,63.74
2579,Product_2579,Sports,39.48,23.48
2580,Product_2580,Grocery,241.66,143.73
2581,Product_2581,Grocery,446.58,265.61
2582,Product_2582,Sports,333.21,198.18
2583,Product_2583,Clothing,342.64,203.79
2584,Product_2584,Sports,165.41,98.38
2585,Product_2585,Clothing,200.26,119.11
2586,Product_2586,Sports,323.23,192.25
2587,Product_2587,Sports,134.31,79.88
2588,Product_2588,Clothing,328.95,195.65
2589,Product_2589,Clothing,367.04,218.3
2590,Product_2590,Furniture,343.89,204.53
2591,Product_2591,Furniture,269.01,160
2592,Product_2592,Electronics,474.24,282.06
2593,Product_2593,Sports,162.95,96.92
2594,Product_2594,Clothing,492.04,292.65
2595,Product_2595,Grocery,460.44,273.85
2596,Product_2596,Sports,392.35,233.36
2597,Product_2597,Grocery,418.46,248.89
2598,Product_2598,Furniture,90.07,53.57
2599,Product_2599,Grocery,239.93,142.7
2600,Product_2600,Clothing,493.78,293.68
2601,Product_2601,Clothing,87.03,51.76
2602,Product_2602,Sports,75.65,44.99
2603,Product_2603,Clothing,410.58,244.2
2604,Product_2604,Furniture,480.38,285.71
2605,Product_2605,Clothing,486.93,289.61
2606,Product_2606,Clothing,401.47,238.78
2607,Product_2607,Electronics,451.46,268.51
2608,Product_2608,Sports,353.74,210.39
2609,Product_2609,Furniture,59.67,35.49
2610,Product_2610,Electronics,17.52,10.42
2611,Product_2611,Electronics,384.68,228.79
2612,Product_2612,Grocery,296.69,176.46
2613,Product_2613,Grocery,196.33,116.77
2614,Product_2614,Sports,112.52,66.92
2615,Product_2615,Furniture,342.06,203.45
2616,Product_2616,Electronics,23.47,13.96
2617,Product_2617,Grocery,85.48,50.84
2618,Product_2618,Sports,457.7,272.22
2619,Product_2619,Grocery,268.1,159.46
2620,Product_2620,Sports,186.11,110.69
2621,Product_2621,Electronics,173.44,103.16
2622,Product_2622,Grocery,357.85,212.84
2623,Product_2623,Furniture,458.8,272.88
2624,Product_2624,Clothing,303.57,180.55
2625,Product_2625,Sports,24.56,14.61
2626,Product_2626,Sports,145.77,86.7
2627,Product_2627,Sports,139.28,82.84
2628,Product_2628,Clothing,258.18,153.56
2629,Product_2629,Clothing,313.6,186.52
2630,Product_2630,Clothing,150.64,89.6
2631,Product_2631,Grocery,208.88,124.23
2632,Product_2632,Electronics,229.36,136.42
2633,Product_2633,Grocery,446.65,265.65
2634,Product_2634,Electronics,317.31,188.73
2635,Product_2635,Electronics,99.57,59.22
2636,Product_2636,Furniture,174.01,103.5
2637,Product_2637,Sports,468.01,278.36
2638,Product_2638,Electronics,184.98,110.02
2639,Product_2639,Grocery,343.87,204.52
2640,Product_2640,Clothing,92.52,55.03
2641,Product_2641,Sports,341.66,203.21
2642,Product_2642,Grocery,210.42,125.15
2643,Product_2643,Sports,357.21,212.46
2644,Product_2644,Electronics,272.07,161.82
2645,Product_2645,Furniture,99.71,59.3
2646,Product_2646,Furniture,359.87,214.04
2647,Product_2647,Sports,432.77,257.4
2648,Product_2648,Sports,129.36,76.94
2649,Product_2649,Sports,361.44,214.97
2650,Product_2650,Grocery,173.53,103.21
2651,Product_2651,Furniture,73.28,43.58
2652,Product_2652,Furniture,183.82,109.33
2653,Product_2653,Grocery,456.89,271.74
2654,Product_2654,Grocery,264.45,157.29
2655,Product_2655,Sports,415.47,247.11
2656,Product_2656,Clothing,431.4,256.58
2657,Product_2657,Grocery,299.08,177.88
2658,Product_2658,Furniture,70.37,41.85
2659,Product_2659,Clothing,40.45,24.06
2660,Product_2660,Electronics,334.65,199.04
2661,Product_2661,Clothing,315.9,187.89
2662,Product_2662,Electronics,444.49,264.37
2663,Product_2663,Furniture,498.4,296.43
2664,Product_2664,Clothing,111.84,66.52
2665,Product_2665,Sports,430.58,256.09
2666,Product_2666,Clothing,104.66,62.25
2667,Product_2667,Sports,446.32,265.46
2668,Product_2668,Electronics,128.79,76.6
2669,Product_2669,Sports,420.55,250.13
2670,Product_2670,Electronics,474.79,282.39
2671,Product_2671,Electronics,300.94,178.99
2672,Product_2672,Clothing,458.57,272.74
2673,Product_2673,Furniture,259.9,154.58
2674,Product_2674,Sports,214.31,127.46
2675,Product_2675,Electronics,323.8,192.59
2676,Product_2676,Furniture,64.91,38.61
2677,Product_2677,Furniture,432.68,257.34
2678,Product_2678,Furniture,292.93,174.22
2679,Product_2679,Electronics,481.05,286.11
2680,Product_2680,Sports,220.53,131.16
2681,Product_2681,Furniture,320.41,190.57
2682,Product_2682,Electronics,352.57,209.7
2683,Product_2683,Electronics,128.02,76.14
2684,Product_2684,Sports,393.27,233.9
2685,Product_2685,Electronics,267.35,159.01
2686,Product_2686,Grocery,349.89,208.1
2687,Product_2687,Clothing,464.47,276.25
2688,Product_2688,Clothing,347.53,206.7
2689,Product_2689,Furniture,454.09,270.08
2690,Product_2690,Clothing,305.33,181.6
2691,Product_2691,Furniture,444.89,264.61
2692,Product_2692,Furniture,356.88,212.26
2693,Product_2693,Furniture,473.55,281.65
2694,Product_2694,Grocery,10.63,6.32
2695,Product_2695,Furniture,132.36,78.72
2696,Product_2696,Electronics,146.13,86.91
2697,Product_2697,Electronics,76.35,45.41
2698,Product_2698,Grocery,280.8,167.01
2699,Product_2699,Clothing,138.33,82.27
2700,Product_2700,Grocery,170.66,101.5
2701,Product_2701,Sports,306.82,182.49
2702,Product_2702,Furniture,435.84,259.22
2703,Product_2703,Sports,369.99,220.06
2704,Product_2704,Clothing,69.07,41.08
2705,Product_2705,Clothing,178.09,105.92
2706,Product_2706,Grocery,84.67,50.36
2707,Product_2707,Sports,387.51,230.48
2708,Product_2708,Clothing,305.64,181.78
2709,Product_2709,Grocery,122.94,73.12
2710,Product_2710,Clothing,185.49,110.32
2711,Product_2711,Electronics,490.18,291.54
2712,Product_2712,Furniture,326.38,194.12
2713,Product_2713,Clothing,233.62,138.95
2714,Product_2714,Sports,470.8,280.02
2715,Product_2715,Clothing,482.57,287.02
2716,Product_2716,Grocery,421.18,250.5
2717,Product_2717,Electronics,439.49,261.39
2718,Product_2718,Grocery,319.99,190.32
2719,Product_2719,Clothing,498.14,296.28
2720,Product_2720,Clothing,32.77,19.49
2721,Product_2721,Sports,322.68,191.92
2722,Product_2722,Clothing,255.08,151.71
2723,Product_2723,Clothing,50.89,30.27
2724,Product_2724,Clothing,235.65,140.16
2725,Product_2725,Grocery,117.18,69.69
2726,Product_2726,Sports,422.33,251.19
2727,Product_2727,Grocery,45.87,27.28
2728,Product_2728,Clothing,42.27,25.14
2729,Product_2729,Sports,63.29,37.64
2730,Product_2730,Clothing,215.39,128.11
2731,Product_2731,Sports,199.56,118.69
2732,Product_2732,Grocery,455.04,270.64
2733,Product_2733,Clothing,303.69,180.62
2734,Product_2734,Electronics,470.84,280.04
2735,Product_2735,Sports,138.09,82.13
2736,Product_2736,Furniture,108.39,64.47
2737,Product_2737,Clothing,83.62,49.73
2738,Product_2738,Furniture,42.69,25.39
2739,Product_2739,Grocery,126.08,74.99
2740,Product_2740,Clothing,18.22,10.84
2741,Product_2741,Clothing,399.61,237.67
2742,Product_2742,Clothing,398.79,237.19
2743,Product_2743,Furniture,184.47,109.72
2744,Product_2744,Electronics,40.9,24.33
2745,Product_2745,Clothing,229.49,136.49
2746,Product_2746,Grocery,372.8,221.73
2747,Product_2747,Electronics,424.2,252.3
2748,Product_2748,Electronics,189.28,112.58
2749,Product_2749,Clothing,441.81,262.77
2750,Product_2750,Furniture,59.35,35.3
2751,Product_2751,Sports,209.07,124.35
2752,Product_2752,Sports,94.06,55.94
2753,Product_2753,Electronics,213.51,126.99
2754,Product_2754,Furniture,326.34,194.1
2755,Product_2755,Electronics,317.15,188.63
2756,Product_2756,Furniture,207.33,123.31
2757,Product_2757,Electronics,350.12,208.24
2758,Product_2758,Clothing,427.07,254.01
2759,Product_2759,Clothing,387.04,230.2
2760,Product_2760,Sports,258.05,153.48
2761,Product_2761,Furniture,42.34,25.18
2762,Product_2762,Grocery,376.99,224.22
2763,Product_2763,Electronics,480.9,286.02
2764,Product_2764,Sports,424.76,252.63
2765,Product_2765,Grocery,237,140.96
2766,Product_2766,Furniture,239.11,142.21
2767,Product_2767,Clothing,173.35,103.1
2768,Product_2768,Sports,96.78,57.56
2769,Product_2769,Grocery,335.07,199.29
2770,Product_2770,Clothing,299.86,178.35
2771,Product_2771,Clothing,142.06,84.49
2772,Product_2772,Grocery,153.43,91.25
2773,Product_2773,Clothing,204.07,121.37
2774,Product_2774,Grocery,371.06,220.69
2775,Product_2775,Grocery,451.6,268.6
2776,Product_2776,Furniture,178.09,105.92
2777,Product_2777,Electronics,201.42,119.8
2778,Product_2778,Grocery,441.89,262.82
2779,Product_2779,Sports,13.72,8.16
2780,Product_2780,Sports,258.03,153.47
2781,Product_2781,Clothing,409.12,243.33
2782,Product_2782,Clothing,116.79,69.46
2783,Product_2783,Furniture,103.49,61.55
2784,Product_2784,Electronics,324.76,193.16
2785,Product_2785,Clothing,440.81,262.18
2786,Product_2786,Grocery,33.51,19.93
2787,Product_2787,Sports,309.67,184.18
2788,Product_2788,Clothing,59.09,35.14
2789,Product_2789,Clothing,467.75,278.2
2790,Product_2790,Sports,55.64,33.09
2791,Product_2791,Electronics,141.41,84.11
2792,Product_2792,Sports,367.64,218.66
2793,Product_2793,Sports,142.3,84.64
2794,Product_2794,Clothing,432.65,257.33
2795,Product_2795,Clothing,399.28,237.48
2796,Product_2796,Electronics,353.37,210.17
2797,Product_2797,Grocery,275.74,164
2798,Product_2798,Sports,484.35,288.07
2799,Product_2799,Sports,458.05,272.43
2800,Product_2800,Grocery,425.44,253.04
2801,Product_2801,Grocery,391.87,233.07
2802,Product_2802,Grocery,65.26,38.81
2803,Product_2803,Clothing,127.95,76.1
2804,Product_2804,Furniture,420.49,250.09
2805,Product_2805,Electronics,109.79,65.3
2806,Product_2806,Electronics,126.33,75.14
2807,Product_2807,Sports,165.33,98.33
2808,Product_2808,Furniture,106.07,63.09
2809,Product_2809,Clothing,27.7,16.48
2810,Product_2810,Sports,199.18,118.47
2811,Product_2811,Grocery,408.85,243.17
2812,Product_2812,Grocery,355.8,211.62
2813,Product_2813,Grocery,254.68,151.47
2814,Product_2814,Sports,218.94,130.22
2815,Product_2815,Grocery,109.12,64.9
2816,Product_2816,Sports,98.53,58.6
2817,Product_2817,Electronics,430.53,256.06
2818,Product_2818,Furniture,442,262.89
2819,Product_2819,Grocery,444.1,264.14
2820,Product_2820,Clothing,131.34,78.12
2821,Product_2821,Electronics,161.87,96.27
2822,Product_2822,Sports,306.71,182.42
2823,Product_2823,Sports,418.4,248.85
2824,Product_2824,Furniture,397.46,236.4
2825,Product_2825,Grocery,136.48,81.17
2826,Product_2826,Clothing,140.43,83.52
2827,Product_2827,Clothing,127.01,75.54
2828,Product_2828,Furniture,127.16,75.63
2829,Product_2829,Furniture,344.65,204.99
2830,Product_2830,Grocery,433.2,257.65
2831,Product_2831,Furniture,493.69,293.63
2832,Product_2832,Furniture,273.37,162.59
2833,Product_2833,Sports,315.42,187.6
2834,Product_2834,Sports,84.87,50.48
2835,Product_2835,Furniture,66.06,39.29
2836,Product_2836,Sports,165.57,98.48
2837,Product_2837,Electronics,213.82,127.17
2838,Product_2838,Furniture,149.74,89.06
2839,Product_2839,Electronics,163.65,97.33
2840,Product_2840,Grocery,409.74,243.7
2841,Product_2841,Electronics,377.89,224.76
2842,Product_2842,Sports,464.7,276.39
2843,Product_2843,Sports,416.89,247.95
2844,Product_2844,Furniture,495.44,294.67
2845,Product_2845,Sports,284.61,169.28
2846,Product_2846,Furniture,407.21,242.19
2847,Product_2847,Sports,37.17,22.11
2848,Product_2848,Sports,109.51,65.13
2849,Product_2849,Furniture,161.12,95.83
2850,Product_2850,Clothing,196.8,117.05
2851,Product_2851,Furniture,335.33,199.44
2852,Product_2852,Grocery,337.63,200.81
2853,Product_2853,Clothing,193.46,115.06
2854,Product_2854,Clothing,477.35,283.91
2855,Product_2855,Grocery,248.26,147.66
2856,Product_2856,Grocery,137.74,81.92
2857,Product_2857,Grocery,391.81,233.04
2858,Product_2858,Clothing,439.25,261.25
2859,Product_2859,Electronics,487.6,290.01
2860,Product_2860,Furniture,87.7,52.16
2861,Product_2861,Furniture,191.01,113.61
2862,Product_2862,Sports,332.35,197.67
2863,Product_2863,Clothing,476.65,283.5
2864,Product_2864,Clothing,303.11,180.28
2865,Product_2865,Electronics,432.4,257.18
2866,Product_2866,Furniture,440.58,262.04
2867,Product_2867,Sports,269.74,160.43
2868,Product_2868,Grocery,40.79,24.26
2869,Product_2869,Electronics,450.29,267.82
2870,Product_2870,Sports,474.19,282.03
2871,Product_2871,Furniture,278.48,165.63
2872,Product_2872,Sports,126.1,75
2873,Product_2873,Electronics,416.26,247.58
2874,Product_2874,Sports,14.08,8.37
2875,Product_2875,Furniture,391.64,232.93
2876,Product_2876,Sports,171.69,102.12
2877,Product_2877,Furniture,412.84,245.54
2878,Product_2878,Clothing,116.73,69.43
2879,Product_2879,Furniture,33.44,19.89
2880,Product_2880,Clothing,73.35,43.63
2881,Product_2881,Electronics,485.2,288.58
2882,Product_2882,Sports,128.27,76.29
2883,Product_2883,Electronics,418.04,248.64
2884,Product_2884,Electronics,210.55,125.23
2885,Product_2885,Grocery,424.9,252.72
2886,Product_2886,Clothing,410.54,244.18
2887,Product_2887,Grocery,398.95,237.28
2888,Product_2888,Electronics,382.73,227.63
2889,Product_2889,Sports,493.03,293.24
2890,Product_2890,Electronics,133.67,79.5
2891,Product_2891,Furniture,411.63,244.82
2892,Product_2892,Grocery,344.62,204.97
2893,Product_2893,Sports,449.77,267.51
2894,Product_2894,Sports,441.88,262.82
2895,Product_2895,Electronics,379.58,225.76
2896,Product_2896,Sports,461.61,274.55
2897,Product_2897,Electronics,371.91,221.2
2898,Product_2898,Sports,311.34,185.17
2899,Product_2899,Clothing,331.95,197.43
2900,Product_2900,Grocery,343.68,204.41
2901,Product_2901,Electronics,101.43,60.33
2902,Product_2902,Clothing,261.2,155.35
2903,Product_2903,Sports,189.97,112.99
2904,Product_2904,Sports,225.54,134.14
2905,Product_2905,Electronics,67.12,39.92
2906,Product_2906,Clothing,355.97,211.72
2907,Product_2907,Sports,196.91,117.12
2908,Product_2908,Sports,343.34,204.21
2909,Product_2909,Sports,142.8,84.93
2910,Product_2910,Clothing,225.93,134.38
2911,Product_2911,Electronics,344.17,204.7
2912,Product_2912,Grocery,492.82,293.11
2913,Product_2913,Grocery,163.77,97.4
2914,Product_2914,Furniture,135.05,80.32
2915,Product_2915,Furniture,53.2,31.64
2916,Product_2916,Furniture,346.74,206.23
2917,Product_2917,Furniture,54.55,32.44
2918,Product_2918,Sports,143.41,85.3
2919,Product_2919,Grocery,377.99,224.82
2920,Product_2920,Electronics,462.79,275.25
2921,Product_2921,Grocery,341.91,203.36
2922,Product_2922,Clothing,6.71,3.99
2923,Product_2923,Sports,211.02,125.51
2924,Product_2924,Electronics,167.75,99.77
2925,Product_2925,Electronics,344.39,204.83
2926,Product_2926,Grocery,441.45,262.56
2927,Product_2927,Electronics,438.96,261.08
2928,Product_2928,Grocery,407.37,242.29
2929,Product_2929,Sports,454.38,270.25
2930,Product_2930,Electronics,492.4,292.86
2931,Product_2931,Clothing,302.38,179.85
2932,Product_2932,Grocery,327.52,194.8
2933,Product_2933,Electronics,230.77,137.25
2934,Product_2934,Sports,133.04,79.13
2935,Product_2935,Electronics,70.87,42.15
2936,Product_2936,Furniture,448.59,266.81
2937,Product_2937,Furniture,478.24,284.44
2938,Product_2938,Sports,385.33,229.18
2939,Product_2939,Grocery,245.08,145.77
2940,Product_2940,Clothing,147.12,87.5
2941,Product_2941,Furniture,167.24,99.47
2942,Product_2942,Sports,307.94,183.15
2943,Product_2943,Furniture,122.52,72.87
2944,Product_2944,Grocery,355.75,211.59
2945,Product_2945,Sports,40.05,23.82
2946,Product_2946,Furniture,241.11,143.4
2947,Product_2947,Furniture,82,48.77
2948,Product_2948,Grocery,112.53,66.93
2949,Product_2949,Electronics,493.48,293.5
2950,Product_2950,Furniture,448.65,266.84
2951,Product_2951,Grocery,266.91,158.75
2952,Product_2952,Furniture,217.61,129.43
2953,Product_2953,Grocery,98.32,58.48
2954,Product_2954,Clothing,183.49,109.13
2955,Product_2955,Grocery,343.93,204.56
2956,Product_2956,Clothing,273.52,162.68
2957,Product_2957,Electronics,228.58,135.95
2958,Product_2958,Sports,269.56,160.33
2959,Product_2959,Grocery,487.81,290.13
2960,Product_2960,Sports,31.87,18.96
2961,Product_2961,Grocery,64.19,38.18
2962,Product_2962,Furniture,194.37,115.6
2963,Product_2963,Clothing,15.28,9.09
2964,Product_2964,Sports,73.34,43.62
2965,Product_2965,Clothing,238,141.55
2966,Product_2966,Furniture,174.93,104.04
2967,Product_2967,Grocery,479.67,285.29
2968,Product_2968,Sports,36.25,21.56
2969,Product_2969,Clothing,271.52,161.49
2970,Product_2970,Furniture,351.95,209.33
2971,Product_2971,Clothing,137.62,81.85
2972,Product_2972,Furniture,246.41,146.56
2973,Product_2973,Sports,428.66,254.95
2974,Product_2974,Electronics,402,239.1
2975,Product_2975,Grocery,21.51,12.79
2976,Product_2976,Grocery,47.03,27.97
2977,Product_2977,Sports,299.84,178.33
2978,Product_2978,Electronics,321.96,191.49
2979,Product_2979,Furniture,151.99,90.4
2980,Product_2980,Clothing,190.55,113.33
2981,Product_2981,Grocery,96.77,57.56
2982,Product_2982,Furniture,13.84,8.23
2983,Product_2983,Grocery,124.78,74.21
2984,Product_2984,Clothing,90.15,53.62
2985,Product_2985,Grocery,279.98,166.52
2986,Product_2986,Furniture,293,174.27
2987,Product_2987,Electronics,388.55,231.1
2988,Product_2988,Grocery,44.31,26.35
2989,Product_2989,Clothing,316.12,188.02
2990,Product_2990,Sports,353.48,210.24
2991,Product_2991,Grocery,52.31,31.11
2992,Product_2992,Furniture,49.33,29.34
2993,Product_2993,Electronics,234.89,139.7
2994,Product_2994,Sports,15.11,8.99
2995,Product_2995,Grocery,238.29,141.73
2996,Product_2996,Grocery,72.81,43.3
2997,Product_2997,Clothing,17.58,10.46
2998,Product_2998,Grocery,392.24,233.29
2999,Product_2999,Electronics,295.64,175.84
3000,Product_3000,Furniture,390.4,232.2
3001,Product_3001,Electronics,94.61,56.27
3002,Product_3002,Grocery,421.42,250.65
3003,Product_3003,Electronics,145.23,86.38
3004,Product_3004,Furniture,386.24,229.72
3005,Product_3005,Electronics,153.38,91.23
3006,Product_3006,Grocery,340.29,202.39
3007,Product_3007,Sports,286.97,170.68
3008,Product_3008,Clothing,126.36,75.15
3009,Product_3009,Sports,446.99,265.85
3010,Product_3010,Grocery,321.36,191.13
3011,Product_3011,Sports,211.32,125.69
3012,Product_3012,Grocery,261.89,155.76
3013,Product_3013,Grocery,63.36,37.68
3014,Product_3014,Furniture,28.08,16.7
3015,Product_3015,Electronics,76.49,45.49
3016,Product_3016,Grocery,429.33,255.35
3017,Product_3017,Clothing,361.13,214.79
3018,Product_3018,Sports,117.61,69.95
3019,Product_3019,Sports,19.82,11.79
3020,Product_3020,Clothing,65.58,39
3021,Product_3021,Clothing,20.22,12.03
3022,Product_3022,Electronics,332.23,197.6
3023,Product_3023,Clothing,223.54,132.95
3024,Product_3024,Furniture,311.11,185.04
3025,Product_3025,Grocery,440.91,262.24
3026,Product_3026,Sports,145.55,86.57
3027,Product_3027,Grocery,279.31,166.12
3028,Product_3028,Electronics,394.7,234.75
3029,Product_3029,Sports,139.65,83.06
3030,Product_3030,Sports,243.1,144.59
3031,Product_3031,Grocery,255.88,152.19
3032,Product_3032,Clothing,340.79,202.69
3033,Product_3033,Grocery,5.04,3
3034,Product_3034,Electronics,16.21,9.64
3035,Product_3035,Clothing,45.64,27.15
3036,Product_3036,Electronics,94.96,56.48
3037,Product_3037,Sports,90.04,53.55
3038,Product_3038,Sports,109,64.83
3039,Product_3039,Electronics,237.56,141.29
3040,Product_3040,Clothing,398.94,237.28
3041,Product_3041,Electronics,216.51,128.77
3042,Product_3042,Clothing,219.72,130.68
3043,Product_3043,Clothing,419.39,249.44
3044,Product_3044,Grocery,245.75,146.16
3045,Product_3045,Furniture,225.93,134.38
3046,Product_3046,Sports,177.72,105.7
3047,Product_3047,Furniture,239.46,142.42
3048,Product_3048,Sports,356.54,212.06
3049,Product_3049,Electronics,361.54,215.03
3050,Product_3050,Grocery,396.51,235.83
3051,Product_3051,Sports,40.64,24.17
3052,Product_3052,Electronics,302.69,180.03
3053,Product_3053,Clothing,325.43,193.55
3054,Product_3054,Sports,430.34,255.95
3055,Product_3055,Grocery,12.32,7.33
3056,Product_3056,Clothing,297.1,176.7
3057,Product_3057,Furniture,78.44,46.65
3058,Product_3058,Grocery,318.67,189.53
3059,Product_3059,Electronics,290.79,172.95
3060,Product_3060,Furniture,71.28,42.39
3061,Product_3061,Electronics,239.07,142.19
3062,Product_3062,Sports,492.9,293.16
3063,Product_3063,Sports,389.23,231.5
3064,Product_3064,Clothing,199.67,118.76
3065,Product_3065,Electronics,20.63,12.27
3066,Product_3066,Sports,318.89,189.66
3067,Product_3067,Electronics,79.95,47.55
3068,Product_3068,Electronics,158.02,93.98
3069,Product_3069,Clothing,389.61,231.73
3070,Product_3070,Electronics,222.92,132.59
3071,Product_3071,Sports,211.51,125.8
3072,Product_3072,Grocery,75.65,44.99
3073,Product_3073,Clothing,302.49,179.91
3074,Product_3074,Sports,188.27,111.98
3075,Product_3075,Furniture,331.76,197.32
3076,Product_3076,Sports,412.85,245.55
3077,Product_3077,Sports,293.85,174.77
3078,Product_3078,Clothing,384.02,228.4
3079,Product_3079,Clothing,270.18,160.69
3080,Product_3080,Clothing,145.34,86.44
3081,Product_3081,Grocery,367.7,218.7
3082,Product_3082,Grocery,355.31,211.33
3083,Product_3083,Furniture,406.93,242.03
3084,Product_3084,Clothing,95.17,56.6
3085,Product_3085,Furniture,200.32,119.14
3086,Product_3086,Clothing,59.08,35.14
3087,Product_3087,Sports,331.88,197.39
3088,Product_3088,Sports,404.81,240.77
3089,Product_3089,Grocery,179.56,106.8
3090,Product_3090,Sports,435.01,258.73
3091,Product_3091,Electronics,244.23,145.26
3092,Product_3092,Electronics,446.21,265.39
3093,Product_3093,Furniture,17.31,10.3
3094,Product_3094,Clothing,186.26,110.78
3095,Product_3095,Sports,333.61,198.42
3096,Product_3096,Furniture,23.51,13.98
3097,Product_3097,Electronics,489.33,291.04
3098,Product_3098,Furniture,11.83,7.04
3099,Product_3099,Furniture,107.06,63.68
3100,Product_3100,Furniture,351.47,209.04
3101,Product_3101,Grocery,86.4,51.39
3102,Product_3102,Furniture,114.53,68.12
3103,Product_3103,Sports,75.65,44.99
3104,Product_3104,Sports,23.67,14.08
3105,Product_3105,Grocery,142.04,84.48
3106,Product_3106,Grocery,289.62,172.26
3107,Product_3107,Grocery,24.59,14.63
3108,Product_3108,Furniture,331.63,197.24
3109,Product_3109,Furniture,397.8,236.6
3110,Product_3110,Electronics,211.02,125.51
3111,Product_3111,Clothing,385.01,228.99
3112,Product_3112,Electronics,342.62,203.78
3113,Product_3113,Furniture,407.36,242.28
3114,Product_3114,Furniture,202.86,120.65
3115,Product_3115,Sports,457.38,272.03
3116,Product_3116,Sports,364.39,216.73
3117,Product_3117,Electronics,76.05,45.23
3118,Product_3118,Furniture,418.36,248.83
3119,Product_3119,Furniture,109.8,65.31
3120,Product_3120,Grocery,181.13,107.73
3121,Product_3121,Grocery,108.03,64.25
3122,Product_3122,Furniture,181.05,107.68
3123,Product_3123,Electronics,387.12,230.25
3124,Product_3124,Grocery,309.65,184.17
3125,Product_3125,Furniture,169.69,100.93
3126,Product_3126,Furniture,306.62,182.37
3127,Product_3127,Sports,228.76,136.06
3128,Product_3128,Furniture,329.85,196.18
3129,Product_3129,Sports,288.44,171.55
3130,Product_3130,Electronics,270.11,160.65
3131,Product_3131,Electronics,240.33,142.94
3132,Product_3132,Grocery,457.97,272.38
3133,Product_3133,Furniture,354.9,211.08
3134,Product_3134,Grocery,240.28,142.91
3135,Product_3135,Clothing,117.9,70.12
3136,Product_3136,Clothing,99.55,59.21
3137,Product_3137,Electronics,263.86,156.93
3138,Product_3138,Electronics,183.9,109.38
3139,Product_3139,Electronics,235.21,139.89
3140,Product_3140,Electronics,412.44,245.31
3141,Product_3141,Furniture,372.33,221.45
3142,Product_3142,Clothing,87.85,52.25
3143,Product_3143,Sports,465.49,276.86
3144,Product_3144,Grocery,421.21,250.52
3145,Product_3145,Sports,343.42,204.25
3146,Product_3146,Clothing,350.63,208.54
3147,Product_3147,Grocery,357.34,212.53
3148,Product_3148,Electronics,226.87,134.93
3149,Product_3149,Grocery,495.23,294.55
3150,Product_3150,Clothing,69.68,41.44
3151,Product_3151,Furniture,481.68,286.49
3152,Product_3152,Furniture,284.21,169.04
3153,Product_3153,Furniture,243.89,145.06
3154,Product_3154,Furniture,164.15,97.63
3155,Product_3155,Clothing,285.6,169.87
3156,Product_3156,Electronics,106.01,63.05
3157,Product_3157,Furniture,295.4,175.69
3158,Product_3158,Clothing,115.11,68.46
3159,Product_3159,Furniture,496.79,295.47
3160,Product_3160,Grocery,102,60.67
3161,Product_3161,Furniture,191.44,113.86
3162,Product_3162,Electronics,246.75,146.76
3163,Product_3163,Clothing,238.21,141.68
3164,Product_3164,Furniture,127.02,75.55
3165,Product_3165,Furniture,166.19,98.84
3166,Product_3166,Sports,107.63,64.01
3167,Product_3167,Clothing,46.29,27.53
3168,Product_3168,Sports,204.24,121.47
3169,Product_3169,Clothing,57.86,34.41
3170,Product_3170,Clothing,143.7,85.47
3171,Product_3171,Clothing,258.2,153.57
3172,Product_3172,Clothing,61.17,36.38
3173,Product_3173,Electronics,255.19,151.78
3174,Product_3174,Furniture,172.79,102.77
3175,Product_3175,Furniture,64.99,38.65
3176,Product_3176,Sports,357.21,212.46
3177,Product_3177,Furniture,293.62,174.64
3178,Product_3178,Electronics,373.95,222.41
3179,Product_3179,Sports,334.95,199.22
3180,Product_3180,Electronics,320.22,190.46
3181,Product_3181,Electronics,68.38,40.67
3182,Product_3182,Clothing,277.29,164.92
3183,Product_3183,Electronics,119.17,70.88
3184,Product_3184,Sports,240.51,143.05
3185,Product_3185,Furniture,30.11,17.91
3186,Product_3186,Grocery,388.74,231.21
3187,Product_3187,Clothing,181.97,108.23
3188,Product_3188,Grocery,467.82,278.24
3189,Product_3189,Sports,145.27,86.4
3190,Product_3190,Sports,420.74,250.24
3191,Product_3191,Sports,184.59,109.79
3192,Product_3192,Furniture,76.17,45.3
3193,Product_3193,Grocery,95.56,56.84
3194,Product_3194,Clothing,115.89,68.93
3195,Product_3195,Electronics,227.37,135.23
3196,Product_3196,Grocery,496.46,295.28
3197,Product_3197,Clothing,425.45,253.04
3198,Product_3198,Furniture,468.7,278.77
3199,Product_3199,Sports,56.69,33.72
3200,Product_3200,Electronics,171.93,102.26
3201,Product_3201,Clothing,307.71,183.02
3202,Product_3202,Clothing,68.3,40.62
3203,Product_3203,Electronics,470.3,279.72
3204,Product_3204,Sports,448.17,266.56
3205,Product_3205,Furniture,332.27,197.62
3206,Product_3206,Grocery,290.46,172.76
3207,Product_3207,Grocery,12.03,7.16
3208,Product_3208,Electronics,230.89,137.33
3209,Product_3209,Grocery,355.06,211.18
3210,Product_3210,Furniture,422.49,251.28
3211,Product_3211,Sports,268.1,159.46
3212,Product_3212,Clothing,395.7,235.35
3213,Product_3213,Clothing,339.19,201.74
3214,Product_3214,Clothing,101.19,60.18
3215,Product_3215,Electronics,492.72,293.05
3216,Product_3216,Sports,164.06,97.58
3217,Product_3217,Sports,93.36,55.53
3218,Product_3218,Grocery,263.56,156.76
3219,Product_3219,Clothing,192.16,114.29
3220,Product_3220,Furniture,411.4,244.69
3221,Product_3221,Clothing,268.45,159.66
3222,Product_3222,Furniture,432.5,257.24
3223,Product_3223,Sports,371.79,221.13
3224,Product_3224,Electronics,363.74,216.34
3225,Product_3225,Clothing,280.02,166.55
3226,Product_3226,Sports,119.7,71.19
3227,Product_3227,Clothing,103.23,61.4
3228,Product_3228,Clothing,28.08,16.7
3229,Product_3229,Electronics,331.82,197.36
3230,Product_3230,Clothing,314.63,187.13
3231,Product_3231,Grocery,428.81,255.04
3232,Product_3232,Furniture,191.84,114.1
3233,Product_3233,Clothing,475.29,282.69
3234,Product_3234,Electronics,341.78,203.28
3235,Product_3235,Clothing,348.45,207.25
3236,Product_3236,Sports,243.29,144.7
3237,Product_3237,Electronics,163.11,97.01
3238,Product_3238,Sports,257.81,153.34
3239,Product_3239,Furniture,210.95,125.47
3240,Product_3240,Grocery,157.99,93.97
3241,Product_3241,Grocery,37.57,22.35
3242,Product_3242,Clothing,251.17,149.39
3243,Product_3243,Electronics,336.29,200.01
3244,Product_3244,Sports,98.02,58.3
3245,Product_3245,Electronics,180.27,107.22
3246,Product_3246,Sports,412.49,245.33
3247,Product_3247,Grocery,26.91,16.01
3248,Product_3248,Grocery,118.7,70.6
3249,Product_3249,Grocery,232.28,138.15
3250,Product_3250,Electronics,456.68,271.62
3251,Product_3251,Furniture,135.29,80.47
3252,Product_3252,Furniture,70.43,41.89
3253,Product_3253,Clothing,395.09,234.99
3254,Product_3254,Grocery,49.37,29.36
3255,Product_3255,Sports,238.62,141.92
3256,Product_3256,Electronics,343.15,204.09
3257,Product_3257,Clothing,481.15,286.17
3258,Product_3258,Electronics,128.85,76.64
3259,Product_3259,Clothing,269.03,160.01
3260,Product_3260,Clothing,464.58,276.32
3261,Product_3261,Furniture,81.65,48.56
3262,Product_3262,Sports,152.99,90.99
3263,Product_3263,Furniture,278.1,165.4
3264,Product_3264,Electronics,90.61,53.89
3265,Product_3265,Sports,51.48,30.62
3266,Product_3266,Clothing,420.26,249.96
3267,Product_3267,Grocery,319.03,189.75
3268,Product_3268,Grocery,471.77,280.59
3269,Product_3269,Clothing,312.63,185.94
3270,Product_3270,Clothing,255.97,152.24
3271,Product_3271,Clothing,151.03,89.83
3272,Product_3272,Grocery,315.55,187.68
3273,Product_3273,Clothing,406.36,241.69
3274,Product_3274,Furniture,358.64,213.31
3275,Product_3275,Clothing,55.16,32.81
3276,Product_3276,Furniture,143.6,85.41
3277,Product_3277,Clothing,436.07,259.36
3278,Product_3278,Furniture,304.42,181.06
3279,Product_3279,Clothing,480.43,285.74
3280,Product_3280,Furniture,91.15,54.21
3281,Product_3281,Sports,228.55,135.93
3282,Product_3282,Clothing,250,148.69
3283,Product_3283,Clothing,172.84,102.8
3284,Product_3284,Furniture,287.83,171.19
3285,Product_3285,Clothing,33.45,19.89
3286,Product_3286,Electronics,489.2,290.96
3287,Product_3287,Sports,41.73,24.82
3288,Product_3288,Grocery,355.36,211.36
3289,Product_3289,Furniture,147.67,87.83
3290,Product_3290,Clothing,361.91,215.25
3291,Product_3291,Sports,261.49,155.53
3292,Product_3292,Clothing,45.13,26.84
3293,Product_3293,Clothing,408.93,243.22
3294,Product_3294,Grocery,38.13,22.68
3295,Product_3295,Clothing,214.3,127.46
3296,Product_3296,Sports,176.34,104.88
3297,Product_3297,Electronics,443.78,263.95
3298,Product_3298,Furniture,38.93,23.15
3299,Product_3299,Clothing,176.04,104.7
3300,Product_3300,Sports,161.5,96.05
3301,Product_3301,Furniture,272.67,162.17
3302,Product_3302,Furniture,241.9,143.87
3303,Product_3303,Clothing,21.04,12.51
3304,Product_3304,Sports,419.97,249.78
3305,Product_3305,Clothing,56.59,33.66
3306,Product_3306,Sports,282.19,167.84
3307,Product_3307,Sports,461.78,274.65
3308,Product_3308,Sports,311.87,185.49
3309,Product_3309,Furniture,171.98,102.29
3310,Product_3310,Electronics,395.19,235.05
3311,Product_3311,Furniture,233.02,138.59
3312,Product_3312,Furniture,227.1,135.07
3313,Product_3313,Clothing,193.14,114.87
3314,Product_3314,Furniture,104.65,62.24
3315,Product_3315,Clothing,480.67,285.89
3316,Product_3316,Sports,208.68,124.12
3317,Product_3317,Clothing,443.92,264.03
3318,Product_3318,Furniture,199.34,118.56
3319,Product_3319,Sports,169.18,100.62
3320,Product_3320,Grocery,27.44,16.32
3321,Product_3321,Sports,226.66,134.81
3322,Product_3322,Grocery,309.18,183.89
3323,Product_3323,Electronics,286.17,170.2
3324,Product_3324,Electronics,448.87,266.97
3325,Product_3325,Electronics,388.64,231.15
3326,Product_3326,Clothing,448.7,266.87
3327,Product_3327,Furniture,295.25,175.6
3328,Product_3328,Electronics,154.53,91.91
3329,Product_3329,Sports,310.23,184.51
3330,Product_3330,Clothing,25.02,14.88
3331,Product_3331,Sports,206.14,122.61
3332,Product_3332,Grocery,247.82,147.39
3333,Product_3333,Sports,16.8,9.99
3334,Product_3334,Grocery,45.93,27.32
3335,Product_3335,Furniture,441.14,262.37
3336,Product_3336,Sports,49.27,29.3
3337,Product_3337,Electronics,18.1,10.77
3338,Product_3338,Furniture,283.84,168.82
3339,Product_3339,Grocery,480.25,285.64
3340,Product_3340,Electronics,400.8,238.38
3341,Product_3341,Grocery,334.13,198.73
3342,Product_3342,Grocery,420.13,249.88
3343,Product_3343,Grocery,340.19,202.33
3344,Product_3344,Electronics,288.29,171.47
3345,Product_3345,Sports,269.31,160.18
3346,Product_3346,Furniture,353.21,210.08
3347,Product_3347,Clothing,17.73,10.55
3348,Product_3348,Clothing,235.76,140.22
3349,Product_3349,Furniture,165.37,98.36
3350,Product_3350,Electronics,461.65,274.57
3351,Product_3351,Electronics,165.44,98.4
3352,Product_3352,Sports,131.2,78.03
3353,Product_3353,Sports,397.12,236.19
3354,Product_3354,Electronics,224.02,133.24
3355,Product_3355,Sports,251.45,149.55
3356,Product_3356,Clothing,215.54,128.2
3357,Product_3357,Furniture,448,266.46
3358,Product_3358,Furniture,476.41,283.35
3359,Product_3359,Clothing,304.38,181.03
3360,Product_3360,Clothing,368.24,219.02
3361,Product_3361,Grocery,338.33,201.23
3362,Product_3362,Electronics,44.67,26.57
3363,Product_3363,Electronics,349.28,207.74
3364,Product_3364,Grocery,335.4,199.48
3365,Product_3365,Electronics,271.14,161.26
3366,Product_3366,Grocery,342.17,203.51
3367,Product_3367,Electronics,284.06,168.95
3368,Product_3368,Grocery,422.54,251.31
3369,Product_3369,Furniture,242.42,144.18
3370,Product_3370,Clothing,271.85,161.69
3371,Product_3371,Clothing,126.95,75.51
3372,Product_3372,Clothing,397.01,236.13
3373,Product_3373,Electronics,111.54,66.34
3374,Product_3374,Furniture,474.9,282.45
3375,Product_3375,Electronics,276.64,164.54
3376,Product_3376,Clothing,373.55,222.17
3377,Product_3377,Clothing,234.44,139.44
3378,Product_3378,Electronics,293.07,174.31
3379,Product_3379,Sports,251.33,149.48
3380,Product_3380,Clothing,396.48,235.81
3381,Product_3381,Electronics,290.05,172.51
3382,Product_3382,Furniture,234.58,139.52
3383,Product_3383,Furniture,387.53,230.49
3384,Product_3384,Furniture,42.48,25.27
3385,Product_3385,Grocery,146.05,86.87
3386,Product_3386,Sports,336.91,200.38
3387,Product_3387,Clothing,164.63,97.92
3388,Product_3388,Sports,138.06,82.11
3389,Product_3389,Furniture,473.48,281.61
3390,Product_3390,Sports,32.97,19.61
3391,Product_3391,Furniture,243.8,145
3392,Product_3392,Sports,371.32,220.85
3393,Product_3393,Sports,79.16,47.08
3394,Product_3394,Sports,94.19,56.02
3395,Product_3395,Electronics,436.19,259.43
3396,Product_3396,Clothing,261.36,155.45
3397,Product_3397,Furniture,168.72,100.35
3398,Product_3398,Electronics,204.43,121.59
3399,Product_3399,Sports,92.51,55.02
3400,Product_3400,Sports,472.13,280.81
3401,Product_3401,Electronics,443.92,264.03
3402,Product_3402,Sports,164.16,97.64
3403,Product_3403,Grocery,43.43,25.83
3404,Product_3404,Electronics,85.63,50.93
3405,Product_3405,Furniture,187.68,111.63
3406,Product_3406,Grocery,160.43,95.42
3407,Product_3407,Grocery,57.79,34.37
3408,Product_3408,Sports,252.04,149.9
3409,Product_3409,Furniture,188.13,111.89
3410,Product_3410,Electronics,222.51,132.34
3411,Product_3411,Electronics,290.62,172.85
3412,Product_3412,Electronics,147.67,87.83
3413,Product_3413,Furniture,132.53,78.82
3414,Product_3414,Furniture,399.29,237.48
3415,Product_3415,Sports,413.12,245.71
3416,Product_3416,Furniture,370.99,220.65
3417,Product_3417,Grocery,177.23,105.41
3418,Product_3418,Grocery,395.91,235.47
3419,Product_3419,Grocery,72.83,43.32
3420,Product_3420,Grocery,255.89,152.19
3421,Product_3421,Grocery,322.48,191.8
3422,Product_3422,Furniture,19.9,11.84
3423,Product_3423,Electronics,115.52,68.71
3424,Product_3424,Grocery,140.39,83.5
3425,Product_3425,Clothing,178.33,106.06
3426,Product_3426,Sports,118.68,70.59
3427,Product_3427,Furniture,117.68,69.99
3428,Product_3428,Electronics,26,15.46
3429,Product_3429,Furniture,310.49,184.67
3430,Product_3430,Furniture,132.88,79.03
3431,Product_3431,Clothing,354.13,210.62
3432,Product_3432,Grocery,288.41,171.54
3433,Product_3433,Grocery,204.12,121.4
3434,Product_3434,Sports,350.25,208.32
3435,Product_3435,Furniture,265.41,157.86
3436,Product_3436,Sports,261.56,155.57
3437,Product_3437,Grocery,249.46,148.37
3438,Product_3438,Sports,157.07,93.42
3439,Product_3439,Clothing,178.71,106.29
3440,Product_3440,Sports,9.84,5.85
3441,Product_3441,Furniture,349.76,208.03
3442,Product_3442,Grocery,263.3,156.6
3443,Product_3443,Electronics,448.37,266.68
3444,Product_3444,Electronics,177.52,105.58
3445,Product_3445,Furniture,412.63,245.42
3446,Product_3446,Clothing,109.91,65.37
3447,Product_3447,Clothing,289.56,172.22
3448,Product_3448,Electronics,330.55,196.6
3449,Product_3449,Clothing,194.85,115.89
3450,Product_3450,Electronics,453.06,269.46
3451,Product_3451,Furniture,108.04,64.26
3452,Product_3452,Clothing,246.28,146.48
3453,Product_3453,Sports,31.06,18.47
3454,Product_3454,Electronics,128.51,76.43
3455,Product_3455,Grocery,283.57,168.66
3456,Product_3456,Sports,334.59,199
3457,Product_3457,Sports,253.43,150.73
3458,Product_3458,Clothing,7.9,4.7
3459,Product_3459,Clothing,292.93,174.22
3460,Product_3460,Furniture,398.12,236.79
3461,Product_3461,Clothing,237.55,141.29
3462,Product_3462,Clothing,352.79,209.83
3463,Product_3463,Electronics,340.7,202.64
3464,Product_3464,Furniture,233.65,138.97
3465,Product_3465,Sports,257.43,153.11
3466,Product_3466,Grocery,275.81,164.04
3467,Product_3467,Clothing,58.93,35.05
3468,Product_3468,Electronics,37.11,22.07
3469,Product_3469,Sports,261.37,155.45
3470,Product_3470,Electronics,249.24,148.24
3471,Product_3471,Clothing,146.86,87.35
3472,Product_3472,Clothing,41.41,24.63
3473,Product_3473,Clothing,420.99,250.39
3474,Product_3474,Electronics,429.44,255.42
3475,Product_3475,Grocery,292.14,173.75
3476,Product_3476,Grocery,86.77,51.61
3477,Product_3477,Electronics,290.65,172.87
3478,Product_3478,Electronics,23.44,13.94
3479,Product_3479,Furniture,97.35,57.9
3480,Product_3480,Electronics,21.08,12.54
3481,Product_3481,Clothing,414.73,246.67
3482,Product_3482,Grocery,380.07,226.05
3483,Product_3483,Electronics,97.8,58.17
3484,Product_3484,Sports,179.12,106.53
3485,Product_3485,Furniture,488.18,290.35
3486,Product_3486,Sports,8.87,5.28
3487,Product_3487,Clothing,304.5,181.11
3488,Product_3488,Clothing,237.44,141.22
3489,Product_3489,Clothing,66.62,39.62
3490,Product_3490,Grocery,348.7,207.39
3491,Product_3491,Furniture,8.8,5.23
3492,Product_3492,Sports,433.43,257.79
3493,Product_3493,Grocery,248.16,147.6
3494,Product_3494,Grocery,324.83,193.2
3495,Product_3495,Sports,24.83,14.77
3496,Product_3496,Electronics,374.56,222.78
3497,Product_3497,Furniture,290.7,172.9
3498,Product_3498,Electronics,288.22,171.42
3499,Product_3499,Clothing,202.43,120.4
3500,Product_3500,Furniture,459.04,273.02
